text,command,data,category
Send the email saying standup moved to 10am,email_send,standup moved to 10am,
Apply underline to good night,underline,good night,
Delete important information,search_delete,important information,
Apply underline to the bug is fixed,underline,the bug is fixed,
make in place of this into underlined,underline,in place of this,
Finish and send with the text the build is green,email_send,the build is green,
Summarise the key points of sensitive relationship issues,ai_refine,summarise the key points,relationship sensitivities
Take me to my DMs,navigate_dm,,
Send the email saying let's sync after the meeting,email_send,let's sync after the meeting,
Summarize the key points of relationship concerns,ai_refine,summarize the key points,relationship sensitivities
Make that bold,bold,that,
Throw this email away,email_delete,,
Open the chat page,navigate_dm,,
Start a new email with the subject the security update,email_compose,the security update,
make the bug is fixed into italic,italic,the bug is fixed,
Send this email saying the client call is confirmed,email_send,the client call is confirmed,
Make this section more concise and impactful for priority pipeline deals,ai_refine,make this section more concise and impactful,pipeline deals
Tell me a joke,unknown,,
Send this email on,email_forward,,
Write please update the ticket,dm_send,please update the ticket,
Archive this thread,unknown,,
Delete the last sentence,prev_sentence_delete,,
Underline see you soon,underline,see you soon,
Find the chat about annual report,dm_search,annual report,
Go to my inbox,navigate_email,,
What's on my calendar?,unknown,,
Delete customer onboarding,search_delete,customer onboarding,
Write the build is green,dm_send,the build is green,
Reply to the email: the deploy is scheduled for tonight,email_reply,the deploy is scheduled for tonight,
Remove the chat,dm_delete,,
Identify the most important points in sensitive relationship issues,ai_refine,identify the most important points,relationship sensitivities
set that to bolded,bold,that,
Apply underline to on top of it,underline,on top of it,
Switch to email,navigate_email,,
Send a chat message: the server is back up,dm_send,the server is back up,
Make Good morning everyone italic,italic,Good morning everyone,
Navigate to messages,navigate_dm,,
Summarize the key points of recent client relationship changes,ai_refine,summarize the key points,recent relationship developments
Please make the ticket is closed italic,italic,the ticket is closed,
Reply to this email saying I'll be late today,email_reply,I'll be late today,
Go to chat,navigate_dm,,
Flag the main risks in new relationship developments,ai_refine,flag the main risks,recent relationship developments
Send a message saying the client call is confirmed,dm_send,the client call is confirmed,
Write Please review this document.,add_text,Please review this document.,
Find the chat about meeting notes,dm_search,meeting notes,
Highlight the key items in topics to discuss,ai_refine,highlight the key items,discussion points
Open my email,navigate_email,,
Please make Customer onboarding is complete. italic,italic,Customer onboarding is complete.,
Erase machine learning,search_delete,machine learning,
Remove the previous sentence,prev_sentence_delete,,
set welcome aboard to italicized,italic,welcome aboard,
Send the report is ready,dm_send,the report is ready,
Open the email page,navigate_email,,
Write the build is green,dm_send,the build is green,
Bold the client is happy,bold,the client is happy,
Find the email about customer experience,email_search,customer experience,
Set welcome aboard to bold,bold,welcome aboard,
Schedule a meeting,unknown,,
Bold Artificial intelligence is changing the world.,bold,Artificial intelligence is changing the world.,
set the security patch to bolded,bold,the security patch,
Highlight recent relationship developments for discussion points,ai_refine,highlight recent relationship developments,discussion points
Search my email for customer relationship management,email_search,customer relationship management,
Send this email saying the deploy is scheduled for tonight,email_send,the deploy is scheduled for tonight,
Summarize the key points of key deals in the pipeline,ai_refine,summarize the key points,pipeline deals
Type Hello everyone,add_text,Hello everyone,
Send a chat message: the server is back up,dm_send,the server is back up,
Set important information to bold,bold,important information,
Schedule a meeting,unknown,,
Send the email with the message the report is ready,email_send,the report is ready,
Make take care bold,bold,take care,
Open my messages,navigate_dm,,
Summarise what we need to achieve in the meeting,ai_refine,summarise what we need to achieve in the meeting,key meeting objectives
Set for now to italic,italic,for now,
make Machine learning is useful. into bold,bold,Machine learning is useful.,
make at the end of it to bold,bold,at the end of it,
Write the server is back up,dm_send,the server is back up,
Flag the highest-value opportunities in the pipeline,ai_refine,flag the highest-value opportunities in the pipeline,pipeline deals
Reply to this email saying the deploy is scheduled for tonight,email_reply,the deploy is scheduled for tonight,
Reply with the server is back up,dm_reply,the server is back up,
Delete the last sentence,prev_sentence_delete,,
Delete this thread,dm_delete,,
List any pending issues or complaints from this client,ai_refine,list any pending issues or complaints from this client,relationship sensitivities
Open my messages,navigate_dm,,
make good afternoon to italic,italic,good afternoon,
Start a new email with the subject meeting notes,email_compose,meeting notes,
make keep it up to bold,bold,keep it up,
make Quarterly earnings are up 10%. italic,italic,Quarterly earnings are up 10%.,
make Machine learning is useful. into bold,bold,Machine learning is useful.,
Delete this chat,dm_delete,,
Search my email for Google,email_search,Google,
Delete this email,email_delete,,
Find emails about meeting notes,email_search,meeting notes,
Search messages for Amazon,dm_search,Amazon,
Which pipeline deals should we prioritise,ai_refine,which pipeline deals should we prioritise,pipeline deals
Bold Today is a beautiful day.,bold,Today is a beautiful day.,
make customer onboarding into italic,italic,customer onboarding,
Remove this message,dm_delete,,
Search for Apple in my inbox,email_search,Apple,
Remove this email,email_delete,,
Remove this email,email_delete,,
Highlight recent relationship developments for discussion points,ai_refine,highlight recent relationship developments,discussion points
Show me my emails,navigate_email,,
Can you open email for me?,navigate_email,,
Post the message let's sync after the meeting,dm_send,let's sync after the meeting,
Forward this email to someone,email_forward,,
Remove the previous sentence,prev_sentence_delete,,
Erase meeting notes,search_delete,meeting notes,
Search for Amazon in my inbox,email_search,Amazon,
Remove the chat,dm_delete,,
Delete the previous sentence,prev_sentence_delete,,
Show me my chats,navigate_dm,,
Reply to this email saying we hit the quarterly target,email_reply,we hit the quarterly target,
make Machine learning is useful. to underlined,underline,Machine learning is useful.,
Flag the highest-value opportunities in the pipeline,ai_refine,flag the highest-value opportunities in the pipeline,pipeline deals
Send a reply saying the client call is confirmed,dm_reply,the client call is confirmed,
underline Artificial intelligence is changing the world.,underline,Artificial intelligence is changing the world.,
Look up emails about Conclusion,email_search,Conclusion,
Turn the important items into discussion points,ai_refine,turn the important items into discussion points,discussion points
Remove the previous sentence,prev_sentence_delete,,
set how are you to underline,underline,how are you,
Throw this email away,email_delete,,
"Underline ""how was your day""",underline,how was your day,
Look up emails about customer onboarding,email_search,customer onboarding,
Compose an email about budget approval,email_compose,budget approval,
"Make ""them"" italic",italic,them,
"Underline ""long time no see""",underline,long time no see,
Italicize the pricing table,italic,the pricing table,
set the launch date to underline,underline,the launch date,
Trash this chat,dm_delete,,
Type The quick brown fox jumps over the lazy dog.,add_text,The quick brown fox jumps over the lazy dog.,
"Send this email, the body is the report is ready",email_send,the report is ready,
set by the way to bolded,bold,by the way,
Identify the most important points in key meeting objectives,ai_refine,identify the most important points,key meeting objectives
Draft an email about meeting notes,email_compose,meeting notes,
Write we hit the quarterly target,dm_send,we hit the quarterly target,
Find conversations about Apple,dm_search,Apple,
Rewrite recent relationship developments to be more concise,ai_refine,rewrite to be more concise,recent relationship developments
Reply to this email: the build is green,email_reply,the build is green,
Add The quick brown fox jumps over the lazy dog.,add_text,The quick brown fox jumps over the lazy dog.,
Reply saying please update the ticket,dm_reply,please update the ticket,
Add more detail and supporting context to points for discussion,ai_refine,add more detail and supporting context,discussion points
Find the email about Microsoft,email_search,Microsoft,
Reply with the deploy is scheduled for tonight,email_reply,the deploy is scheduled for tonight,
Add useful context to relationship sensitivities,ai_refine,add useful context,relationship sensitivities
Search for financial report in my inbox,email_search,financial report,
Forward it,email_forward,,
Show me my chats,navigate_dm,,
Flag the highest-value opportunities in the pipeline,ai_refine,flag the highest-value opportunities in the pipeline,pipeline deals
Put Welcome to the meeting into the document,add_text,Welcome to the meeting,
underline the bug is fixed,underline,the bug is fixed,
"Send this email, the body is standup moved to 10am",email_send,standup moved to 10am,
Finish and send with the text we hit the quarterly target,email_send,we hit the quarterly target,
Set the bug is fixed to italic,italic,the bug is fixed,
Reply with the deploy is scheduled for tonight,dm_reply,the deploy is scheduled for tonight,
Take me to my DMs,navigate_dm,,
Forward this email to someone,email_forward,,
Open my messages,navigate_dm,,
Add useful context to relationship sensitivities,ai_refine,add useful context,relationship sensitivities
Draft an email about customer onboarding,email_compose,customer onboarding,
make how was your day to underlined,underline,how was your day,
Flag the main risks in recent client relationship changes,ai_refine,flag the main risks,recent relationship developments
Apply underline to Apple,underline,Apple,
Delete this email,email_delete,,
Flag the highest-value opportunities in the pipeline,ai_refine,flag the highest-value opportunities in the pipeline,pipeline deals
Delete the previous sentence,prev_sentence_delete,,
Summarize the key points of critical meeting objectives,ai_refine,summarize the key points,key meeting objectives
Play some music,unknown,,
Remove this message,dm_delete,,
Message saying can you review my PR,dm_send,can you review my PR,
Delete the last sentence,prev_sentence_delete,,
Which pipeline deals should we prioritise,ai_refine,which pipeline deals should we prioritise,pipeline deals
Search my chats for financial report,dm_search,financial report,
Send this email on,email_forward,,
Respond to this email with we hit the quarterly target,email_reply,we hit the quarterly target,
Rewrite key discussion points to be more concise,ai_refine,rewrite to be more concise,discussion points
Highlight the key items in recent client relationship changes,ai_refine,highlight the key items,recent relationship developments
"Make ""the pricing table"" bold",bold,the pricing table,
Delete this thread,dm_delete,,
Set by the way to underlined,underline,by the way,
Draft an email about roadmap planning,email_compose,roadmap planning,
Say lunch at noon,dm_send,lunch at noon,
Set as well as it to bold,bold,as well as it,
Compose an email with the subject the sprint review,email_compose,the sprint review,
set Machine learning is useful. to italicized,italic,Machine learning is useful.,
Open the chat page,navigate_dm,,
Find the email about customer onboarding,email_search,customer onboarding,
Strengthen priority meeting objectives with clearer wording,ai_refine,strengthen with clearer wording,key meeting objectives
Delete this email,email_delete,,
Make take care bold,bold,take care,
Highlight recent relationship developments,ai_refine,highlight recent relationship developments,recent relationship developments
Reply with can you review my PR,dm_reply,can you review my PR,
"Make ""the deadline is friday"" bold",bold,the deadline is friday,
Underline how's it going,underline,how's it going,
"Make ""great job"" bold",bold,great job,
Say standup moved to 10am,dm_send,standup moved to 10am,
set have a nice day to underline,underline,have a nice day,
Put Customer onboarding is complete. into the document,add_text,Customer onboarding is complete.,
make Today is a beautiful day. bold,bold,Today is a beautiful day.,
What are the main points we should discuss,ai_refine,what are the main points we should discuss,discussion points
set next steps to italicized,italic,next steps,
Go to my inbox,navigate_email,,
Delete the current conversation,dm_delete,,
Make this section more concise and impactful for recent client developments,ai_refine,make this section more concise and impactful,recent relationship developments
Set as well as it to italic,italic,as well as it,
Find the chat about artificial intelligence,dm_search,artificial intelligence,
Add more detail and supporting context to client relationship risks,ai_refine,add more detail and supporting context,relationship sensitivities
Find emails about Microsoft,email_search,Microsoft,
Highlight the key items in new relationship developments,ai_refine,highlight the key items,recent relationship developments
Send can you review my PR,dm_send,can you review my PR,
Rewrite pipeline deals to be more concise,ai_refine,rewrite to be more concise,pipeline deals
Italicize This is a sample document,italic,This is a sample document,
Search my inbox for Q3 results,email_search,Q3 results,
Trash this email,email_delete,,
Call dave,unknown,,
Open my inbox,navigate_email,,
Send a chat message: can you review my PR,dm_send,can you review my PR,
Reply with the server is back up,email_reply,the server is back up,
Send a reply saying I'll be late today,email_reply,I'll be late today,
Find emails about customer experience,email_search,customer experience,
Bold machine learning,bold,machine learning,
Find emails about Conclusion,email_search,Conclusion,
Send it and say the build is green,email_send,the build is green,
Send I'll be late today,dm_send,I'll be late today,
Write Good morning everyone,add_text,Good morning everyone,
Find the chat about customer experience,dm_search,customer experience,
make it into underlined,underline,it,
Type and send the client call is confirmed,dm_send,the client call is confirmed,
Throw this email away,email_delete,,
make Q3 results to italic,italic,Q3 results,
Go to my inbox of messages,navigate_dm,,
Highlight recent relationship developments,ai_refine,highlight recent relationship developments,recent relationship developments
Turn priority meeting objectives into clear talking points,ai_refine,turn into clear talking points,key meeting objectives
Draft an email about the security update,email_compose,the security update,
Send a reply saying I'll be late today,email_reply,I'll be late today,
underline customer experience,underline,customer experience,
Show me my emails,navigate_email,,
Flag the highest-value opportunities in the pipeline,ai_refine,flag the highest-value opportunities in the pipeline,pipeline deals
"Make ""how have you been"" bold",bold,how have you been,
Reply to the email: the server is back up,email_reply,the server is back up,
Delete this thread,dm_delete,,
Search my email for Microsoft,email_search,Microsoft,
make Microsoft italic,italic,Microsoft,
Add useful context to new relationship developments,ai_refine,add useful context,recent relationship developments
make the launch date into underlined,underline,the launch date,
Write The project starts tomorrow.,add_text,The project starts tomorrow.,
Add Good morning everyone,add_text,Good morning everyone,
Send a reply saying the build is green,email_reply,the build is green,
make we shipped the release bold,bold,we shipped the release,
Bold Good morning everyone,bold,Good morning everyone,
Open my email,navigate_email,,
Show me emails about machine learning,email_search,machine learning,
Summarize the key points of discussion points,ai_refine,summarize the key points,discussion points
Search messages for customer onboarding,dm_search,customer onboarding,
Reply to this email: I'll be late today,email_reply,I'll be late today,
make keep it up to underlined,underline,keep it up,
Find the email about machine learning,email_search,machine learning,
Please make in other words italic,italic,in other words,
What time is it?,unknown,,
"Underline ""it""",underline,it,
make financial report to italic,italic,financial report,
make have a nice day into underlined,underline,have a nice day,
Throw this email away,email_delete,,
Delete this chat,dm_delete,,
Delete the previous sentence,prev_sentence_delete,,
Flag the highest-value opportunities in the pipeline,ai_refine,flag the highest-value opportunities in the pipeline,pipeline deals
Begin a new email regarding meeting notes,email_compose,meeting notes,
Type and send lunch at noon,dm_send,lunch at noon,
Switch to email,navigate_email,,
Italicize artificial intelligence,italic,artificial intelligence,
Type This is a sample document,add_text,This is a sample document,
"Underline ""the onboarding flow""",underline,the onboarding flow,
Delete this thread,dm_delete,,
Show me chats about machine learning,dm_search,machine learning,
Answer with can you review my PR,dm_reply,can you review my PR,
Highlight recent relationship developments for discussion points,ai_refine,highlight recent relationship developments,discussion points
New email about meeting notes,email_compose,meeting notes,
Show me emails about meeting notes,email_search,meeting notes,
Type Hello everyone,add_text,Hello everyone,
Throw this email away,email_delete,,
Can you open chat for me?,navigate_dm,,
Forward this email,email_forward,,
Add more detail and supporting context to key deals in the pipeline,ai_refine,add more detail and supporting context,pipeline deals
Respond with I'll be late today,dm_reply,I'll be late today,
What's on my calendar?,unknown,,
Search my DMs for meeting notes,dm_search,meeting notes,
Send a reply saying the server is back up,email_reply,the server is back up,
Italicize the client is happy,italic,the client is happy,
Remove the previous sentence,prev_sentence_delete,,
Set those to bold,bold,those,
underline The project starts tomorrow.,underline,The project starts tomorrow.,
Compose an email with the subject meeting notes,email_compose,meeting notes,
Forward the current email,email_forward,,
Say the server is back up,dm_send,the server is back up,
Remove the previous sentence,prev_sentence_delete,,
Search for important information in my inbox,email_search,important information,
Reply to the email: the server is back up,email_reply,the server is back up,
Show me emails about customer onboarding,email_search,customer onboarding,
Send the email saying lunch at noon,email_send,lunch at noon,
Add Please review this document.,add_text,Please review this document.,
Show me emails about customer onboarding,email_search,customer onboarding,
Forward this email,email_forward,,
Type Good morning everyone,add_text,Good morning everyone,
Send a reply saying the deploy is scheduled for tonight,email_reply,the deploy is scheduled for tonight,
make you're welcome into italic,italic,you're welcome,
Highlight the key items in key discussion points,ai_refine,highlight the key items,discussion points
Start a new email with the subject roadmap planning,email_compose,roadmap planning,
Reply saying I'll be late today,dm_reply,I'll be late today,
Send a reply saying let's sync after the meeting,email_reply,let's sync after the meeting,
Highlight the most significant pipeline deals to discuss,ai_refine,highlight the most significant,pipeline deals
Take me to my DMs,navigate_dm,,
Search my DMs for important information,dm_search,important information,
Send a message saying lunch at noon,dm_send,lunch at noon,
Reply to this message: the report is ready,dm_reply,the report is ready,
Answer this email with standup moved to 10am,email_reply,standup moved to 10am,
Summarize the key points of discussion points,ai_refine,summarize the key points,discussion points
Forward the current email,email_forward,,
Switch to email,navigate_email,,
Answer this email with let's sync after the meeting,email_reply,let's sync after the meeting,
Delete this message,email_delete,,
Write an email about the annual report,email_compose,the annual report,
Remove this email,email_delete,,
Set artificial intelligence to underlined,underline,artificial intelligence,
Draft an email about roadmap planning,email_compose,roadmap planning,
Respond with please update the ticket,dm_reply,please update the ticket,
Reply with the build is green,email_reply,the build is green,
Forward this email to someone,email_forward,,
underline in front of it,underline,in front of it,
Search my email for project plan,email_search,project plan,
Find the email about Google,email_search,Google,
"Underline ""customer relationship management""",underline,customer relationship management,
Erase Microsoft,search_delete,Microsoft,
set it to underline,underline,it,
Please remove financial report,search_delete,financial report,
Remove the previous sentence,prev_sentence_delete,,
Reply saying please update the ticket,dm_reply,please update the ticket,
Apply underline to project plan,underline,project plan,
make this italic,italic,this,
Remove this email,email_delete,,
"Send this email, the body is lunch at noon",email_send,lunch at noon,
Show me my emails,navigate_email,,
Switch to email,navigate_email,,
Write the report is ready,dm_send,the report is ready,
make well done into underlined,underline,well done,
Trash this email,email_delete,,
Message saying standup moved to 10am,dm_send,standup moved to 10am,
Erase Conclusion,search_delete,Conclusion,
set annual report to underline,underline,annual report,
Post the message the server is back up,dm_send,the server is back up,
Send this email on,email_forward,,
Send it and say standup moved to 10am,email_send,standup moved to 10am,
Find the email about artificial intelligence,email_search,artificial intelligence,
Italicize artificial intelligence,italic,artificial intelligence,
Add more detail and supporting context to main meeting objectives,ai_refine,add more detail and supporting context,key meeting objectives
Delete financial report,search_delete,financial report,
Reply with the client call is confirmed,dm_reply,the client call is confirmed,
Can you open email for me?,navigate_email,,
Take me to my DMs,navigate_dm,,
Set the deadline is friday to italic,italic,the deadline is friday,
Delete the current conversation,dm_delete,,
Remove the previous sentence,prev_sentence_delete,,
Set how was your day to italic,italic,how was your day,
Open the chat page,navigate_dm,,
Go to my inbox,navigate_email,,
Delete the current email,email_delete,,
Can you open chat for me?,navigate_dm,,
Delete the current email,email_delete,,
Delete this email,email_delete,,
Trash this chat,dm_delete,,
Go to my inbox,navigate_email,,
Delete the last sentence,prev_sentence_delete,,
Please make please review this bold,bold,please review this,
Trash this email,email_delete,,
Set welcome aboard to bold,bold,welcome aboard,
What should we prioritise for the meeting,ai_refine,what should we prioritise for the meeting,key meeting objectives
Please make these bold,bold,these,
Type and send let's sync after the meeting,dm_send,let's sync after the meeting,
Delete this email,email_delete,,
make the security patch to italic,italic,the security patch,
Highlight recent relationship developments for discussion points,ai_refine,highlight recent relationship developments,discussion points
Please write The project starts tomorrow.,add_text,The project starts tomorrow.,
Send the email: the report is ready,email_send,the report is ready,
Send this email saying we hit the quarterly target,email_send,we hit the quarterly target,
make Amazon into bold,bold,Amazon,
make how have you been italic,italic,how have you been,
Please write Machine learning is useful.,add_text,Machine learning is useful.,
Forward this email,email_forward,,
Reply saying let's sync after the meeting,dm_reply,let's sync after the meeting,
set you're welcome to italicized,italic,you're welcome,
set the onboarding flow to underline,underline,the onboarding flow,
make the quarterly review italic,italic,the quarterly review,
Reply with the client call is confirmed,email_reply,the client call is confirmed,
Write please update the ticket,dm_send,please update the ticket,
Remove the previous sentence,prev_sentence_delete,,
make Microsoft italic,italic,Microsoft,
Open the chat page,navigate_dm,,
Write an email about customer onboarding,email_compose,customer onboarding,
Compose an email about the sprint review,email_compose,the sprint review,
Remove the previous sentence,prev_sentence_delete,,
Please write Today is a beautiful day.,add_text,Today is a beautiful day.,
Make recent relationship developments more concise and impactful,ai_refine,make more concise and impactful,recent relationship developments
make well done bold,bold,well done,
Forward the current email,email_forward,,
Reply to this chat with the client call is confirmed,dm_reply,the client call is confirmed,
Delete this chat,dm_delete,,
Take me to my inbox,navigate_email,,
Which pipeline deals should we prioritise,ai_refine,which pipeline deals should we prioritise,pipeline deals
Navigate to email,navigate_email,,
Forward this email,email_forward,,
set in place of it to bolded,bold,in place of it,
Add more detail and supporting context to recent client relationship changes,ai_refine,add more detail and supporting context,recent relationship developments
Delete this message,email_delete,,
Apply underline to the launch date,underline,the launch date,
make how was your day bold,bold,how was your day,
Delete the current email,email_delete,,
Archive this thread,unknown,,
Delete the current conversation,dm_delete,,
Summarise the key points of recent client relationship changes,ai_refine,summarise the key points,recent relationship developments
"Underline ""in place of this""",underline,in place of this,
Delete the current conversation,dm_delete,,
Respond with the client call is confirmed,dm_reply,the client call is confirmed,
Compose an email about budget approval,email_compose,budget approval,
Insert Good morning everyone,add_text,Good morning everyone,
make the API key into underlined,underline,the API key,
Trash this email,email_delete,,
Delete it,unknown,,
Send this message: let's sync after the meeting,dm_send,let's sync after the meeting,
Delete the current email,email_delete,,
Turn relationship sensitivities into clear talking points,ai_refine,turn into clear talking points,relationship sensitivities
Delete this conversation,dm_delete,,
Find conversations about Conclusion,dm_search,Conclusion,
set this to bolded,bold,this,
Apply underline to Apple,underline,Apple,
Strengthen recent client developments with clearer wording,ai_refine,strengthen with clearer wording,recent relationship developments
Please underline hello world,underline,hello world,
Post the message the client call is confirmed,dm_send,the client call is confirmed,
"Underline ""see you soon""",underline,see you soon,
Send it and say I'll be late today,email_send,I'll be late today,
set The project starts tomorrow. to bolded,bold,The project starts tomorrow.,
Flag any unresolved client concerns,ai_refine,flag any unresolved client concerns,relationship sensitivities
Write an email about contract renewal,email_compose,contract renewal,
Open my inbox,navigate_email,,
Send the email with the message the build is green,email_send,the build is green,
Call alice,unknown,,
Please remove machine learning,search_delete,machine learning,
What relationship risks should I flag,ai_refine,what relationship risks should I flag,relationship sensitivities
Open the chat page,navigate_dm,,
Compose an email about the security update,email_compose,the security update,
Open my email,navigate_email,,
Highlight recent relationship developments,ai_refine,highlight recent relationship developments,recent relationship developments
Make the design doc italic,italic,the design doc,
Strengthen pipeline deals with clearer wording,ai_refine,strengthen with clearer wording,pipeline deals
Remove this message,dm_delete,,
"Make ""important information"" bold",bold,important information,
Search for important information in my inbox,email_search,important information,
Write Hello everyone,add_text,Hello everyone,
Summarise the key points of priority discussion topics,ai_refine,summarise the key points,discussion points
make you're welcome bold,bold,you're welcome,
Trash this email,email_delete,,
Strengthen topics to discuss with clearer wording,ai_refine,strengthen with clearer wording,discussion points
Make this section more concise and impactful for key discussion points,ai_refine,make this section more concise and impactful,discussion points
Reply to this email saying standup moved to 10am,email_reply,standup moved to 10am,
Reply to this chat with the deploy is scheduled for tonight,dm_reply,the deploy is scheduled for tonight,
The quick brown fox jumps over the lazy dog.,add_text,The quick brown fox jumps over the lazy dog.,
Search for Q3 results in my inbox,email_search,Q3 results,
Post the message the build is green,dm_send,the build is green,
Delete the current conversation,dm_delete,,
Reply saying we hit the quarterly target,dm_reply,we hit the quarterly target,
Delete the phrase machine learning,search_delete,machine learning,
make have a nice day to italic,italic,have a nice day,
Rewrite latest relationship developments to be more concise,ai_refine,rewrite to be more concise,recent relationship developments
Remove the previous sentence,prev_sentence_delete,,
Turn sensitive relationship issues into clear talking points,ai_refine,turn into clear talking points,relationship sensitivities
Go to my inbox of messages,navigate_dm,,
Type and send can you review my PR,dm_send,can you review my PR,
Write Please review this document.,add_text,Please review this document.,
Switch to email,navigate_email,,
Reply to this email: the client call is confirmed,email_reply,the client call is confirmed,
Answer with the client call is confirmed,dm_reply,the client call is confirmed,
Open my email,navigate_email,,
Send the email with the message the report is ready,email_send,the report is ready,
"Make ""deep learning"" bold",bold,deep learning,
Highlight the key items in discussion points,ai_refine,highlight the key items,discussion points
Remove the previous sentence,prev_sentence_delete,,
Show me my emails,navigate_email,,
What has changed recently in the client relationship,ai_refine,what has changed recently in the client relationship,recent relationship developments
Forward it,email_forward,,
Write a new email titled contract renewal,email_compose,contract renewal,
Add useful context to priority meeting objectives,ai_refine,add useful context,key meeting objectives
Highlight the most significant key meeting objectives to discuss,ai_refine,highlight the most significant,key meeting objectives
Delete the previous sentence,prev_sentence_delete,,
Highlight recent relationship developments,ai_refine,highlight recent relationship developments,recent relationship developments
Delete this thread,dm_delete,,
Type and send please update the ticket,dm_send,please update the ticket,
Call alice,unknown,,
Delete Amazon,search_delete,Amazon,
Can you open email for me?,navigate_email,,
Remove this email,email_delete,,
make in the middle of it into bold,bold,in the middle of it,
Delete the last sentence,prev_sentence_delete,,
Send this email on,email_forward,,
Respond to this email with I'll be late today,email_reply,I'll be late today,
"Send this email, the body is let's sync after the meeting",email_send,let's sync after the meeting,
Forward it,email_forward,,
Delete this email,email_delete,,
Highlight the most significant pipeline deals to discuss,ai_refine,highlight the most significant,pipeline deals
Summarize the key points of key relationship risks,ai_refine,summarize the key points,relationship sensitivities
"Send this email, the body is I'll be late today",email_send,I'll be late today,
Play some music,unknown,,
Add more detail and supporting context to priority pipeline deals,ai_refine,add more detail and supporting context,pipeline deals
Delete the phrase deep learning,search_delete,deep learning,
set the client is happy to italicized,italic,the client is happy,
make the final report to bold,bold,the final report,
Send lunch at noon,dm_send,lunch at noon,
Trash this email,email_delete,,
Send the email saying the report is ready,email_send,the report is ready,
Please underline thank you,underline,thank you,
Open my inbox,navigate_email,,
Go to my inbox of messages,navigate_dm,,
make what's up into underlined,underline,what's up,
Forward this email,email_forward,,
Forward this email to someone,email_forward,,
Open my messages,navigate_dm,,
Rewrite relationship sensitivities to be more concise,ai_refine,rewrite to be more concise,relationship sensitivities
Switch to email,navigate_email,,
make in the middle of it to underlined,underline,in the middle of it,
set on top of it to underline,underline,on top of it,
Please make please review this italic,italic,please review this,
Forward this email to someone,email_forward,,
Summarise the key points of priority discussion topics,ai_refine,summarise the key points,discussion points
Open my inbox,navigate_email,,
set by the way to bolded,bold,by the way,
Show me emails about customer experience,email_search,customer experience,
Type Artificial intelligence is changing the world.,add_text,Artificial intelligence is changing the world.,
Delete it,unknown,,
Make this italic,italic,this,
Delete this conversation,dm_delete,,
Send a message saying we hit the quarterly target,dm_send,we hit the quarterly target,
Add useful context to latest relationship developments,ai_refine,add useful context,recent relationship developments
Make sensitive relationship issues more concise and impactful,ai_refine,make more concise and impactful,relationship sensitivities
Delete this conversation,dm_delete,,
Write please update the ticket,dm_send,please update the ticket,
Italicize welcome aboard,italic,welcome aboard,
Delete this conversation,dm_delete,,
Open my inbox,navigate_email,,
Search my email for important information,email_search,important information,
Search my DMs for Q3 results,dm_search,Q3 results,
set the build is green to underline,underline,the build is green,
Delete the current conversation,dm_delete,,
Reply saying the client call is confirmed,dm_reply,the client call is confirmed,
"Delete ""customer onboarding""",search_delete,customer onboarding,
make Introduction into bold,bold,Introduction,
Send we hit the quarterly target,dm_send,we hit the quarterly target,
Delete the last sentence,prev_sentence_delete,,
"Underline ""well done""",underline,well done,
Trash this chat,dm_delete,,
Send this email on,email_forward,,
Open my messages,navigate_dm,,
Reply to this message: the deploy is scheduled for tonight,dm_reply,the deploy is scheduled for tonight,
Reply to this message: the deploy is scheduled for tonight,dm_reply,the deploy is scheduled for tonight,
"Underline ""on top of it""",underline,on top of it,
Send it,unknown,,
Forward it,email_forward,,
Set this is urgent to bold,bold,this is urgent,
What's on my calendar?,unknown,,
Unsend that,unknown,,
Delete the previous sentence,prev_sentence_delete,,
Underline the security patch,underline,the security patch,
Compose an email with the subject Q3 results,email_compose,Q3 results,
Remove the previous sentence,prev_sentence_delete,,
Make pipeline deals more concise and impactful,ai_refine,make more concise and impactful,pipeline deals
Open my email,navigate_email,,
Send a message saying the report is ready,dm_send,the report is ready,
Trash this chat,dm_delete,,
underline how have you been,underline,how have you been,
Delete the current conversation,dm_delete,,
Show me emails about customer onboarding,email_search,customer onboarding,
Tell me a joke,unknown,,
Find the chat about artificial intelligence,dm_search,artificial intelligence,
Finish and send with the text I'll be late today,email_send,I'll be late today,
Find conversations about meeting notes,dm_search,meeting notes,
Send a reply saying standup moved to 10am,email_reply,standup moved to 10am,
Please make the onboarding flow italic,italic,the onboarding flow,
Trash this email,email_delete,,
make the quarterly review bold,bold,the quarterly review,
Write Please review this document.,add_text,Please review this document.,
Apply underline to the customer list,underline,the customer list,
Switch to messages,navigate_dm,,
Open my messages,navigate_dm,,
make nice to meet you to underlined,underline,nice to meet you,
Please remove Apple,search_delete,Apple,
Delete customer relationship management,search_delete,customer relationship management,
Reply with the deploy is scheduled for tonight,email_reply,the deploy is scheduled for tonight,
Answer this email with can you review my PR,email_reply,can you review my PR,
Unsend that,unknown,,
Underline Good morning everyone,underline,Good morning everyone,
Show me chats about annual report,dm_search,annual report,
Go to my inbox,navigate_email,,
Identify the most important points in key meeting objectives,ai_refine,identify the most important points,key meeting objectives
Delete Introduction,search_delete,Introduction,
Make this section more concise and impactful for main meeting objectives,ai_refine,make this section more concise and impactful,key meeting objectives
Make this section more concise and impactful for key discussion points,ai_refine,make this section more concise and impactful,discussion points
Send this email on,email_forward,,
Send it,unknown,,
Please make nice to meet you bold,bold,nice to meet you,
make good morning to italic,italic,good morning,
Turn key relationship risks into clear talking points,ai_refine,turn into clear talking points,relationship sensitivities
"Make ""the launch date"" bold",bold,the launch date,
Delete the current email,email_delete,,
Show me chats about Q3 results,dm_search,Q3 results,
Search my email for Amazon,email_search,Amazon,
Reply with standup moved to 10am,email_reply,standup moved to 10am,
Make Machine learning is useful. bold,bold,Machine learning is useful.,
Strengthen sensitive relationship issues with clearer wording,ai_refine,strengthen with clearer wording,relationship sensitivities
make Conclusion into italic,italic,Conclusion,
Please write Hello everyone,add_text,Hello everyone,
Send it and say the build is green,email_send,the build is green,
Go to my inbox,navigate_email,,
Please underline by the way,underline,by the way,
Can you open chat for me?,navigate_dm,,
Add Customer onboarding is complete.,add_text,Customer onboarding is complete.,
"Underline ""thanks so much""",underline,thanks so much,
Make this section more concise and impactful for topics to discuss,ai_refine,make this section more concise and impactful,discussion points
Message saying the server is back up,dm_send,the server is back up,
make hello everyone to underlined,underline,hello everyone,
Highlight the most significant relationship sensitivities to discuss,ai_refine,highlight the most significant,relationship sensitivities
Answer with please update the ticket,dm_reply,please update the ticket,
make Machine learning is useful. into bold,bold,Machine learning is useful.,
make by the way bold,bold,by the way,
make Amazon to italic,italic,Amazon,
Draft an email about budget approval,email_compose,budget approval,
Remove the previous sentence,prev_sentence_delete,,
Delete the previous sentence,prev_sentence_delete,,
Forward the current email,email_forward,,
set the bug is fixed to bolded,bold,the bug is fixed,
Search messages for Introduction,dm_search,Introduction,
Delete this thread,dm_delete,,
set the quarterly review to bolded,bold,the quarterly review,
Switch to messages,navigate_dm,,
Write a new email titled the security update,email_compose,the security update,
Please remove financial report,search_delete,financial report,
Make latest relationship developments more concise and impactful,ai_refine,make more concise and impactful,recent relationship developments
Open my inbox,navigate_email,,
Send this message: lunch at noon,dm_send,lunch at noon,
set at the end of it to italicized,italic,at the end of it,
What has changed recently in the client relationship,ai_refine,what has changed recently in the client relationship,recent relationship developments
Remove this email,email_delete,,
Reply with let's sync after the meeting,dm_reply,let's sync after the meeting,
Set the roadmap to italic,italic,the roadmap,
Apply underline to Apple,underline,Apple,
Set as well as it to underlined,underline,as well as it,
Turn priority pipeline deals into clear talking points,ai_refine,turn into clear talking points,pipeline deals
Say let's sync after the meeting,dm_send,let's sync after the meeting,
"Delete ""Apple""",search_delete,Apple,
make long time no see to bold,bold,long time no see,
What is the weather today?,unknown,,
Search my chats for Introduction,dm_search,Introduction,
What are the main points we should discuss,ai_refine,what are the main points we should discuss,discussion points
Send lunch at noon,dm_send,lunch at noon,
Move this email to trash,email_delete,,
Highlight recent relationship developments,ai_refine,highlight recent relationship developments,recent relationship developments
Highlight the most significant topics to discuss to discuss,ai_refine,highlight the most significant,discussion points
Begin a new email regarding Q3 results,email_compose,Q3 results,
Type Welcome to the meeting,add_text,Welcome to the meeting,
Please remove customer relationship management,search_delete,customer relationship management,
Open my messages,navigate_dm,,
What are the main points we should discuss,ai_refine,what are the main points we should discuss,discussion points
Forward it,email_forward,,
Add Good morning everyone,add_text,Good morning everyone,
Summarise what we need to achieve in the meeting,ai_refine,summarise what we need to achieve in the meeting,key meeting objectives
Send this email saying the deploy is scheduled for tonight,email_send,the deploy is scheduled for tonight,
Send a reply saying the server is back up,dm_reply,the server is back up,
Write the deploy is scheduled for tonight,dm_send,the deploy is scheduled for tonight,
Look up emails about customer onboarding,email_search,customer onboarding,
Send the email with the message the deploy is scheduled for tonight,email_send,the deploy is scheduled for tonight,
Reply with can you review my PR,dm_reply,can you review my PR,
Reply to this chat with please update the ticket,dm_reply,please update the ticket,
Delete the phrase meeting notes,search_delete,meeting notes,
make the launch date to underlined,underline,the launch date,
Set deep learning to italic,italic,deep learning,
Set This is a sample document to italic,italic,This is a sample document,
Delete the phrase customer experience,search_delete,customer experience,
Add useful context to topics to discuss,ai_refine,add useful context,discussion points
"Send this email, the body is let's sync after the meeting",email_send,let's sync after the meeting,
Send a reply saying the build is green,email_reply,the build is green,
Please underline This is a sample document,underline,This is a sample document,
Reply to this message: the build is green,dm_reply,the build is green,
Send the email with the message the build is green,email_send,the build is green,
Highlight the most significant topics to discuss to discuss,ai_refine,highlight the most significant,discussion points
Delete the current conversation,dm_delete,,
Please remove Apple,search_delete,Apple,
Answer with the client call is confirmed,dm_reply,the client call is confirmed,
Go to my inbox,navigate_email,,
Write This is a sample document,add_text,This is a sample document,
Find the email about customer experience,email_search,customer experience,
Find conversations about Microsoft,dm_search,Microsoft,
set the server is down to bolded,bold,the server is down,
Switch to messages,navigate_dm,,
make see you tomorrow into italic,italic,see you tomorrow,
Reply to this message: the server is back up,dm_reply,the server is back up,
List any pending issues or complaints from this client,ai_refine,list any pending issues or complaints from this client,relationship sensitivities
Send a reply saying the server is back up,email_reply,the server is back up,
Delete this conversation,dm_delete,,
Search my inbox for customer experience,email_search,customer experience,
Send a message saying we hit the quarterly target,dm_send,we hit the quarterly target,
Please underline the security patch,underline,the security patch,
Remove the chat,dm_delete,,
Reply to the email: can you review my PR,email_reply,can you review my PR,
New email about contract renewal,email_compose,contract renewal,
Highlight recent relationship developments for discussion points,ai_refine,highlight recent relationship developments,discussion points
Delete this message,email_delete,,
Send a reply saying I'll be late today,dm_reply,I'll be late today,
Highlight the most significant pipeline deals to discuss,ai_refine,highlight the most significant,pipeline deals
Delete the current email,email_delete,,
Make this section more concise and impactful for latest relationship developments,ai_refine,make this section more concise and impactful,recent relationship developments
Trash this email,email_delete,,
Show me emails about customer relationship management,email_search,customer relationship management,
Please underline our new policy,underline,our new policy,
"Send this email, the body is we hit the quarterly target",email_send,we hit the quarterly target,
Show me emails about project plan,email_search,project plan,
Find conversations about Introduction,dm_search,Introduction,
Write the deploy is scheduled for tonight,dm_send,the deploy is scheduled for tonight,
Send this email on,email_forward,,
Write an email about meeting notes,email_compose,meeting notes,
Make relationship sensitivities more concise and impactful,ai_refine,make more concise and impactful,relationship sensitivities
Mark everything as read,unknown,,
Underline the deadline is friday,underline,the deadline is friday,
Search my inbox for machine learning,email_search,machine learning,
make Apple to underlined,underline,Apple,
make the server is down to bold,bold,the server is down,
Navigate to email,navigate_email,,
Send it,unknown,,
Throw this email away,email_delete,,
Delete deep learning,search_delete,deep learning,
Delete this thread,dm_delete,,
Open my inbox,navigate_email,,
Remove the previous sentence,prev_sentence_delete,,
Type Good morning everyone,add_text,Good morning everyone,
make The project starts tomorrow. bold,bold,The project starts tomorrow.,
Italicize the pricing table,italic,the pricing table,
Send a message saying lunch at noon,dm_send,lunch at noon,
Write an email about the annual report,email_compose,the annual report,
Highlight the most significant pipeline deals to discuss,ai_refine,highlight the most significant,pipeline deals
Flag the main risks in discussion points,ai_refine,flag the main risks,discussion points
make in the meantime into bold,bold,in the meantime,
"Delete ""annual report""",search_delete,annual report,
Remove the previous sentence,prev_sentence_delete,,
Go to my inbox,navigate_email,,
"Make ""the onboarding flow"" italic",italic,the onboarding flow,
set them to bolded,bold,them,
Reply to this chat with the build is green,dm_reply,the build is green,
Delete this thread,dm_delete,,
Put Quarterly earnings are up 10%. into the document,add_text,Quarterly earnings are up 10%.,
Draft an email about the annual report,email_compose,the annual report,
Search my DMs for Google,dm_search,Google,
Make Machine learning is useful. italic,italic,Machine learning is useful.,
Send the email with the message the server is back up,email_send,the server is back up,
Remove the previous sentence,prev_sentence_delete,,
Send this email saying the build is green,email_send,the build is green,
What should we prioritise for the meeting,ai_refine,what should we prioritise for the meeting,key meeting objectives
Send a reply saying lunch at noon,dm_reply,lunch at noon,
Italicize well done,italic,well done,
set good evening to bolded,bold,good evening,
Make important information italic,italic,important information,
Forward this email to someone,email_forward,,
List any pending issues or complaints from this client,ai_refine,list any pending issues or complaints from this client,relationship sensitivities
Send a reply saying can you review my PR,dm_reply,can you review my PR,
Highlight recent relationship developments,ai_refine,highlight recent relationship developments,recent relationship developments
Trash this email,email_delete,,
Set The quick brown fox jumps over the lazy dog. to italic,italic,The quick brown fox jumps over the lazy dog.,
Can you open email for me?,navigate_email,,
Find the chat about Amazon,dm_search,Amazon,
"Underline ""thank you""",underline,thank you,
Reply to this chat with the deploy is scheduled for tonight,dm_reply,the deploy is scheduled for tonight,
Add The quick brown fox jumps over the lazy dog.,add_text,The quick brown fox jumps over the lazy dog.,
make the client is happy to underlined,underline,the client is happy,
Send the email saying we hit the quarterly target,email_send,we hit the quarterly target,
Bold Today is a beautiful day.,bold,Today is a beautiful day.,
make these into bold,bold,these,
Reply with the build is green,dm_reply,the build is green,
Delete this email,email_delete,,
set it to italicized,italic,it,
Delete this message,email_delete,,
What is the weather today?,unknown,,
Start a new email with the subject Q3 results,email_compose,Q3 results,
What is the weather today?,unknown,,
Begin a new email regarding roadmap planning,email_compose,roadmap planning,
Respond with standup moved to 10am,dm_reply,standup moved to 10am,
Forward this message,email_forward,,
Add The project starts tomorrow.,add_text,The project starts tomorrow.,
Open my email,navigate_email,,
Search my email for annual report,email_search,annual report,
Delete this thread,dm_delete,,
Message saying lunch at noon,dm_send,lunch at noon,
Remove the previous sentence,prev_sentence_delete,,
Flag the main risks in discussion points,ai_refine,flag the main risks,discussion points
make thanks so much into italic,italic,thanks so much,
Search for project plan in my inbox,email_search,project plan,
Delete this thread,dm_delete,,
Which pipeline deals should we prioritise,ai_refine,which pipeline deals should we prioritise,pipeline deals
Strengthen recent relationship developments with clearer wording,ai_refine,strengthen with clearer wording,recent relationship developments
Reply to this email: the deploy is scheduled for tonight,email_reply,the deploy is scheduled for tonight,
Delete this thread,dm_delete,,
Delete this email,email_delete,,
Please make Microsoft bold,bold,Microsoft,
Open my inbox,navigate_email,,
Italicize the deploy is ready,italic,the deploy is ready,
make at the end of it into italic,italic,at the end of it,
Trash this email,email_delete,,
Begin a new email regarding the sprint review,email_compose,the sprint review,
Flag the main risks in relationship concerns,ai_refine,flag the main risks,relationship sensitivities
Put Machine learning is useful. into the document,add_text,Machine learning is useful.,
"Delete ""important information""",search_delete,important information,
Remove the previous sentence,prev_sentence_delete,,
Remove this message,dm_delete,,
Search messages for financial report,dm_search,financial report,
Highlight the key items in client relationship risks,ai_refine,highlight the key items,relationship sensitivities
Begin a new email regarding customer onboarding,email_compose,customer onboarding,
Go to chat,navigate_dm,,
Find conversations about Amazon,dm_search,Amazon,
Delete the phrase important information,search_delete,important information,
Highlight recent relationship developments,ai_refine,highlight recent relationship developments,recent relationship developments
Compose an email with the subject the project plan,email_compose,the project plan,
Reply saying the deploy is scheduled for tonight,dm_reply,the deploy is scheduled for tonight,
make nice to meet you to underlined,underline,nice to meet you,
Draft an email about contract renewal,email_compose,contract renewal,
Look up chats about artificial intelligence,dm_search,artificial intelligence,
Write a new email titled the annual report,email_compose,the annual report,
"Send this email, the body is the server is back up",email_send,the server is back up,
Remove the previous sentence,prev_sentence_delete,,
Book a table for two,unknown,,
Move this email to trash,email_delete,,
Flag any unresolved client concerns,ai_refine,flag any unresolved client concerns,relationship sensitivities
"Send this email, the body is let's sync after the meeting",email_send,let's sync after the meeting,
Navigate to email,navigate_email,,
Set those to bold,bold,those,
"Underline ""Machine learning is useful.""",underline,Machine learning is useful.,
Take me to my DMs,navigate_dm,,
Write a new email titled the security update,email_compose,the security update,
Send can you review my PR,dm_send,can you review my PR,
Write an email about meeting notes,email_compose,meeting notes,
Answer with standup moved to 10am,dm_reply,standup moved to 10am,
Show me emails about artificial intelligence,email_search,artificial intelligence,
Begin a new email regarding the security update,email_compose,the security update,
Flag the highest-value opportunities in the pipeline,ai_refine,flag the highest-value opportunities in the pipeline,pipeline deals
Reply with the server is back up,dm_reply,the server is back up,
Write standup moved to 10am,dm_send,standup moved to 10am,
make the server is down to bold,bold,the server is down,
Play some music,unknown,,
Reply to this message: please update the ticket,dm_reply,please update the ticket,
Reply to this email saying the deploy is scheduled for tonight,email_reply,the deploy is scheduled for tonight,
make Q3 results into bold,bold,Q3 results,
Remove this email,email_delete,,
Delete the last sentence,prev_sentence_delete,,
Remove the previous sentence,prev_sentence_delete,,
Send this email saying we hit the quarterly target,email_send,we hit the quarterly target,
Highlight the most significant pipeline deals to discuss,ai_refine,highlight the most significant,pipeline deals
What relationship risks should I flag,ai_refine,what relationship risks should I flag,relationship sensitivities
Send the email with the message standup moved to 10am,email_send,standup moved to 10am,
"Make ""Today is a beautiful day."" bold",bold,Today is a beautiful day.,
Forward the current email,email_forward,,
Delete this thread,dm_delete,,
Which pipeline deals should we prioritise,ai_refine,which pipeline deals should we prioritise,pipeline deals
Send a message saying the build is green,dm_send,the build is green,
Begin a new email regarding budget approval,email_compose,budget approval,
Open my email,navigate_email,,
Make Conclusion italic,italic,Conclusion,
Delete the current conversation,dm_delete,,
Please remove Amazon,search_delete,Amazon,
set see you tomorrow to bolded,bold,see you tomorrow,
Italicize let me know,italic,let me know,
Send a message saying the server is back up,dm_send,the server is back up,
Add useful context to relationship sensitivities,ai_refine,add useful context,relationship sensitivities
"Delete ""Apple""",search_delete,Apple,
Reply to the email: the report is ready,email_reply,the report is ready,
Message saying we hit the quarterly target,dm_send,we hit the quarterly target,
Move this email to trash,email_delete,,
Delete the last sentence,prev_sentence_delete,,
Trash this email,email_delete,,
Say please update the ticket,dm_send,please update the ticket,
Please remove Google,search_delete,Google,
Open my inbox,navigate_email,,
Send the email saying the server is back up,email_send,the server is back up,
Strengthen topics to discuss with clearer wording,ai_refine,strengthen with clearer wording,discussion points
Flag the main risks in key relationship risks,ai_refine,flag the main risks,relationship sensitivities
set keep it up to underline,underline,keep it up,
Search my inbox for machine learning,email_search,machine learning,
Send it and say let's sync after the meeting,email_send,let's sync after the meeting,
Make sensitive relationship issues more concise and impactful,ai_refine,make more concise and impactful,relationship sensitivities
Highlight the most significant points for discussion to discuss,ai_refine,highlight the most significant,discussion points
Underline Quarterly earnings are up 10%.,underline,Quarterly earnings are up 10%.,
Forward it,email_forward,,
Please make how are you doing italic,italic,how are you doing,
Send a message saying can you review my PR,dm_send,can you review my PR,
Flag the main risks in recent relationship developments,ai_refine,flag the main risks,recent relationship developments
Reply with the deploy is scheduled for tonight,email_reply,the deploy is scheduled for tonight,
Show me chats about deep learning,dm_search,deep learning,
set Machine learning is useful. to underline,underline,Machine learning is useful.,
Identify the most important points in new relationship developments,ai_refine,identify the most important points,recent relationship developments
Summarise the key points of points for discussion,ai_refine,summarise the key points,discussion points
Turn the important items into discussion points,ai_refine,turn the important items into discussion points,discussion points
Take me to my inbox,navigate_email,,
Delete the phrase artificial intelligence,search_delete,artificial intelligence,
Add more detail and supporting context to relationship concerns,ai_refine,add more detail and supporting context,relationship sensitivities
Please remove Amazon,search_delete,Amazon,
Search my email for meeting notes,email_search,meeting notes,
make the API key into italic,italic,the API key,
Reply to this email: the server is back up,email_reply,the server is back up,
Underline Machine learning is useful.,underline,Machine learning is useful.,
Highlight recent relationship developments for discussion points,ai_refine,highlight recent relationship developments,discussion points
Write Good morning everyone,add_text,Good morning everyone,
Delete this conversation,dm_delete,,
Write an email about the sprint review,email_compose,the sprint review,
Write a new email titled the project plan,email_compose,the project plan,
Write lunch at noon,dm_send,lunch at noon,
Delete the last sentence,prev_sentence_delete,,
Open my email,navigate_email,,
Turn sensitive relationship issues into clear talking points,ai_refine,turn into clear talking points,relationship sensitivities
Reply to this email saying we hit the quarterly target,email_reply,we hit the quarterly target,
Insert Good morning everyone,add_text,Good morning everyone,
Forward this message,email_forward,,
Delete the last sentence,prev_sentence_delete,,
Put Quarterly earnings are up 10%. into the document,add_text,Quarterly earnings are up 10%.,
Please remove Q3 results,search_delete,Q3 results,
Post the message the report is ready,dm_send,the report is ready,
Forward this email,email_forward,,
set Microsoft to underline,underline,Microsoft,
make well done to bold,bold,well done,
make next steps to bold,bold,next steps,
Open my messages,navigate_dm,,
set see you soon to italicized,italic,see you soon,
Write I'll be late today,dm_send,I'll be late today,
Show me my chats,navigate_dm,,
Archive this thread,unknown,,
Make latest relationship developments more concise and impactful,ai_refine,make more concise and impactful,recent relationship developments
Show me emails about customer experience,email_search,customer experience,
Reply with let's sync after the meeting,dm_reply,let's sync after the meeting,
Search my inbox for customer relationship management,email_search,customer relationship management,
Delete Apple,search_delete,Apple,
Forward it,email_forward,,
make the client is happy to underlined,underline,the client is happy,
"Make ""important information"" italic",italic,important information,
"Delete ""deep learning""",search_delete,deep learning,
Bold it,bold,it,
Highlight recent relationship developments,ai_refine,highlight recent relationship developments,recent relationship developments
Set what's up to underlined,underline,what's up,
Please underline great job,underline,great job,
Summarise the key points of meeting objectives,ai_refine,summarise the key points,key meeting objectives
Write a new email titled Q3 results,email_compose,Q3 results,
Move this email to trash,email_delete,,
Set how's it going to underlined,underline,how's it going,
Archive this thread,unknown,,
Add useful context to critical meeting objectives,ai_refine,add useful context,key meeting objectives
Which pipeline deals should we prioritise,ai_refine,which pipeline deals should we prioritise,pipeline deals
Can you open email for me?,navigate_email,,
Type The quick brown fox jumps over the lazy dog.,add_text,The quick brown fox jumps over the lazy dog.,
Respond to this email with the report is ready,email_reply,the report is ready,
Type Today is a beautiful day.,add_text,Today is a beautiful day.,
Reply to this email: the build is green,email_reply,the build is green,
Highlight the key items in high-value pipeline opportunities,ai_refine,highlight the key items,pipeline deals
Highlight the key items in discussion points,ai_refine,highlight the key items,discussion points
Delete the phrase deep learning,search_delete,deep learning,
Set our new policy to bold,bold,our new policy,
Delete Q3 results,search_delete,Q3 results,
Write an email about customer onboarding,email_compose,customer onboarding,
Reply saying the deploy is scheduled for tonight,dm_reply,the deploy is scheduled for tonight,
Write a new email titled roadmap planning,email_compose,roadmap planning,
Show me my chats,navigate_dm,,
Send this email on,email_forward,,
Remove this message,dm_delete,,
Delete this message,email_delete,,
Tell me a joke,unknown,,
Find conversations about deep learning,dm_search,deep learning,
Erase customer experience,search_delete,customer experience,
Delete the previous sentence,prev_sentence_delete,,
Respond with the build is green,dm_reply,the build is green,
Identify the most important points in key deals in the pipeline,ai_refine,identify the most important points,pipeline deals
Make on top of it bold,bold,on top of it,
Navigate to messages,navigate_dm,,
make long time no see to underlined,underline,long time no see,
Delete the previous sentence,prev_sentence_delete,,
Trash this email,email_delete,,
Set good evening to underlined,underline,good evening,
Say the report is ready,dm_send,the report is ready,
Reply to this chat with I'll be late today,dm_reply,I'll be late today,
Send this message: the report is ready,dm_send,the report is ready,
Make on the other hand bold,bold,on the other hand,
Reply to this chat with the build is green,dm_reply,the build is green,
Delete the last sentence,prev_sentence_delete,,
set Hello everyone to italicized,italic,Hello everyone,
Who won the game?,unknown,,
Play some music,unknown,,
Book a table for two,unknown,,
Delete this message,email_delete,,
Write Machine learning is useful.,add_text,Machine learning is useful.,
Bold this,bold,this,
Make project plan italic,italic,project plan,
Reply with standup moved to 10am,email_reply,standup moved to 10am,
Bold our new policy,bold,our new policy,
Delete the phrase Conclusion,search_delete,Conclusion,
Search my inbox for artificial intelligence,email_search,artificial intelligence,
Go to my inbox,navigate_email,,
make the deadline is friday into underlined,underline,the deadline is friday,
Write Welcome to the meeting,add_text,Welcome to the meeting,
Delete the phrase Q3 results,search_delete,Q3 results,
Delete this conversation,dm_delete,,
Schedule a meeting,unknown,,
Trash this email,email_delete,,
Find the email about Q3 results,email_search,Q3 results,
make on top of it into bold,bold,on top of it,
Send a reply saying I'll be late today,email_reply,I'll be late today,
Make this section more concise and impactful for priority pipeline deals,ai_refine,make this section more concise and impactful,pipeline deals
make great job italic,italic,great job,
make good afternoon to bold,bold,good afternoon,
Which pipeline deals should we prioritise,ai_refine,which pipeline deals should we prioritise,pipeline deals
Open my inbox,navigate_email,,
Play some music,unknown,,
Highlight recent relationship developments for discussion points,ai_refine,highlight recent relationship developments,discussion points
"Underline ""good evening""",underline,good evening,
Open my messages,navigate_dm,,
Flag the highest-value opportunities in the pipeline,ai_refine,flag the highest-value opportunities in the pipeline,pipeline deals
Send a reply saying please update the ticket,email_reply,please update the ticket,
Find the chat about annual report,dm_search,annual report,
Delete the phrase financial report,search_delete,financial report,
Summarize the key points of recent relationship developments,ai_refine,summarize the key points,recent relationship developments
Remove this message,dm_delete,,
Delete this conversation,dm_delete,,
Write an email about customer onboarding,email_compose,customer onboarding,
Send it and say we hit the quarterly target,email_send,we hit the quarterly target,
Set the customer list to bold,bold,the customer list,
Take me to my DMs,navigate_dm,,
make machine learning italic,italic,machine learning,
Delete the previous sentence,prev_sentence_delete,,
Go to my inbox of messages,navigate_dm,,
Show me my chats,navigate_dm,,
Trash this chat,dm_delete,,
make Google to underlined,underline,Google,
make the deadline is friday to italic,italic,the deadline is friday,
make the launch date bold,bold,the launch date,
make in place of that to bold,bold,in place of that,
Reply with we hit the quarterly target,dm_reply,we hit the quarterly target,
Type Today is a beautiful day.,add_text,Today is a beautiful day.,
Reply to this email: the client call is confirmed,email_reply,the client call is confirmed,
Delete the current email,email_delete,,
Send it,unknown,,
Delete the phrase meeting notes,search_delete,meeting notes,
Go to email,navigate_email,,
Please underline Google,underline,Google,
Search for deep learning in my inbox,email_search,deep learning,
Please remove machine learning,search_delete,machine learning,
"Make ""how have you been"" bold",bold,how have you been,
Send the email with the message the deploy is scheduled for tonight,email_send,the deploy is scheduled for tonight,
Open the messenger,navigate_dm,,
Delete the last sentence,prev_sentence_delete,,
Erase financial report,search_delete,financial report,
Highlight recent relationship developments,ai_refine,highlight recent relationship developments,recent relationship developments
Highlight recent relationship developments for discussion points,ai_refine,highlight recent relationship developments,discussion points
set Quarterly earnings are up 10%. to underline,underline,Quarterly earnings are up 10%.,
Switch to messages,navigate_dm,,
Send this email on,email_forward,,
Send the build is green,dm_send,the build is green,
Flag the highest-value opportunities in the pipeline,ai_refine,flag the highest-value opportunities in the pipeline,pipeline deals
Navigate to email,navigate_email,,
set hello world to bolded,bold,hello world,
Look up chats about machine learning,dm_search,machine learning,
Add more detail and supporting context to sensitive relationship issues,ai_refine,add more detail and supporting context,relationship sensitivities
Switch to messages,navigate_dm,,
Highlight the most significant meeting objectives to discuss,ai_refine,highlight the most significant,key meeting objectives
Find the email about Q3 results,email_search,Q3 results,
"Underline ""important information""",underline,important information,
Send the email: the build is green,email_send,the build is green,
Identify the most important points in meeting objectives,ai_refine,identify the most important points,key meeting objectives
Make welcome aboard italic,italic,welcome aboard,
Delete this conversation,dm_delete,,
make at the end of it to italic,italic,at the end of it,
make the pricing table into italic,italic,the pricing table,
Rewrite most significant pipeline deals to be more concise,ai_refine,rewrite to be more concise,pipeline deals
Search my chats for meeting notes,dm_search,meeting notes,
make in place of this to italic,italic,in place of this,
Draft an email about the annual report,email_compose,the annual report,
Open the email page,navigate_email,,
Go to email,navigate_email,,
Open my inbox,navigate_email,,
Summarise the key points of recent relationship developments,ai_refine,summarise the key points,recent relationship developments
Find emails about annual report,email_search,annual report,
Trash this email,email_delete,,
Open my messages,navigate_dm,,
make on the other hand bold,bold,on the other hand,
Reply to this email: the server is back up,email_reply,the server is back up,
Set the deadline is friday to bold,bold,the deadline is friday,
Delete the phrase Google,search_delete,Google,
Forward the current email,email_forward,,
"Delete ""Introduction""",search_delete,Introduction,
Delete Google,search_delete,Google,
Call carol,unknown,,
What time is it?,unknown,,
make annual report to bold,bold,annual report,
Remove the chat,dm_delete,,
make Artificial intelligence is changing the world. to italic,italic,Artificial intelligence is changing the world.,
make Introduction into underlined,underline,Introduction,
Delete the last sentence,prev_sentence_delete,,
Underline Today is a beautiful day.,underline,Today is a beautiful day.,
"Make ""how's it going"" italic",italic,how's it going,
Find the email about machine learning,email_search,machine learning,
Find the email about Apple,email_search,Apple,
Underline them,underline,them,
Please make our new policy bold,bold,our new policy,
Open my email,navigate_email,,
"Make ""how have you been"" bold",bold,how have you been,
Delete the current email,email_delete,,
"Send this email, the body is the client call is confirmed",email_send,the client call is confirmed,
Underline Microsoft,underline,Microsoft,
Begin a new email regarding the sprint review,email_compose,the sprint review,
Find the chat about Conclusion,dm_search,Conclusion,
Make please review this italic,italic,please review this,
Write Hello everyone,add_text,Hello everyone,
"Make ""how are you doing"" bold",bold,how are you doing,
Say the server is back up,dm_send,the server is back up,
Make Google italic,italic,Google,
Archive this thread,unknown,,
make how have you been to bold,bold,how have you been,
Finish and send with the text let's sync after the meeting,email_send,let's sync after the meeting,
"Underline ""these""",underline,these,
Draft an email about budget approval,email_compose,budget approval,
Make in place of that bold,bold,in place of that,
Write an email about contract renewal,email_compose,contract renewal,
Reply to the email: let's sync after the meeting,email_reply,let's sync after the meeting,
Reply to the email: can you review my PR,email_reply,can you review my PR,
Summarise what we need to achieve in the meeting,ai_refine,summarise what we need to achieve in the meeting,key meeting objectives
Please make it italic,italic,it,
Search my email for important information,email_search,important information,
Please make Please review this document. bold,bold,Please review this document.,
Make the quarterly review bold,bold,the quarterly review,
Start a new email with the subject the annual report,email_compose,the annual report,
Respond with lunch at noon,dm_reply,lunch at noon,
make these italic,italic,these,
Bold how have you been,bold,how have you been,
Set Machine learning is useful. to underlined,underline,Machine learning is useful.,
make at the end of it italic,italic,at the end of it,
Find the email about important information,email_search,important information,
Send the email: standup moved to 10am,email_send,standup moved to 10am,
Answer with we hit the quarterly target,dm_reply,we hit the quarterly target,
Take me to my inbox,navigate_email,,
Find the email about customer experience,email_search,customer experience,
Start a new email with the subject the sprint review,email_compose,the sprint review,
make for now to underlined,underline,for now,
Open my email,navigate_email,,
Quarterly earnings are up 10%.,add_text,Quarterly earnings are up 10%.,
Send it,unknown,,
Delete the current conversation,dm_delete,,
Forward this email to someone,email_forward,,
"Delete ""Microsoft""",search_delete,Microsoft,
Move this email to trash,email_delete,,
Make latest relationship developments more concise and impactful,ai_refine,make more concise and impactful,recent relationship developments
make the deploy is ready to bold,bold,the deploy is ready,
Post the message the report is ready,dm_send,the report is ready,
Flag the main risks in recent client developments,ai_refine,flag the main risks,recent relationship developments
make welcome aboard to underlined,underline,welcome aboard,
Show me chats about Introduction,dm_search,Introduction,
Delete this message,email_delete,,
Switch to messages,navigate_dm,,
Add more detail and supporting context to recent relationship developments,ai_refine,add more detail and supporting context,recent relationship developments
Delete the phrase artificial intelligence,search_delete,artificial intelligence,
Remove the chat,dm_delete,,
Open the email page,navigate_email,,
Please write This is a sample document,add_text,This is a sample document,
Send a message saying please update the ticket,dm_send,please update the ticket,
Please make hello everyone bold,bold,hello everyone,
Type Quarterly earnings are up 10%.,add_text,Quarterly earnings are up 10%.,
Look up chats about annual report,dm_search,annual report,
Delete the previous sentence,prev_sentence_delete,,
Can you open email for me?,navigate_email,,
"Send this email, the body is can you review my PR",email_send,can you review my PR,
Type and send the server is back up,dm_send,the server is back up,
Italicize Q3 results,italic,Q3 results,
Please make financial report italic,italic,financial report,
Underline these,underline,these,
set the bug is fixed to underline,underline,the bug is fixed,
Book a table for two,unknown,,
Say can you review my PR,dm_send,can you review my PR,
Make Artificial intelligence is changing the world. italic,italic,Artificial intelligence is changing the world.,
Make welcome aboard bold,bold,welcome aboard,
make let me know to bold,bold,let me know,
Reply with standup moved to 10am,dm_reply,standup moved to 10am,
Go to chat,navigate_dm,,
Please make the roadmap bold,bold,the roadmap,
Set the roadmap to bold,bold,the roadmap,
Highlight the key items in points for discussion,ai_refine,highlight the key items,discussion points
Make the quarterly review bold,bold,the quarterly review,
Go to my inbox of messages,navigate_dm,,
Post the message please update the ticket,dm_send,please update the ticket,
Forward this email to someone,email_forward,,
Apply underline to thank you,underline,thank you,
Look up chats about Introduction,dm_search,Introduction,
Turn the important items into discussion points,ai_refine,turn the important items into discussion points,discussion points
Delete this email,email_delete,,
Remove the previous sentence,prev_sentence_delete,,
Delete the phrase Conclusion,search_delete,Conclusion,
This is a sample document,add_text,This is a sample document,
Show me emails about Apple,email_search,Apple,
Move this email to trash,email_delete,,
Bold thank you,bold,thank you,
Summarise what we need to achieve in the meeting,ai_refine,summarise what we need to achieve in the meeting,key meeting objectives
Please remove Conclusion,search_delete,Conclusion,
Write a new email titled contract renewal,email_compose,contract renewal,
Open my email,navigate_email,,
Throw this email away,email_delete,,
Send a chat message: the deploy is scheduled for tonight,dm_send,the deploy is scheduled for tonight,
Bold The quick brown fox jumps over the lazy dog.,bold,The quick brown fox jumps over the lazy dog.,
"Make ""how have you been"" bold",bold,how have you been,
Insert Good morning everyone,add_text,Good morning everyone,
Reply with can you review my PR,dm_reply,can you review my PR,
Answer this email with let's sync after the meeting,email_reply,let's sync after the meeting,
Reply to this email saying let's sync after the meeting,email_reply,let's sync after the meeting,
Add more detail and supporting context to key relationship risks,ai_refine,add more detail and supporting context,relationship sensitivities
make This is a sample document to bold,bold,This is a sample document,
Delete the last sentence,prev_sentence_delete,,
"Send this email, the body is please update the ticket",email_send,please update the ticket,
Trash this chat,dm_delete,,
Turn the important items into discussion points,ai_refine,turn the important items into discussion points,discussion points
Write an email about roadmap planning,email_compose,roadmap planning,
Call alice,unknown,,
Trash this chat,dm_delete,,
Highlight the most significant pipeline deals to discuss,ai_refine,highlight the most significant,pipeline deals
Add more detail and supporting context to key deals in the pipeline,ai_refine,add more detail and supporting context,pipeline deals
Bold how have you been,bold,how have you been,
Identify the most important points in high-value pipeline opportunities,ai_refine,identify the most important points,pipeline deals
Search my chats for Q3 results,dm_search,Q3 results,
Remove this email,email_delete,,
make thank you to underlined,underline,thank you,
Draft an email about the security update,email_compose,the security update,
set Artificial intelligence is changing the world. to italicized,italic,Artificial intelligence is changing the world.,
Trash this email,email_delete,,
Mark everything as read,unknown,,
Please write The quick brown fox jumps over the lazy dog.,add_text,The quick brown fox jumps over the lazy dog.,
What time is it?,unknown,,
Highlight the most significant discussion points to discuss,ai_refine,highlight the most significant,discussion points
Please make in place of this bold,bold,in place of this,
Send standup moved to 10am,dm_send,standup moved to 10am,
Reply to this email: I'll be late today,email_reply,I'll be late today,
Send a reply saying the client call is confirmed,email_reply,the client call is confirmed,
Identify the most important points in key deals in the pipeline,ai_refine,identify the most important points,pipeline deals
make the API key to bold,bold,the API key,
What time is it?,unknown,,
Forward it,email_forward,,
Search my inbox for Apple,email_search,Apple,
Please make on top of it bold,bold,on top of it,
Reply to this email saying we hit the quarterly target,email_reply,we hit the quarterly target,
"Underline ""this is urgent""",underline,this is urgent,
Respond with let's sync after the meeting,dm_reply,let's sync after the meeting,
Today is a beautiful day.,add_text,Today is a beautiful day.,
Turn the important items into discussion points,ai_refine,turn the important items into discussion points,discussion points
make those bold,bold,those,
Send this email saying the build is green,email_send,the build is green,
Open the email page,navigate_email,,
Answer with the report is ready,dm_reply,the report is ready,
Summarise what we need to achieve in the meeting,ai_refine,summarise what we need to achieve in the meeting,key meeting objectives
Send the email with the message the client call is confirmed,email_send,the client call is confirmed,
Show me chats about annual report,dm_search,annual report,
Show me my emails,navigate_email,,
underline the roadmap,underline,the roadmap,
Apply underline to how are you,underline,how are you,
Erase customer onboarding,search_delete,customer onboarding,
Send a reply saying the client call is confirmed,email_reply,the client call is confirmed,
Italicize Google,italic,Google,
set how are you to bolded,bold,how are you,
make instead of it to bold,bold,instead of it,
Write Machine learning is useful.,add_text,Machine learning is useful.,
Search my inbox for Apple,email_search,Apple,
Find the chat about Q3 results,dm_search,Q3 results,
Search my chats for Apple,dm_search,Apple,
set good morning to underline,underline,good morning,
Turn priority discussion topics into clear talking points,ai_refine,turn into clear talking points,discussion points
Set in the middle of it to italic,italic,in the middle of it,
Find the email about Google,email_search,Google,
Reply to this chat with standup moved to 10am,dm_reply,standup moved to 10am,
Turn the important items into discussion points,ai_refine,turn the important items into discussion points,discussion points
Italicize in place of this,italic,in place of this,
make the build is green into underlined,underline,the build is green,
Remove the previous sentence,prev_sentence_delete,,
Reply to the email: lunch at noon,email_reply,lunch at noon,
Write The project starts tomorrow.,add_text,The project starts tomorrow.,
What should we prioritise for the meeting,ai_refine,what should we prioritise for the meeting,key meeting objectives
Finish and send with the text the client call is confirmed,email_send,the client call is confirmed,
Reply to this email saying I'll be late today,email_reply,I'll be late today,
Write an email about contract renewal,email_compose,contract renewal,
Set meeting notes to bold,bold,meeting notes,
"Delete ""Microsoft""",search_delete,Microsoft,
Trash this email,email_delete,,
Remove the previous sentence,prev_sentence_delete,,
Please underline good evening,underline,good evening,
Set the client is happy to bold,bold,the client is happy,
Answer with let's sync after the meeting,dm_reply,let's sync after the meeting,
Please make the client is happy italic,italic,the client is happy,
Type The project starts tomorrow.,add_text,The project starts tomorrow.,
Flag the highest-value opportunities in the pipeline,ai_refine,flag the highest-value opportunities in the pipeline,pipeline deals
make meeting notes to bold,bold,meeting notes,
Send a message saying can you review my PR,dm_send,can you review my PR,
Throw this email away,email_delete,,
Switch to messages,navigate_dm,,
Find the email about Apple,email_search,Apple,
Go to my inbox,navigate_email,,
Navigate to email,navigate_email,,
What time is it?,unknown,,
Make machine learning italic,italic,machine learning,
Send a reply saying standup moved to 10am,email_reply,standup moved to 10am,
List any pending issues or complaints from this client,ai_refine,list any pending issues or complaints from this client,relationship sensitivities
make the client is happy bold,bold,the client is happy,
Turn new relationship developments into clear talking points,ai_refine,turn into clear talking points,recent relationship developments
set the final report to italicized,italic,the final report,
make the final report into bold,bold,the final report,
Delete the previous sentence,prev_sentence_delete,,
Forward this email to someone,email_forward,,
Send it and say let's sync after the meeting,email_send,let's sync after the meeting,
Bold Today is a beautiful day.,bold,Today is a beautiful day.,
Insert Welcome to the meeting,add_text,Welcome to the meeting,
New email about the sprint review,email_compose,the sprint review,
Delete it,unknown,,
set artificial intelligence to bolded,bold,artificial intelligence,
Finish and send with the text please update the ticket,email_send,please update the ticket,
set take care to bolded,bold,take care,
"Make ""take care"" bold",bold,take care,
Show me my chats,navigate_dm,,
What relationship risks should I flag,ai_refine,what relationship risks should I flag,relationship sensitivities
Reply to this email: lunch at noon,email_reply,lunch at noon,
Please remove project plan,search_delete,project plan,
Hello everyone,add_text,Hello everyone,
Reply to this message: we hit the quarterly target,dm_reply,we hit the quarterly target,
Send this email saying lunch at noon,email_send,lunch at noon,
Add Quarterly earnings are up 10%.,add_text,Quarterly earnings are up 10%.,
Look up chats about customer relationship management,dm_search,customer relationship management,
Finish and send with the text let's sync after the meeting,email_send,let's sync after the meeting,
make well done italic,italic,well done,
make customer onboarding to underlined,underline,customer onboarding,
What are the key relationship risks to flag,ai_refine,what are the key relationship risks to flag,relationship sensitivities
Add more detail and supporting context to recent relationship developments,ai_refine,add more detail and supporting context,recent relationship developments
Make good evening bold,bold,good evening,
Delete the current email,email_delete,,
Send this email saying lunch at noon,email_send,lunch at noon,
Delete the current conversation,dm_delete,,
Send this email on,email_forward,,
Send this email on,email_forward,,
Delete this email,email_delete,,
Forward it,email_forward,,
Set we shipped the release to italic,italic,we shipped the release,
make Please review this document. into underlined,underline,Please review this document.,
Forward it,email_forward,,
make hello everyone into underlined,underline,hello everyone,
What should we prioritise for the meeting,ai_refine,what should we prioritise for the meeting,key meeting objectives
Reply to the email: lunch at noon,email_reply,lunch at noon,
Trash this chat,dm_delete,,
Say the report is ready,dm_send,the report is ready,
Find the chat about project plan,dm_search,project plan,
What has changed recently in the client relationship,ai_refine,what has changed recently in the client relationship,recent relationship developments
Delete this chat,dm_delete,,
Write Hello everyone,add_text,Hello everyone,
Who won the game?,unknown,,
Forward it,email_forward,,
Open my inbox,navigate_email,,
Turn the important items into discussion points,ai_refine,turn the important items into discussion points,discussion points
Make them italic,italic,them,
"Underline ""long time no see""",underline,long time no see,
Underline meeting notes,underline,meeting notes,
Delete the current conversation,dm_delete,,
Reply to this message: standup moved to 10am,dm_reply,standup moved to 10am,
Search my email for financial report,email_search,financial report,
Rewrite meeting objectives to be more concise,ai_refine,rewrite to be more concise,key meeting objectives
Unsend that,unknown,,
Send this email on,email_forward,,
What are the key relationship risks to flag,ai_refine,what are the key relationship risks to flag,relationship sensitivities
Identify the most important points in main meeting objectives,ai_refine,identify the most important points,key meeting objectives
Navigate to messages,navigate_dm,,
Write an email about the sprint review,email_compose,the sprint review,
make thanks so much into bold,bold,thanks so much,
Flag the main risks in topics to discuss,ai_refine,flag the main risks,discussion points
Send a message saying can you review my PR,dm_send,can you review my PR,
Delete the previous sentence,prev_sentence_delete,,
Underline in front of it,underline,in front of it,
Reply to this email: we hit the quarterly target,email_reply,we hit the quarterly target,
Make discussion points more concise and impactful,ai_refine,make more concise and impactful,discussion points
Compose an email about meeting notes,email_compose,meeting notes,
Start a new email with the subject the project plan,email_compose,the project plan,
Search my email for Amazon,email_search,Amazon,
Delete the previous sentence,prev_sentence_delete,,
Delete the last sentence,prev_sentence_delete,,
Throw this email away,email_delete,,
Send the email with the message lunch at noon,email_send,lunch at noon,
Please underline annual report,underline,annual report,
Send this message: please update the ticket,dm_send,please update the ticket,
Please write Artificial intelligence is changing the world.,add_text,Artificial intelligence is changing the world.,
make how was your day italic,italic,how was your day,
Make the onboarding flow bold,bold,the onboarding flow,
Search messages for Introduction,dm_search,Introduction,
Flag any unresolved client concerns,ai_refine,flag any unresolved client concerns,relationship sensitivities
Forward it,email_forward,,
Which pipeline deals should we prioritise,ai_refine,which pipeline deals should we prioritise,pipeline deals
Reply saying let's sync after the meeting,dm_reply,let's sync after the meeting,
Put Quarterly earnings are up 10%. into the document,add_text,Quarterly earnings are up 10%.,
Open my email,navigate_email,,
set the server is down to italicized,italic,the server is down,
Send the email: lunch at noon,email_send,lunch at noon,
Look up chats about Google,dm_search,Google,
Forward this message,email_forward,,
Please write The project starts tomorrow.,add_text,The project starts tomorrow.,
Please write Machine learning is useful.,add_text,Machine learning is useful.,
make the meeting is at noon into bold,bold,the meeting is at noon,
Summarise the key points of client relationship risks,ai_refine,summarise the key points,relationship sensitivities
Set Good morning everyone to underlined,underline,Good morning everyone,
make the build is green bold,bold,the build is green,
Delete the previous sentence,prev_sentence_delete,,
Send the email: the client call is confirmed,email_send,the client call is confirmed,
Send the report is ready,dm_send,the report is ready,
Reply to the email: lunch at noon,email_reply,lunch at noon,
Forward this email to someone,email_forward,,
Delete the last sentence,prev_sentence_delete,,
Open my messages,navigate_dm,,
Tell me a joke,unknown,,
Say can you review my PR,dm_send,can you review my PR,
Apply underline to the onboarding flow,underline,the onboarding flow,
Delete machine learning,search_delete,machine learning,
Write a new email titled Q3 results,email_compose,Q3 results,
Delete the phrase financial report,search_delete,financial report,
Search my inbox for important information,email_search,important information,
Switch to messages,navigate_dm,,
Italicize the build is green,italic,the build is green,
Forward this email,email_forward,,
Delete the previous sentence,prev_sentence_delete,,
Please remove Q3 results,search_delete,Q3 results,
set in the middle of it to underline,underline,in the middle of it,
Trash this email,email_delete,,
Look up emails about deep learning,email_search,deep learning,
Respond to this email with the deploy is scheduled for tonight,email_reply,the deploy is scheduled for tonight,
Respond with let's sync after the meeting,dm_reply,let's sync after the meeting,
Message saying the build is green,dm_send,the build is green,
Forward the current email,email_forward,,
Send a chat message: let's sync after the meeting,dm_send,let's sync after the meeting,
Reply to this chat with the report is ready,dm_reply,the report is ready,
Make instead of this italic,italic,instead of this,
Send the email: the deploy is scheduled for tonight,email_send,the deploy is scheduled for tonight,
Please make how are you italic,italic,how are you,
Underline Good morning everyone,underline,Good morning everyone,
Forward it,email_forward,,
Send this email saying lunch at noon,email_send,lunch at noon,
What relationship risks should I flag,ai_refine,what relationship risks should I flag,relationship sensitivities
What should we prioritise for the meeting,ai_refine,what should we prioritise for the meeting,key meeting objectives
Rewrite meeting objectives to be more concise,ai_refine,rewrite to be more concise,key meeting objectives
Reply saying the client call is confirmed,dm_reply,the client call is confirmed,
Please make how are you bold,bold,how are you,
Remove this message,dm_delete,,
Forward this message,email_forward,,
Reply to this chat with lunch at noon,dm_reply,lunch at noon,
make this is urgent italic,italic,this is urgent,
set annual report to italicized,italic,annual report,
Apply underline to the build is green,underline,the build is green,
make customer relationship management into underlined,underline,customer relationship management,
Bold deep learning,bold,deep learning,
Send a reply saying the build is green,email_reply,the build is green,
Reply to this email saying I'll be late today,email_reply,I'll be late today,
"Make ""financial report"" italic",italic,financial report,
Add Good morning everyone,add_text,Good morning everyone,
Reply to this chat with the server is back up,dm_reply,the server is back up,
Delete the last sentence,prev_sentence_delete,,
set project plan to bolded,bold,project plan,
Write a new email titled the security update,email_compose,the security update,
Delete the current conversation,dm_delete,,
Insert Machine learning is useful.,add_text,Machine learning is useful.,
Delete this thread,dm_delete,,
Answer with please update the ticket,dm_reply,please update the ticket,
Write Hello everyone,add_text,Hello everyone,
make in the meantime to bold,bold,in the meantime,
Look up chats about artificial intelligence,dm_search,artificial intelligence,
make meeting notes into italic,italic,meeting notes,
Remove the previous sentence,prev_sentence_delete,,
Make recent client developments more concise and impactful,ai_refine,make more concise and impactful,recent relationship developments
Make pipeline deals more concise and impactful,ai_refine,make more concise and impactful,pipeline deals
What time is it?,unknown,,
Make The project starts tomorrow. italic,italic,The project starts tomorrow.,
Find the email about Microsoft,email_search,Microsoft,
Set Good morning everyone to italic,italic,Good morning everyone,
Apply underline to the API key,underline,the API key,
Remove the chat,dm_delete,,
set at the end of it to underline,underline,at the end of it,
make customer experience into underlined,underline,customer experience,
Send this email on,email_forward,,
Turn relationship sensitivities into clear talking points,ai_refine,turn into clear talking points,relationship sensitivities
set Quarterly earnings are up 10%. to underline,underline,Quarterly earnings are up 10%.,
Reply to this message: we hit the quarterly target,dm_reply,we hit the quarterly target,
What is the weather today?,unknown,,
Write Welcome to the meeting,add_text,Welcome to the meeting,
Search my DMs for Q3 results,dm_search,Q3 results,
"Make ""customer relationship management"" italic",italic,customer relationship management,
Make priority discussion topics more concise and impactful,ai_refine,make more concise and impactful,discussion points
"Send this email, the body is the server is back up",email_send,the server is back up,
Rewrite key discussion points to be more concise,ai_refine,rewrite to be more concise,discussion points
make good night into italic,italic,good night,
Say the server is back up,dm_send,the server is back up,
What are the key relationship risks to flag,ai_refine,what are the key relationship risks to flag,relationship sensitivities
"Send this email, the body is standup moved to 10am",email_send,standup moved to 10am,
Send this email on,email_forward,,
Reply to the email: the server is back up,email_reply,the server is back up,
make Quarterly earnings are up 10%. to italic,italic,Quarterly earnings are up 10%.,
Reply saying the server is back up,dm_reply,the server is back up,
"Make ""instead of this"" italic",italic,instead of this,
Remove the chat,dm_delete,,
Forward it,email_forward,,
Delete the previous sentence,prev_sentence_delete,,
Reply saying the deploy is scheduled for tonight,dm_reply,the deploy is scheduled for tonight,
Send the email saying can you review my PR,email_send,can you review my PR,
Italicize next steps,italic,next steps,
Search messages for Microsoft,dm_search,Microsoft,
Respond to this email with I'll be late today,email_reply,I'll be late today,
What should we prioritise for the meeting,ai_refine,what should we prioritise for the meeting,key meeting objectives
Compose an email about roadmap planning,email_compose,roadmap planning,
Search my email for customer relationship management,email_search,customer relationship management,
Flag the highest-value opportunities in the pipeline,ai_refine,flag the highest-value opportunities in the pipeline,pipeline deals
Summarise what we need to achieve in the meeting,ai_refine,summarise what we need to achieve in the meeting,key meeting objectives
underline these,underline,these,
Unsend that,unknown,,
Delete the last sentence,prev_sentence_delete,,
Navigate to email,navigate_email,,
Remove this message,dm_delete,,
Compose an email about the annual report,email_compose,the annual report,
What are the key relationship risks to flag,ai_refine,what are the key relationship risks to flag,relationship sensitivities
Send the email: the deploy is scheduled for tonight,email_send,the deploy is scheduled for tonight,
Underline please review this,underline,please review this,
Add more detail and supporting context to most significant pipeline deals,ai_refine,add more detail and supporting context,pipeline deals
set these to underline,underline,these,
Answer with the server is back up,dm_reply,the server is back up,
Delete this thread,dm_delete,,
Write an email about Q3 results,email_compose,Q3 results,
Delete it,unknown,,
Delete the previous sentence,prev_sentence_delete,,
Put Welcome to the meeting into the document,add_text,Welcome to the meeting,
Can you open email for me?,navigate_email,,
Which pipeline deals should we prioritise,ai_refine,which pipeline deals should we prioritise,pipeline deals
"Underline ""Customer onboarding is complete.""",underline,Customer onboarding is complete.,
Send it and say we hit the quarterly target,email_send,we hit the quarterly target,
Insert Today is a beautiful day.,add_text,Today is a beautiful day.,
make Machine learning is useful. to underlined,underline,Machine learning is useful.,
Delete the last sentence,prev_sentence_delete,,
set in place of this to bolded,bold,in place of this,
Summarise the key points of relationship concerns,ai_refine,summarise the key points,relationship sensitivities
Set the security patch to bold,bold,the security patch,
Can you open email for me?,navigate_email,,
Send this email saying we hit the quarterly target,email_send,we hit the quarterly target,
Move this email to trash,email_delete,,
underline in place of this,underline,in place of this,
Go to chat,navigate_dm,,
Send it and say the client call is confirmed,email_send,the client call is confirmed,
Please remove project plan,search_delete,project plan,
Show me my chats,navigate_dm,,
make machine learning into underlined,underline,machine learning,
Forward the current email,email_forward,,
What relationship risks should I flag,ai_refine,what relationship risks should I flag,relationship sensitivities
Set thanks so much to italic,italic,thanks so much,
Set Hello everyone to italic,italic,Hello everyone,
Find emails about project plan,email_search,project plan,
Search my DMs for financial report,dm_search,financial report,
make the quarterly review to bold,bold,the quarterly review,
Apply underline to Welcome to the meeting,underline,Welcome to the meeting,
Set at the end of it to bold,bold,at the end of it,
Delete the last sentence,prev_sentence_delete,,
make you're welcome into italic,italic,you're welcome,
Find emails about Microsoft,email_search,Microsoft,
Can you open chat for me?,navigate_dm,,
Navigate to messages,navigate_dm,,
List any pending issues or complaints from this client,ai_refine,list any pending issues or complaints from this client,relationship sensitivities
Please underline how's it going,underline,how's it going,
Switch to email,navigate_email,,
Can you open email for me?,navigate_email,,
Search my DMs for customer experience,dm_search,customer experience,
Set how are you doing to bold,bold,how are you doing,
Delete the previous sentence,prev_sentence_delete,,
Delete this thread,dm_delete,,
Show me my emails,navigate_email,,
Search my inbox for Google,email_search,Google,
Unsend that,unknown,,
Take me to my DMs,navigate_dm,,
Unsend that,unknown,,
Reply to this message: lunch at noon,dm_reply,lunch at noon,
Go to chat,navigate_dm,,
Write Customer onboarding is complete.,add_text,Customer onboarding is complete.,
Delete this thread,dm_delete,,
Delete the last sentence,prev_sentence_delete,,
Delete the previous sentence,prev_sentence_delete,,
make well done bold,bold,well done,
Forward it,email_forward,,
Delete the previous sentence,prev_sentence_delete,,
Reply saying please update the ticket,dm_reply,please update the ticket,
Send the email: lunch at noon,email_send,lunch at noon,
underline the meeting is at noon,underline,the meeting is at noon,
Find conversations about Microsoft,dm_search,Microsoft,
Rewrite key relationship risks to be more concise,ai_refine,rewrite to be more concise,relationship sensitivities
make on top of it into italic,italic,on top of it,
Open my messages,navigate_dm,,
make hello everyone to italic,italic,hello everyone,
Bold please review this,bold,please review this,
Highlight recent relationship developments for discussion points,ai_refine,highlight recent relationship developments,discussion points
Forward it,email_forward,,
Navigate to messages,navigate_dm,,
set on top of it to underline,underline,on top of it,
What has changed recently in the client relationship,ai_refine,what has changed recently in the client relationship,recent relationship developments
underline thanks so much,underline,thanks so much,
make the API key into underlined,underline,the API key,
Highlight the key items in key relationship risks,ai_refine,highlight the key items,relationship sensitivities
set the security patch to bolded,bold,the security patch,
Apply underline to well done,underline,well done,
Set artificial intelligence to italic,italic,artificial intelligence,
Send the email: standup moved to 10am,email_send,standup moved to 10am,
Underline on top of it,underline,on top of it,
Open the messenger,navigate_dm,,
Forward this email to someone,email_forward,,
make by the way to italic,italic,by the way,
"Make ""Google"" bold",bold,Google,
Look up emails about Microsoft,email_search,Microsoft,
Search my email for customer relationship management,email_search,customer relationship management,
Summarise what we need to achieve in the meeting,ai_refine,summarise what we need to achieve in the meeting,key meeting objectives
Reply to this email: the server is back up,email_reply,the server is back up,
Delete this email,email_delete,,
"Make ""as well as it"" bold",bold,as well as it,
Compose an email with the subject the project plan,email_compose,the project plan,
Reply to this chat with the client call is confirmed,dm_reply,the client call is confirmed,
Find the chat about Conclusion,dm_search,Conclusion,
"Make ""good evening"" italic",italic,good evening,
Delete this email,email_delete,,
make Google into italic,italic,Google,
Summarise the key points of pipeline deals,ai_refine,summarise the key points,pipeline deals
Erase deep learning,search_delete,deep learning,
Send a reply saying standup moved to 10am,email_reply,standup moved to 10am,
Remove the chat,dm_delete,,
Delete the last sentence,prev_sentence_delete,,
Open my messages,navigate_dm,,
Put The project starts tomorrow. into the document,add_text,The project starts tomorrow.,
make Hello everyone into italic,italic,Hello everyone,
Summarize the key points of most significant pipeline deals,ai_refine,summarize the key points,pipeline deals
Please write Machine learning is useful.,add_text,Machine learning is useful.,
Identify the most important points in relationship concerns,ai_refine,identify the most important points,relationship sensitivities
Start a new email with the subject the annual report,email_compose,the annual report,
Send it and say the build is green,email_send,the build is green,
Apply underline to in the meantime,underline,in the meantime,
What are the main points we should discuss,ai_refine,what are the main points we should discuss,discussion points
"Delete ""customer experience""",search_delete,customer experience,
Trash this email,email_delete,,
Forward this email,email_forward,,
"Delete ""customer onboarding""",search_delete,customer onboarding,
"Delete ""Microsoft""",search_delete,Microsoft,
Make thank you bold,bold,thank you,
Send a chat message: we hit the quarterly target,dm_send,we hit the quarterly target,
Delete this thread,dm_delete,,
Highlight the most significant pipeline deals to discuss,ai_refine,highlight the most significant,pipeline deals
"Send this email, the body is the report is ready",email_send,the report is ready,
Turn the important items into discussion points,ai_refine,turn the important items into discussion points,discussion points
Forward the current email,email_forward,,
Send the email: standup moved to 10am,email_send,standup moved to 10am,
Reply to the email: let's sync after the meeting,email_reply,let's sync after the meeting,
make for now to italic,italic,for now,
set how are you doing to italicized,italic,how are you doing,
Bold good evening,bold,good evening,
Open the chat page,navigate_dm,,
set in other words to italicized,italic,in other words,
Summarize the key points of recent client developments,ai_refine,summarize the key points,recent relationship developments
Reply to this email saying standup moved to 10am,email_reply,standup moved to 10am,
Reply to this email: the server is back up,email_reply,the server is back up,
Search my inbox for deep learning,email_search,deep learning,
Flag the main risks in topics to discuss,ai_refine,flag the main risks,discussion points
Please make this is urgent italic,italic,this is urgent,
Trash this chat,dm_delete,,
Take me to my DMs,navigate_dm,,
Summarise the key points of most significant pipeline deals,ai_refine,summarise the key points,pipeline deals
Highlight the most significant pipeline deals to discuss,ai_refine,highlight the most significant,pipeline deals
Find conversations about Q3 results,dm_search,Q3 results,
Start a new email with the subject contract renewal,email_compose,contract renewal,
Flag the main risks in recent client relationship changes,ai_refine,flag the main risks,recent relationship developments
"Send this email, the body is standup moved to 10am",email_send,standup moved to 10am,
Delete this thread,dm_delete,,
What time is it?,unknown,,
Trash this email,email_delete,,
Mark everything as read,unknown,,
Reply to this message: the deploy is scheduled for tonight,dm_reply,the deploy is scheduled for tonight,
Respond with can you review my PR,dm_reply,can you review my PR,
Show me emails about financial report,email_search,financial report,
Type The project starts tomorrow.,add_text,The project starts tomorrow.,
Please make the build is green bold,bold,the build is green,
Remove this email,email_delete,,
Turn priority meeting objectives into clear talking points,ai_refine,turn into clear talking points,key meeting objectives
Search my inbox for Conclusion,email_search,Conclusion,
Flag the highest-value opportunities in the pipeline,ai_refine,flag the highest-value opportunities in the pipeline,pipeline deals
Make the bug is fixed bold,bold,the bug is fixed,
Show me chats about customer relationship management,dm_search,customer relationship management,
The quick brown fox jumps over the lazy dog.,add_text,The quick brown fox jumps over the lazy dog.,
Go to my inbox,navigate_email,,
Reply to the email: let's sync after the meeting,email_reply,let's sync after the meeting,
Delete the previous sentence,prev_sentence_delete,,
underline Good morning everyone,underline,Good morning everyone,
Forward this message,email_forward,,
Play some music,unknown,,
Write the client call is confirmed,dm_send,the client call is confirmed,
Trash this email,email_delete,,
Begin a new email regarding budget approval,email_compose,budget approval,
Insert Welcome to the meeting,add_text,Welcome to the meeting,
Which pipeline deals should we prioritise,ai_refine,which pipeline deals should we prioritise,pipeline deals
make Artificial intelligence is changing the world. to italic,italic,Artificial intelligence is changing the world.,
Reply to this message: the client call is confirmed,dm_reply,the client call is confirmed,
Find conversations about machine learning,dm_search,machine learning,
Message saying the deploy is scheduled for tonight,dm_send,the deploy is scheduled for tonight,
Italicize those,italic,those,
Please make the deploy is ready bold,bold,the deploy is ready,
"Make ""hello everyone"" bold",bold,hello everyone,
set the final report to bolded,bold,the final report,
Delete this chat,dm_delete,,
Show me my chats,navigate_dm,,
Highlight the most significant pipeline deals to discuss,ai_refine,highlight the most significant,pipeline deals
Remove the chat,dm_delete,,
Highlight recent relationship developments for discussion points,ai_refine,highlight recent relationship developments,discussion points
Forward it,email_forward,,
Please make how was your day bold,bold,how was your day,
make deep learning bold,bold,deep learning,
make how was your day into underlined,underline,how was your day,
make the security patch into bold,bold,the security patch,
Respond to this email with lunch at noon,email_reply,lunch at noon,
"Make ""at the end of it"" bold",bold,at the end of it,
Start a new email with the subject budget approval,email_compose,budget approval,
Flag the highest-value opportunities in the pipeline,ai_refine,flag the highest-value opportunities in the pipeline,pipeline deals
Open my inbox,navigate_email,,
Send the email: standup moved to 10am,email_send,standup moved to 10am,
Search messages for Conclusion,dm_search,Conclusion,
Rewrite topics to discuss to be more concise,ai_refine,rewrite to be more concise,discussion points
Delete the last sentence,prev_sentence_delete,,
Delete the previous sentence,prev_sentence_delete,,
Take me to my inbox,navigate_email,,
make on the other hand italic,italic,on the other hand,
Tell me a joke,unknown,,
"Underline ""how have you been""",underline,how have you been,
Write Artificial intelligence is changing the world.,add_text,Artificial intelligence is changing the world.,
Highlight the key items in sensitive relationship issues,ai_refine,highlight the key items,relationship sensitivities
Show me my chats,navigate_dm,,
Make this italic,italic,this,
Compose an email about the sprint review,email_compose,the sprint review,
Reply to this message: we hit the quarterly target,dm_reply,we hit the quarterly target,
Highlight the most significant pipeline deals to discuss,ai_refine,highlight the most significant,pipeline deals
Delete the current email,email_delete,,
Delete this conversation,dm_delete,,
Type and send lunch at noon,dm_send,lunch at noon,
Archive this thread,unknown,,
Put Please review this document. into the document,add_text,Please review this document.,
Delete the last sentence,prev_sentence_delete,,
Delete the last sentence,prev_sentence_delete,,
Forward this email,email_forward,,
make thanks so much italic,italic,thanks so much,
What has changed recently in the client relationship,ai_refine,what has changed recently in the client relationship,recent relationship developments
Turn most significant pipeline deals into clear talking points,ai_refine,turn into clear talking points,pipeline deals
Send a reply saying the server is back up,dm_reply,the server is back up,
Reply with the build is green,email_reply,the build is green,
Write Good morning everyone,add_text,Good morning everyone,
What are the key relationship risks to flag,ai_refine,what are the key relationship risks to flag,relationship sensitivities
Send the client call is confirmed,dm_send,the client call is confirmed,
Respond with can you review my PR,dm_reply,can you review my PR,
Add useful context to priority meeting objectives,ai_refine,add useful context,key meeting objectives
Apply underline to in place of it,underline,in place of it,
Turn the important items into discussion points,ai_refine,turn the important items into discussion points,discussion points
Send this email saying standup moved to 10am,email_send,standup moved to 10am,
Send a chat message: we hit the quarterly target,dm_send,we hit the quarterly target,
Respond with let's sync after the meeting,dm_reply,let's sync after the meeting,
Reply to this email: the report is ready,email_reply,the report is ready,
Identify the most important points in most significant pipeline deals,ai_refine,identify the most important points,pipeline deals
Draft an email about the sprint review,email_compose,the sprint review,
make the onboarding flow into bold,bold,the onboarding flow,
Find the email about machine learning,email_search,machine learning,
Send it,unknown,,
Reply with we hit the quarterly target,email_reply,we hit the quarterly target,
Flag any unresolved client concerns,ai_refine,flag any unresolved client concerns,relationship sensitivities
Trash this email,email_delete,,
Send the email with the message the server is back up,email_send,the server is back up,
Schedule a meeting,unknown,,
Please make those bold,bold,those,
Underline the design doc,underline,the design doc,
make Machine learning is useful. to bold,bold,Machine learning is useful.,
Look up emails about Introduction,email_search,Introduction,
List any pending issues or complaints from this client,ai_refine,list any pending issues or complaints from this client,relationship sensitivities
Turn key relationship risks into clear talking points,ai_refine,turn into clear talking points,relationship sensitivities
make these italic,italic,these,
Please underline the customer list,underline,the customer list,
Please write The quick brown fox jumps over the lazy dog.,add_text,The quick brown fox jumps over the lazy dog.,
make the client is happy into underlined,underline,the client is happy,
Open my inbox,navigate_email,,
underline good morning,underline,good morning,
Set deep learning to underlined,underline,deep learning,
Delete the current conversation,dm_delete,,
Show me my chats,navigate_dm,,
"Make ""deep learning"" bold",bold,deep learning,
Go to chat,navigate_dm,,
Who won the game?,unknown,,
Find the email about Introduction,email_search,Introduction,
Remove the chat,dm_delete,,
Please remove meeting notes,search_delete,meeting notes,
Open the email page,navigate_email,,
make how are you into italic,italic,how are you,
set Q3 results to italicized,italic,Q3 results,
Bold what's up,bold,what's up,
Reply to the email: the report is ready,email_reply,the report is ready,
Send a message saying the deploy is scheduled for tonight,dm_send,the deploy is scheduled for tonight,
"Send this email, the body is the report is ready",email_send,the report is ready,
make for now bold,bold,for now,
"Underline ""in place of that""",underline,in place of that,
Underline it,underline,it,
make how are you to underlined,underline,how are you,
Search my email for Apple,email_search,Apple,
Forward the current email,email_forward,,
make you're welcome into underlined,underline,you're welcome,
Delete Microsoft,search_delete,Microsoft,
Open my messages,navigate_dm,,
make long time no see into underlined,underline,long time no see,
set the roadmap to bolded,bold,the roadmap,
Remove the previous sentence,prev_sentence_delete,,
Show me my chats,navigate_dm,,
Answer with the report is ready,dm_reply,the report is ready,
Erase Q3 results,search_delete,Q3 results,
set Conclusion to underline,underline,Conclusion,
"Make ""the ticket is closed"" italic",italic,the ticket is closed,
Delete the current conversation,dm_delete,,
Delete it,unknown,,
Make customer relationship management italic,italic,customer relationship management,
Compose an email about budget approval,email_compose,budget approval,
Send the email with the message the server is back up,email_send,the server is back up,
Draft an email about budget approval,email_compose,budget approval,
Reply to this email saying the build is green,email_reply,the build is green,
Search my email for machine learning,email_search,machine learning,
Find emails about Amazon,email_search,Amazon,
Please make how have you been bold,bold,how have you been,
Find emails about customer experience,email_search,customer experience,
Search my DMs for important information,dm_search,important information,
Delete it,unknown,,
set on top of it to bolded,bold,on top of it,
"Make ""good evening"" italic",italic,good evening,
Go to email,navigate_email,,
Search my email for Google,email_search,Google,
set as well as it to underline,underline,as well as it,
Reply to this chat with I'll be late today,dm_reply,I'll be late today,
Insert This is a sample document,add_text,This is a sample document,
Forward this message,email_forward,,
Remove this message,dm_delete,,
Write an email about customer onboarding,email_compose,customer onboarding,
Post the message please update the ticket,dm_send,please update the ticket,
Erase Conclusion,search_delete,Conclusion,
Delete the current email,email_delete,,
Show me chats about Amazon,dm_search,Amazon,
What's on my calendar?,unknown,,
Delete the last sentence,prev_sentence_delete,,
Mark everything as read,unknown,,
"Make ""those"" bold",bold,those,
make this is urgent to italic,italic,this is urgent,
Show me emails about Conclusion,email_search,Conclusion,
Turn the important items into discussion points,ai_refine,turn the important items into discussion points,discussion points
Reply to the email: lunch at noon,email_reply,lunch at noon,
make those into bold,bold,those,
Find emails about Amazon,email_search,Amazon,
Delete the last sentence,prev_sentence_delete,,
Set the ticket is closed to underlined,underline,the ticket is closed,
Search for Apple in my inbox,email_search,Apple,
Send it and say standup moved to 10am,email_send,standup moved to 10am,
make on top of it to italic,italic,on top of it,
underline have a nice day,underline,have a nice day,
Set have a nice day to underlined,underline,have a nice day,
Delete the previous sentence,prev_sentence_delete,,
Delete this chat,dm_delete,,
Open my messages,navigate_dm,,
Send a reply saying the deploy is scheduled for tonight,dm_reply,the deploy is scheduled for tonight,
Respond with standup moved to 10am,dm_reply,standup moved to 10am,
Remove this message,dm_delete,,
Please remove Apple,search_delete,Apple,
Highlight the most significant pipeline deals to discuss,ai_refine,highlight the most significant,pipeline deals
Reply with the deploy is scheduled for tonight,email_reply,the deploy is scheduled for tonight,
Remove the chat,dm_delete,,
make those to bold,bold,those,
Send it and say can you review my PR,email_send,can you review my PR,
Type Machine learning is useful.,add_text,Machine learning is useful.,
Send the email: we hit the quarterly target,email_send,we hit the quarterly target,
Italicize the pricing table,italic,the pricing table,
Delete the phrase Google,search_delete,Google,
Open my inbox,navigate_email,,
Find emails about Google,email_search,Google,
Send the email: standup moved to 10am,email_send,standup moved to 10am,
What are the key relationship risks to flag,ai_refine,what are the key relationship risks to flag,relationship sensitivities
Send the email with the message can you review my PR,email_send,can you review my PR,
Forward the current email,email_forward,,
Set you're welcome to underlined,underline,you're welcome,
Navigate to email,navigate_email,,
Reply to this email saying the deploy is scheduled for tonight,email_reply,the deploy is scheduled for tonight,
Please make in place of that italic,italic,in place of that,
set them to italicized,italic,them,
Show me chats about Apple,dm_search,Apple,
Italicize long time no see,italic,long time no see,
make long time no see into bold,bold,long time no see,
Forward the current email,email_forward,,
Highlight the most significant relationship concerns to discuss,ai_refine,highlight the most significant,relationship sensitivities
Trash this email,email_delete,,
Compose an email with the subject the project plan,email_compose,the project plan,
"Make ""in the meantime"" bold",bold,in the meantime,
Italicize Artificial intelligence is changing the world.,italic,Artificial intelligence is changing the world.,
Add Hello everyone,add_text,Hello everyone,
Underline the client is happy,underline,the client is happy,
Bold the deploy is ready,bold,the deploy is ready,
Show me chats about customer onboarding,dm_search,customer onboarding,
Find emails about deep learning,email_search,deep learning,
underline the final report,underline,the final report,
Please write The quick brown fox jumps over the lazy dog.,add_text,The quick brown fox jumps over the lazy dog.,
Summarize the key points of client relationship risks,ai_refine,summarize the key points,relationship sensitivities
make Please review this document. into italic,italic,Please review this document.,
Respond with the build is green,dm_reply,the build is green,
List any pending issues or complaints from this client,ai_refine,list any pending issues or complaints from this client,relationship sensitivities
What relationship risks should I flag,ai_refine,what relationship risks should I flag,relationship sensitivities
make great job into underlined,underline,great job,
Remove the previous sentence,prev_sentence_delete,,
What has changed recently in the client relationship,ai_refine,what has changed recently in the client relationship,recent relationship developments
Reply with lunch at noon,dm_reply,lunch at noon,
Draft an email about Q3 results,email_compose,Q3 results,
Switch to messages,navigate_dm,,
What are the key relationship risks to flag,ai_refine,what are the key relationship risks to flag,relationship sensitivities
Show me chats about meeting notes,dm_search,meeting notes,
Forward the current email,email_forward,,
Delete the current email,email_delete,,
Remove this message,dm_delete,,
Delete the previous sentence,prev_sentence_delete,,
"Make ""the security patch"" bold",bold,the security patch,
Remove the previous sentence,prev_sentence_delete,,
set Quarterly earnings are up 10%. to italicized,italic,Quarterly earnings are up 10%.,
Type The project starts tomorrow.,add_text,The project starts tomorrow.,
Forward this message,email_forward,,
Delete customer relationship management,search_delete,customer relationship management,
Delete the current email,email_delete,,
Delete the current email,email_delete,,
Send the email saying the client call is confirmed,email_send,the client call is confirmed,
Turn the important items into discussion points,ai_refine,turn the important items into discussion points,discussion points
Answer this email with I'll be late today,email_reply,I'll be late today,
Type and send the server is back up,dm_send,the server is back up,
Open the chat page,navigate_dm,,
List any pending issues or complaints from this client,ai_refine,list any pending issues or complaints from this client,relationship sensitivities
make in place of that into bold,bold,in place of that,
Open my email,navigate_email,,
Go to my inbox,navigate_email,,
Send the email with the message the server is back up,email_send,the server is back up,
"Send this email, the body is the build is green",email_send,the build is green,
Answer with the deploy is scheduled for tonight,dm_reply,the deploy is scheduled for tonight,
Forward this email to someone,email_forward,,
Navigate to messages,navigate_dm,,
Send a reply saying the report is ready,dm_reply,the report is ready,
make welcome aboard bold,bold,welcome aboard,
Forward this email to someone,email_forward,,
Make this section more concise and impactful for latest relationship developments,ai_refine,make this section more concise and impactful,recent relationship developments
Delete the current email,email_delete,,
underline take care,underline,take care,
Navigate to messages,navigate_dm,,
Set This is a sample document to bold,bold,This is a sample document,
Set artificial intelligence to underlined,underline,artificial intelligence,
Delete the current conversation,dm_delete,,
What relationship risks should I flag,ai_refine,what relationship risks should I flag,relationship sensitivities
Send a message saying the build is green,dm_send,the build is green,
Reply to this email saying can you review my PR,email_reply,can you review my PR,
Who won the game?,unknown,,
Send the email: the server is back up,email_send,the server is back up,
make you're welcome to bold,bold,you're welcome,
Search my inbox for customer onboarding,email_search,customer onboarding,
Reply to this message: we hit the quarterly target,dm_reply,we hit the quarterly target,
Search my inbox for customer onboarding,email_search,customer onboarding,
Reply to this email: the report is ready,email_reply,the report is ready,
Delete this thread,dm_delete,,
Send a message saying please update the ticket,dm_send,please update the ticket,
Write The project starts tomorrow.,add_text,The project starts tomorrow.,
Erase project plan,search_delete,project plan,
Forward this email,email_forward,,
Make the customer list italic,italic,the customer list,
Can you open email for me?,navigate_email,,
Delete the previous sentence,prev_sentence_delete,,
Delete the last sentence,prev_sentence_delete,,
Add more detail and supporting context to high-value pipeline opportunities,ai_refine,add more detail and supporting context,pipeline deals
"Delete ""Conclusion""",search_delete,Conclusion,
Go to chat,navigate_dm,,
"Delete ""project plan""",search_delete,project plan,
Apply underline to on top of it,underline,on top of it,
Go to email,navigate_email,,
Make welcome aboard bold,bold,welcome aboard,
Summarize the key points of main meeting objectives,ai_refine,summarize the key points,key meeting objectives
Please remove Microsoft,search_delete,Microsoft,
Delete the phrase important information,search_delete,important information,
Delete the previous sentence,prev_sentence_delete,,
Delete Microsoft,search_delete,Microsoft,
Search my email for Introduction,email_search,Introduction,
set next steps to underline,underline,next steps,
Look up chats about project plan,dm_search,project plan,
Delete this thread,dm_delete,,
Summarise the key points of main meeting objectives,ai_refine,summarise the key points,key meeting objectives
Summarize the key points of relationship sensitivities,ai_refine,summarize the key points,relationship sensitivities
Find the email about important information,email_search,important information,
Reply to this message: the deploy is scheduled for tonight,dm_reply,the deploy is scheduled for tonight,
Flag any unresolved client concerns,ai_refine,flag any unresolved client concerns,relationship sensitivities
Answer with the report is ready,dm_reply,the report is ready,
Reply to this email saying the server is back up,email_reply,the server is back up,
Send the build is green,dm_send,the build is green,
Show me emails about Google,email_search,Google,
What should we prioritise for the meeting,ai_refine,what should we prioritise for the meeting,key meeting objectives
Forward the current email,email_forward,,
Show me chats about Apple,dm_search,Apple,
This is a sample document,add_text,This is a sample document,
Delete customer relationship management,search_delete,customer relationship management,
"Send this email, the body is lunch at noon",email_send,lunch at noon,
Reply to the email: the client call is confirmed,email_reply,the client call is confirmed,
Write an email about customer onboarding,email_compose,customer onboarding,
Remove this message,dm_delete,,
Search my inbox for Apple,email_search,Apple,
set meeting notes to italicized,italic,meeting notes,
Delete the last sentence,prev_sentence_delete,,
Draft an email about contract renewal,email_compose,contract renewal,
Flag the main risks in recent relationship developments,ai_refine,flag the main risks,recent relationship developments
make annual report into bold,bold,annual report,
Write a new email titled the annual report,email_compose,the annual report,
Search my DMs for financial report,dm_search,financial report,
Send the email: the report is ready,email_send,the report is ready,
Find emails about Q3 results,email_search,Q3 results,
Who won the game?,unknown,,
Apply underline to see you tomorrow,underline,see you tomorrow,
Respond with the report is ready,dm_reply,the report is ready,
Search messages for customer onboarding,dm_search,customer onboarding,
Send this email on,email_forward,,
Respond to this email with the server is back up,email_reply,the server is back up,
Delete this chat,dm_delete,,
Reply to this email saying lunch at noon,email_reply,lunch at noon,
Tell me a joke,unknown,,
Make new relationship developments more concise and impactful,ai_refine,make more concise and impactful,recent relationship developments
Can you open chat for me?,navigate_dm,,
Delete the phrase Introduction,search_delete,Introduction,
List any pending issues or complaints from this client,ai_refine,list any pending issues or complaints from this client,relationship sensitivities
Open my inbox,navigate_email,,
Search my email for Microsoft,email_search,Microsoft,
Insert Welcome to the meeting,add_text,Welcome to the meeting,
Delete this conversation,dm_delete,,
Please underline Introduction,underline,Introduction,
Bold The quick brown fox jumps over the lazy dog.,bold,The quick brown fox jumps over the lazy dog.,
What time is it?,unknown,,
make artificial intelligence italic,italic,artificial intelligence,
Schedule a meeting,unknown,,
Write the client call is confirmed,dm_send,the client call is confirmed,
Apply underline to thanks so much,underline,thanks so much,
Write Machine learning is useful.,add_text,Machine learning is useful.,
Underline them,underline,them,
Forward the current email,email_forward,,
Italicize let me know,italic,let me know,
Compose an email about budget approval,email_compose,budget approval,
Delete this thread,dm_delete,,
Bold the final report,bold,the final report,
Delete the previous sentence,prev_sentence_delete,,
Open my inbox,navigate_email,,
Answer with the deploy is scheduled for tonight,dm_reply,the deploy is scheduled for tonight,
make see you tomorrow to underlined,underline,see you tomorrow,
Delete the current conversation,dm_delete,,
Please underline annual report,underline,annual report,
Begin a new email regarding budget approval,email_compose,budget approval,
Reply to this email: the server is back up,email_reply,the server is back up,
Delete this message,email_delete,,
Rewrite relationship sensitivities to be more concise,ai_refine,rewrite to be more concise,relationship sensitivities
Delete the last sentence,prev_sentence_delete,,
Write a new email titled customer onboarding,email_compose,customer onboarding,
List any pending issues or complaints from this client,ai_refine,list any pending issues or complaints from this client,relationship sensitivities
make thank you into underlined,underline,thank you,
Trash this chat,dm_delete,,
Go to chat,navigate_dm,,
Delete this email,email_delete,,
Finish and send with the text the report is ready,email_send,the report is ready,
Reply with the server is back up,dm_reply,the server is back up,
Hello everyone,add_text,Hello everyone,
Delete machine learning,search_delete,machine learning,
Delete the last sentence,prev_sentence_delete,,
Highlight recent relationship developments for discussion points,ai_refine,highlight recent relationship developments,discussion points
make the design doc into bold,bold,the design doc,
Search my chats for meeting notes,dm_search,meeting notes,
set at the end of it to italicized,italic,at the end of it,
Reply to this email: we hit the quarterly target,email_reply,we hit the quarterly target,
Remove this message,dm_delete,,
Delete the current email,email_delete,,
Post the message please update the ticket,dm_send,please update the ticket,
Trash this email,email_delete,,
Make this section more concise and impactful for recent client developments,ai_refine,make this section more concise and impactful,recent relationship developments
Flag the main risks in key discussion points,ai_refine,flag the main risks,discussion points
Type and send lunch at noon,dm_send,lunch at noon,
Forward this email to someone,email_forward,,
Please write Customer onboarding is complete.,add_text,Customer onboarding is complete.,
Erase artificial intelligence,search_delete,artificial intelligence,
Insert Quarterly earnings are up 10%.,add_text,Quarterly earnings are up 10%.,
Send a reply saying please update the ticket,email_reply,please update the ticket,
Open the email page,navigate_email,,
make Google bold,bold,Google,
set This is a sample document to underline,underline,This is a sample document,
Respond with standup moved to 10am,dm_reply,standup moved to 10am,
Summarize the key points of sensitive relationship issues,ai_refine,summarize the key points,relationship sensitivities
Show me my chats,navigate_dm,,
Delete the previous sentence,prev_sentence_delete,,
Add useful context to discussion points,ai_refine,add useful context,discussion points
Please remove customer relationship management,search_delete,customer relationship management,
"Underline ""these""",underline,these,
Identify the most important points in main meeting objectives,ai_refine,identify the most important points,key meeting objectives
Remove the previous sentence,prev_sentence_delete,,
Answer this email with we hit the quarterly target,email_reply,we hit the quarterly target,
Send this email on,email_forward,,
What has changed recently in the client relationship,ai_refine,what has changed recently in the client relationship,recent relationship developments
make the quarterly review to italic,italic,the quarterly review,
Go to my inbox,navigate_email,,
Switch to messages,navigate_dm,,
New email about contract renewal,email_compose,contract renewal,
Flag any unresolved client concerns,ai_refine,flag any unresolved client concerns,relationship sensitivities
make for now to underlined,underline,for now,
Send the email: please update the ticket,email_send,please update the ticket,
Delete the last sentence,prev_sentence_delete,,
Call carol,unknown,,
"Send this email, the body is the report is ready",email_send,the report is ready,
Highlight the most significant priority discussion topics to discuss,ai_refine,highlight the most significant,discussion points
Trash this chat,dm_delete,,
Erase customer relationship management,search_delete,customer relationship management,
Show me emails about important information,email_search,important information,
Write Customer onboarding is complete.,add_text,Customer onboarding is complete.,
Add more detail and supporting context to priority pipeline deals,ai_refine,add more detail and supporting context,pipeline deals
Reply to this message: the build is green,dm_reply,the build is green,
set you're welcome to italicized,italic,you're welcome,
Delete deep learning,search_delete,deep learning,
Write an email about the security update,email_compose,the security update,
Find conversations about financial report,dm_search,financial report,
"Make ""have a nice day"" italic",italic,have a nice day,
underline Artificial intelligence is changing the world.,underline,Artificial intelligence is changing the world.,
Show me my emails,navigate_email,,
Take me to my DMs,navigate_dm,,
Move this email to trash,email_delete,,
make Apple italic,italic,Apple,
Flag any unresolved client concerns,ai_refine,flag any unresolved client concerns,relationship sensitivities
set good night to underline,underline,good night,
Book a table for two,unknown,,
Add useful context to latest relationship developments,ai_refine,add useful context,recent relationship developments
Delete the current email,email_delete,,
Type Please review this document.,add_text,Please review this document.,
Find the email about Introduction,email_search,Introduction,
"Underline ""the build is green""",underline,the build is green,
Forward this email,email_forward,,
make meeting notes into underlined,underline,meeting notes,
make we shipped the release to italic,italic,we shipped the release,
"Make ""have a nice day"" italic",italic,have a nice day,
Apply underline to the customer list,underline,the customer list,
Remove the chat,dm_delete,,
Reply to this email: please update the ticket,email_reply,please update the ticket,
Search my email for machine learning,email_search,machine learning,
Quarterly earnings are up 10%.,add_text,Quarterly earnings are up 10%.,
Rewrite relationship sensitivities to be more concise,ai_refine,rewrite to be more concise,relationship sensitivities
New email about contract renewal,email_compose,contract renewal,
Send the build is green,dm_send,the build is green,
make financial report into italic,italic,financial report,
Flag any unresolved client concerns,ai_refine,flag any unresolved client concerns,relationship sensitivities
"Underline ""Amazon""",underline,Amazon,
make them bold,bold,them,
"Underline ""instead of it""",underline,instead of it,
Look up chats about customer relationship management,dm_search,customer relationship management,
make see you soon into bold,bold,see you soon,
set for now to italicized,italic,for now,
Please make the design doc italic,italic,the design doc,
Forward it,email_forward,,
Message saying please update the ticket,dm_send,please update the ticket,
Delete this email,email_delete,,
Respond with the report is ready,dm_reply,the report is ready,
Respond with standup moved to 10am,dm_reply,standup moved to 10am,
Reply to this email saying can you review my PR,email_reply,can you review my PR,
Send a reply saying the deploy is scheduled for tonight,dm_reply,the deploy is scheduled for tonight,
Find the email about machine learning,email_search,machine learning,
Highlight the most significant latest relationship developments to discuss,ai_refine,highlight the most significant,recent relationship developments
Show me chats about important information,dm_search,important information,
Trash this chat,dm_delete,,
Forward the current email,email_forward,,
Open the messenger,navigate_dm,,
Reply to this chat with I'll be late today,dm_reply,I'll be late today,
Open the chat page,navigate_dm,,
What has changed recently in the client relationship,ai_refine,what has changed recently in the client relationship,recent relationship developments
Delete this message,email_delete,,
Good morning everyone,add_text,Good morning everyone,
set Today is a beautiful day. to italicized,italic,Today is a beautiful day.,
Make Please review this document. italic,italic,Please review this document.,
Highlight the most significant latest relationship developments to discuss,ai_refine,highlight the most significant,recent relationship developments
Delete the last sentence,prev_sentence_delete,,
Delete the phrase important information,search_delete,important information,
Please write Artificial intelligence is changing the world.,add_text,Artificial intelligence is changing the world.,
Delete this message,email_delete,,
Trash this chat,dm_delete,,
Add useful context to priority meeting objectives,ai_refine,add useful context,key meeting objectives
Set Today is a beautiful day. to bold,bold,Today is a beautiful day.,
What time is it?,unknown,,
"Delete ""meeting notes""",search_delete,meeting notes,
Begin a new email regarding budget approval,email_compose,budget approval,
Please remove annual report,search_delete,annual report,
Begin a new email regarding the project plan,email_compose,the project plan,
Search my chats for customer relationship management,dm_search,customer relationship management,
Set at the end of it to italic,italic,at the end of it,
Remove the previous sentence,prev_sentence_delete,,
Set it to underlined,underline,it,
Can you open chat for me?,navigate_dm,,
Open my email,navigate_email,,
make the customer list into underlined,underline,the customer list,
Open the email page,navigate_email,,
Send we hit the quarterly target,dm_send,we hit the quarterly target,
Write a new email titled the project plan,email_compose,the project plan,
Switch to email,navigate_email,,
Write the server is back up,dm_send,the server is back up,
Please remove Microsoft,search_delete,Microsoft,
Send a message saying the report is ready,dm_send,the report is ready,
Start a new email with the subject the project plan,email_compose,the project plan,
Can you open chat for me?,navigate_dm,,
Send it and say can you review my PR,email_send,can you review my PR,
Delete the previous sentence,prev_sentence_delete,,
Search my email for Google,email_search,Google,
Search my chats for Conclusion,dm_search,Conclusion,
make in the meantime into italic,italic,in the meantime,
What has changed recently in the client relationship,ai_refine,what has changed recently in the client relationship,recent relationship developments
Please make customer experience italic,italic,customer experience,
"Underline ""them""",underline,them,
make keep it up italic,italic,keep it up,
Delete the last sentence,prev_sentence_delete,,
Type Hello everyone,add_text,Hello everyone,
Erase Conclusion,search_delete,Conclusion,
Remove this email,email_delete,,
Delete this message,email_delete,,
Please underline next steps,underline,next steps,
Open the chat page,navigate_dm,,
make Please review this document. into underlined,underline,Please review this document.,
Begin a new email regarding the project plan,email_compose,the project plan,
Find conversations about customer experience,dm_search,customer experience,
Please make well done italic,italic,well done,
Send it and say standup moved to 10am,email_send,standup moved to 10am,
Write Please review this document.,add_text,Please review this document.,
Set as well as it to underlined,underline,as well as it,
Throw this email away,email_delete,,
make how are you doing into italic,italic,how are you doing,
Reply with please update the ticket,dm_reply,please update the ticket,
make in the meantime italic,italic,in the meantime,
Post the message the client call is confirmed,dm_send,the client call is confirmed,
Please write Welcome to the meeting,add_text,Welcome to the meeting,
Highlight the key items in new relationship developments,ai_refine,highlight the key items,recent relationship developments
Play some music,unknown,,
Which pipeline deals should we prioritise,ai_refine,which pipeline deals should we prioritise,pipeline deals
Find the email about project plan,email_search,project plan,
set welcome aboard to underline,underline,welcome aboard,
Compose an email with the subject contract renewal,email_compose,contract renewal,
make we shipped the release to underlined,underline,we shipped the release,
"Underline ""Quarterly earnings are up 10%.""",underline,Quarterly earnings are up 10%.,
"Make ""Q3 results"" italic",italic,Q3 results,
Remove this email,email_delete,,
Can you open chat for me?,navigate_dm,,
Send this email on,email_forward,,
Compose an email about budget approval,email_compose,budget approval,
Message saying the build is green,dm_send,the build is green,
Go to chat,navigate_dm,,
make how are you italic,italic,how are you,
Move this email to trash,email_delete,,
Forward this email,email_forward,,
Delete the current email,email_delete,,
Send a chat message: I'll be late today,dm_send,I'll be late today,
Call bob,unknown,,
Delete the current conversation,dm_delete,,
List any pending issues or complaints from this client,ai_refine,list any pending issues or complaints from this client,relationship sensitivities
Delete the previous sentence,prev_sentence_delete,,
"Make ""well done"" italic",italic,well done,
make Artificial intelligence is changing the world. italic,italic,Artificial intelligence is changing the world.,
Find conversations about artificial intelligence,dm_search,artificial intelligence,
Set for now to bold,bold,for now,
What has changed recently in the client relationship,ai_refine,what has changed recently in the client relationship,recent relationship developments
Answer with the report is ready,dm_reply,the report is ready,
Navigate to email,navigate_email,,
Send this message: can you review my PR,dm_send,can you review my PR,
"Delete ""meeting notes""",search_delete,meeting notes,
Delete financial report,search_delete,financial report,
Forward this email,email_forward,,
What time is it?,unknown,,
"Make ""machine learning"" italic",italic,machine learning,
Write we hit the quarterly target,dm_send,we hit the quarterly target,
Take me to my inbox,navigate_email,,
make it to underlined,underline,it,
Send the build is green,dm_send,the build is green,
underline welcome aboard,underline,welcome aboard,
Finish and send with the text please update the ticket,email_send,please update the ticket,
underline Microsoft,underline,Microsoft,
Turn recent client relationship changes into clear talking points,ai_refine,turn into clear talking points,recent relationship developments
Rewrite key discussion points to be more concise,ai_refine,rewrite to be more concise,discussion points
"Send this email, the body is standup moved to 10am",email_send,standup moved to 10am,
Open the messenger,navigate_dm,,
Add Please review this document.,add_text,Please review this document.,
make in place of that into bold,bold,in place of that,
Delete the current conversation,dm_delete,,
Please make the ticket is closed italic,italic,the ticket is closed,
make thank you into underlined,underline,thank you,
Forward this email to someone,email_forward,,
Add Customer onboarding is complete.,add_text,Customer onboarding is complete.,
Forward the current email,email_forward,,
Strengthen topics to discuss with clearer wording,ai_refine,strengthen with clearer wording,discussion points
Please write Today is a beautiful day.,add_text,Today is a beautiful day.,
Italicize welcome aboard,italic,welcome aboard,
Send it and say let's sync after the meeting,email_send,let's sync after the meeting,
Reply to this chat with lunch at noon,dm_reply,lunch at noon,
Identify the most important points in pipeline deals,ai_refine,identify the most important points,pipeline deals
Search messages for customer experience,dm_search,customer experience,
Please remove Google,search_delete,Google,
Make The quick brown fox jumps over the lazy dog. bold,bold,The quick brown fox jumps over the lazy dog.,
Switch to messages,navigate_dm,,
Highlight the most significant topics to discuss to discuss,ai_refine,highlight the most significant,discussion points
Make recent relationship developments more concise and impactful,ai_refine,make more concise and impactful,recent relationship developments
Send this email saying the build is green,email_send,the build is green,
Remove the chat,dm_delete,,
Add useful context to critical meeting objectives,ai_refine,add useful context,key meeting objectives
What's on my calendar?,unknown,,
Delete the current conversation,dm_delete,,
Reply to this email saying can you review my PR,email_reply,can you review my PR,
Please remove important information,search_delete,important information,
Forward this email,email_forward,,
Send the email saying I'll be late today,email_send,I'll be late today,
Send a chat message: let's sync after the meeting,dm_send,let's sync after the meeting,
Compose an email about the annual report,email_compose,the annual report,
Write a new email titled meeting notes,email_compose,meeting notes,
Underline nice to meet you,underline,nice to meet you,
Which pipeline deals should we prioritise,ai_refine,which pipeline deals should we prioritise,pipeline deals
Remove the previous sentence,prev_sentence_delete,,
Highlight recent relationship developments,ai_refine,highlight recent relationship developments,recent relationship developments
Compose an email about budget approval,email_compose,budget approval,
Add Quarterly earnings are up 10%.,add_text,Quarterly earnings are up 10%.,
Insert Hello everyone,add_text,Hello everyone,
"Make ""in place of it"" bold",bold,in place of it,
Delete this thread,dm_delete,,
Search my inbox for Conclusion,email_search,Conclusion,
Go to email,navigate_email,,
Bold annual report,bold,annual report,
Delete the previous sentence,prev_sentence_delete,,
Delete the previous sentence,prev_sentence_delete,,
Set Amazon to underlined,underline,Amazon,
Reply to this message: can you review my PR,dm_reply,can you review my PR,
What should we prioritise for the meeting,ai_refine,what should we prioritise for the meeting,key meeting objectives
Take me to my inbox,navigate_email,,
Apply underline to our new policy,underline,our new policy,
Reply to this email saying the client call is confirmed,email_reply,the client call is confirmed,
Underline what's up,underline,what's up,
Delete the last sentence,prev_sentence_delete,,
Underline important information,underline,important information,
Remove the previous sentence,prev_sentence_delete,,
Go to chat,navigate_dm,,
Make recent client relationship changes more concise and impactful,ai_refine,make more concise and impactful,recent relationship developments
"Make ""the meeting is at noon"" bold",bold,the meeting is at noon,
Please underline Introduction,underline,Introduction,
"Send this email, the body is the server is back up",email_send,the server is back up,
Show me emails about customer experience,email_search,customer experience,
Find emails about customer onboarding,email_search,customer onboarding,
Send this message: the server is back up,dm_send,the server is back up,
Summarize the key points of most significant pipeline deals,ai_refine,summarize the key points,pipeline deals
Make as well as it bold,bold,as well as it,
Send a reply saying please update the ticket,dm_reply,please update the ticket,
Bold Introduction,bold,Introduction,
Forward this message,email_forward,,
"Send this email, the body is the report is ready",email_send,the report is ready,
"Delete ""project plan""",search_delete,project plan,
make This is a sample document to underlined,underline,This is a sample document,
Add more detail and supporting context to relationship sensitivities,ai_refine,add more detail and supporting context,relationship sensitivities
Go to my inbox,navigate_email,,
Forward this email,email_forward,,
Delete this email,email_delete,,
Answer with the deploy is scheduled for tonight,dm_reply,the deploy is scheduled for tonight,
This is a sample document,add_text,This is a sample document,
Find emails about Conclusion,email_search,Conclusion,
Forward this email,email_forward,,
Italicize nice to meet you,italic,nice to meet you,
Start a new email with the subject Q3 results,email_compose,Q3 results,
Delete the last sentence,prev_sentence_delete,,
"Make ""the ticket is closed"" bold",bold,the ticket is closed,
Send this email on,email_forward,,
Italicize take care,italic,take care,
Highlight recent relationship developments,ai_refine,highlight recent relationship developments,recent relationship developments
Reply to this chat with please update the ticket,dm_reply,please update the ticket,
Please make the quarterly review bold,bold,the quarterly review,
Go to my inbox,navigate_email,,
Delete Amazon,search_delete,Amazon,
Summarize the key points of new relationship developments,ai_refine,summarize the key points,recent relationship developments
Open my email,navigate_email,,
Set good night to underlined,underline,good night,
Delete the phrase artificial intelligence,search_delete,artificial intelligence,
Forward it,email_forward,,
Open my inbox,navigate_email,,
Turn priority discussion topics into clear talking points,ai_refine,turn into clear talking points,discussion points
Please write Good morning everyone,add_text,Good morning everyone,
Set in place of it to underlined,underline,in place of it,
Delete the previous sentence,prev_sentence_delete,,
Send this email on,email_forward,,
Open my inbox,navigate_email,,
Remove the previous sentence,prev_sentence_delete,,
Summarise what we need to achieve in the meeting,ai_refine,summarise what we need to achieve in the meeting,key meeting objectives
make thanks so much bold,bold,thanks so much,
set welcome aboard to italicized,italic,welcome aboard,
Open the email page,navigate_email,,
Delete this email,email_delete,,
Which pipeline deals should we prioritise,ai_refine,which pipeline deals should we prioritise,pipeline deals
Reply to this email: the deploy is scheduled for tonight,email_reply,the deploy is scheduled for tonight,
Delete the previous sentence,prev_sentence_delete,,
Go to my inbox of messages,navigate_dm,,
Flag the main risks in key meeting objectives,ai_refine,flag the main risks,key meeting objectives
Put Machine learning is useful. into the document,add_text,Machine learning is useful.,
Search my DMs for important information,dm_search,important information,
Delete the phrase Microsoft,search_delete,Microsoft,
Which pipeline deals should we prioritise,ai_refine,which pipeline deals should we prioritise,pipeline deals
make the pricing table into italic,italic,the pricing table,
Answer with please update the ticket,dm_reply,please update the ticket,
make financial report to underlined,underline,financial report,
Go to my inbox of messages,navigate_dm,,
Write let's sync after the meeting,dm_send,let's sync after the meeting,
Erase customer relationship management,search_delete,customer relationship management,
Underline the ticket is closed,underline,the ticket is closed,
What time is it?,unknown,,
make see you soon bold,bold,see you soon,
"Make ""the final report"" italic",italic,the final report,
Forward this email to someone,email_forward,,
Send this email on,email_forward,,
Take me to my inbox,navigate_email,,
Set thank you to italic,italic,thank you,
Please make long time no see bold,bold,long time no see,
Highlight recent relationship developments,ai_refine,highlight recent relationship developments,recent relationship developments
Can you open chat for me?,navigate_dm,,
Remove the previous sentence,prev_sentence_delete,,
make that into underlined,underline,that,
Delete it,unknown,,
Post the message let's sync after the meeting,dm_send,let's sync after the meeting,
Trash this email,email_delete,,
make the onboarding flow into underlined,underline,the onboarding flow,
Reply to this email: I'll be late today,email_reply,I'll be late today,
Move this email to trash,email_delete,,
What has changed recently in the client relationship,ai_refine,what has changed recently in the client relationship,recent relationship developments
Search my email for Microsoft,email_search,Microsoft,
Remove the previous sentence,prev_sentence_delete,,
Remove the previous sentence,prev_sentence_delete,,
Open my messages,navigate_dm,,
Search my DMs for Q3 results,dm_search,Q3 results,
Look up chats about Conclusion,dm_search,Conclusion,
"Underline ""well done""",underline,well done,
Put Artificial intelligence is changing the world. into the document,add_text,Artificial intelligence is changing the world.,
Highlight the most significant recent client relationship changes to discuss,ai_refine,highlight the most significant,recent relationship developments
Forward the current email,email_forward,,
Delete the last sentence,prev_sentence_delete,,
set next steps to underline,underline,next steps,
make in place of it into underlined,underline,in place of it,
Forward the current email,email_forward,,
Reply to this email saying let's sync after the meeting,email_reply,let's sync after the meeting,
Apply underline to that,underline,that,
set it to bolded,bold,it,
Erase Google,search_delete,Google,
Reply with the deploy is scheduled for tonight,dm_reply,the deploy is scheduled for tonight,
Switch to email,navigate_email,,
Delete this thread,dm_delete,,
Look up chats about Google,dm_search,Google,
Apply underline to in place of that,underline,in place of that,
Throw this email away,email_delete,,
Book a table for two,unknown,,
What has changed recently in the client relationship,ai_refine,what has changed recently in the client relationship,recent relationship developments
Forward this email,email_forward,,
make hello world italic,italic,hello world,
Trash this chat,dm_delete,,
Remove this email,email_delete,,
"Make ""hello world"" italic",italic,hello world,
Highlight the key items in sensitive relationship issues,ai_refine,highlight the key items,relationship sensitivities
Make on top of it bold,bold,on top of it,
Begin a new email regarding customer onboarding,email_compose,customer onboarding,
Delete this chat,dm_delete,,
Add useful context to recent relationship developments,ai_refine,add useful context,recent relationship developments
Write lunch at noon,dm_send,lunch at noon,
make deep learning into underlined,underline,deep learning,
Respond with the client call is confirmed,dm_reply,the client call is confirmed,
set what's up to italicized,italic,what's up,
Respond to this email with the deploy is scheduled for tonight,email_reply,the deploy is scheduled for tonight,
Set this to italic,italic,this,
"Underline ""the build is green""",underline,the build is green,
Send a chat message: let's sync after the meeting,dm_send,let's sync after the meeting,
underline how have you been,underline,how have you been,
Flag the main risks in new relationship developments,ai_refine,flag the main risks,recent relationship developments
make the design doc italic,italic,the design doc,
Reply to this message: can you review my PR,dm_reply,can you review my PR,
make customer experience into italic,italic,customer experience,
Please make the quarterly review bold,bold,the quarterly review,
Summarise what we need to achieve in the meeting,ai_refine,summarise what we need to achieve in the meeting,key meeting objectives
Show me chats about Apple,dm_search,Apple,
Reply to this message: the deploy is scheduled for tonight,dm_reply,the deploy is scheduled for tonight,
Apply underline to in place of this,underline,in place of this,
Send this email saying the report is ready,email_send,the report is ready,
set these to italicized,italic,these,
Navigate to email,navigate_email,,
Search my DMs for Q3 results,dm_search,Q3 results,
New email about the sprint review,email_compose,the sprint review,
Begin a new email regarding Q3 results,email_compose,Q3 results,
Reply to this message: can you review my PR,dm_reply,can you review my PR,
What has changed recently in the client relationship,ai_refine,what has changed recently in the client relationship,recent relationship developments
Make the deadline is friday bold,bold,the deadline is friday,
Respond to this email with let's sync after the meeting,email_reply,let's sync after the meeting,
Answer with can you review my PR,dm_reply,can you review my PR,
Remove this email,email_delete,,
"Underline ""customer experience""",underline,customer experience,
Open my email,navigate_email,,
Forward this email to someone,email_forward,,
Find emails about Amazon,email_search,Amazon,
Forward this message,email_forward,,
Identify the most important points in key meeting objectives,ai_refine,identify the most important points,key meeting objectives
Show me my emails,navigate_email,,
make how have you been into underlined,underline,how have you been,
Send a reply saying please update the ticket,email_reply,please update the ticket,
Who won the game?,unknown,,
Summarise what we need to achieve in the meeting,ai_refine,summarise what we need to achieve in the meeting,key meeting objectives
Find conversations about customer onboarding,dm_search,customer onboarding,
Search for annual report in my inbox,email_search,annual report,
Navigate to messages,navigate_dm,,
Can you open email for me?,navigate_email,,
Add useful context to critical meeting objectives,ai_refine,add useful context,key meeting objectives
Delete the last sentence,prev_sentence_delete,,
Delete it,unknown,,
set have a nice day to bolded,bold,have a nice day,
Remove the previous sentence,prev_sentence_delete,,
set Google to bolded,bold,Google,
Reply with I'll be late today,dm_reply,I'll be late today,
Set This is a sample document to italic,italic,This is a sample document,
Insert Hello everyone,add_text,Hello everyone,
Play some music,unknown,,
Answer this email with the server is back up,email_reply,the server is back up,
Make the build is green bold,bold,the build is green,
"Make ""Customer onboarding is complete."" bold",bold,Customer onboarding is complete.,
"Make ""good morning"" bold",bold,good morning,
Please underline the launch date,underline,the launch date,
"Make ""in the middle of it"" italic",italic,in the middle of it,
make the server is down into underlined,underline,the server is down,
Bold have a nice day,bold,have a nice day,
Delete the current conversation,dm_delete,,
Rewrite key relationship risks to be more concise,ai_refine,rewrite to be more concise,relationship sensitivities
Erase machine learning,search_delete,machine learning,
Search my DMs for deep learning,dm_search,deep learning,
Set well done to italic,italic,well done,
Put Welcome to the meeting into the document,add_text,Welcome to the meeting,
"Delete ""Introduction""",search_delete,Introduction,
Please make Conclusion italic,italic,Conclusion,
set see you soon to italicized,italic,see you soon,
Remove the previous sentence,prev_sentence_delete,,
Strengthen high-value pipeline opportunities with clearer wording,ai_refine,strengthen with clearer wording,pipeline deals
Set our new policy to bold,bold,our new policy,
Reply to this chat with let's sync after the meeting,dm_reply,let's sync after the meeting,
Identify the most important points in relationship concerns,ai_refine,identify the most important points,relationship sensitivities
Schedule a meeting,unknown,,
make at the end of it to underlined,underline,at the end of it,
Forward this message,email_forward,,
Respond to this email with lunch at noon,email_reply,lunch at noon,
"Make ""in place of this"" bold",bold,in place of this,
Bold by the way,bold,by the way,
Delete the previous sentence,prev_sentence_delete,,
Highlight recent relationship developments,ai_refine,highlight recent relationship developments,recent relationship developments
Who won the game?,unknown,,
Please write Hello everyone,add_text,Hello everyone,
make Customer onboarding is complete. bold,bold,Customer onboarding is complete.,
Set Hello everyone to underlined,underline,Hello everyone,
Unsend that,unknown,,
Write Customer onboarding is complete.,add_text,Customer onboarding is complete.,
Send it and say I'll be late today,email_send,I'll be late today,
Open the email page,navigate_email,,
Show me my emails,navigate_email,,
Delete the phrase artificial intelligence,search_delete,artificial intelligence,
Summarise what we need to achieve in the meeting,ai_refine,summarise what we need to achieve in the meeting,key meeting objectives
Open my inbox,navigate_email,,
make meeting notes to underlined,underline,meeting notes,
Forward the current email,email_forward,,
Search messages for deep learning,dm_search,deep learning,
Add Today is a beautiful day.,add_text,Today is a beautiful day.,
Respond with the build is green,dm_reply,the build is green,
Search my chats for customer relationship management,dm_search,customer relationship management,
Delete the current conversation,dm_delete,,
Delete this thread,dm_delete,,
Open my inbox,navigate_email,,
Flag the highest-value opportunities in the pipeline,ai_refine,flag the highest-value opportunities in the pipeline,pipeline deals
Show me my emails,navigate_email,,
Send the server is back up,dm_send,the server is back up,
Trash this email,email_delete,,
Summarise the key points of relationship sensitivities,ai_refine,summarise the key points,relationship sensitivities
What relationship risks should I flag,ai_refine,what relationship risks should I flag,relationship sensitivities
Reply with standup moved to 10am,dm_reply,standup moved to 10am,
Set in the middle of it to italic,italic,in the middle of it,
Send it,unknown,,
Forward the current email,email_forward,,
Set in front of it to underlined,underline,in front of it,
make in the middle of it bold,bold,in the middle of it,
Send the email: the deploy is scheduled for tonight,email_send,the deploy is scheduled for tonight,
Search my inbox for Google,email_search,Google,
set that to bolded,bold,that,
"Underline ""by the way""",underline,by the way,
Search for annual report in my inbox,email_search,annual report,
Show me chats about Introduction,dm_search,Introduction,
Message saying we hit the quarterly target,dm_send,we hit the quarterly target,
Please underline customer relationship management,underline,customer relationship management,
Erase customer onboarding,search_delete,customer onboarding,
Send this email saying the client call is confirmed,email_send,the client call is confirmed,
Remove the previous sentence,prev_sentence_delete,,
Search my email for project plan,email_search,project plan,
Underline what's up,underline,what's up,
Open the messenger,navigate_dm,,
Reply to this email saying please update the ticket,email_reply,please update the ticket,
Answer with the build is green,dm_reply,the build is green,
Apply underline to the deadline is friday,underline,the deadline is friday,
Summarise the key points of relationship sensitivities,ai_refine,summarise the key points,relationship sensitivities
Put Hello everyone into the document,add_text,Hello everyone,
Highlight the most significant pipeline deals to discuss,ai_refine,highlight the most significant,pipeline deals
Begin a new email regarding the security update,email_compose,the security update,
"Make ""next steps"" bold",bold,next steps,
Reply to this chat with let's sync after the meeting,dm_reply,let's sync after the meeting,
Erase customer onboarding,search_delete,customer onboarding,
Reply saying the deploy is scheduled for tonight,dm_reply,the deploy is scheduled for tonight,
Trash this email,email_delete,,
Set instead of it to underlined,underline,instead of it,
set take care to underline,underline,take care,
Erase Microsoft,search_delete,Microsoft,
Remove this email,email_delete,,
Delete the current email,email_delete,,
Open my messages,navigate_dm,,
Send a chat message: please update the ticket,dm_send,please update the ticket,
Delete the current email,email_delete,,
set that to bolded,bold,that,
Forward it,email_forward,,
Go to chat,navigate_dm,,
Delete this thread,dm_delete,,
Put This is a sample document into the document,add_text,This is a sample document,
make welcome aboard into underlined,underline,welcome aboard,
Open my messages,navigate_dm,,
make the server is down into italic,italic,the server is down,
List any pending issues or complaints from this client,ai_refine,list any pending issues or complaints from this client,relationship sensitivities
make the server is down into italic,italic,the server is down,
Throw this email away,email_delete,,
Turn sensitive relationship issues into clear talking points,ai_refine,turn into clear talking points,relationship sensitivities
Remove this email,email_delete,,
Reply to this chat with lunch at noon,dm_reply,lunch at noon,
Find the email about Q3 results,email_search,Q3 results,
Write an email about Q3 results,email_compose,Q3 results,
Delete the last sentence,prev_sentence_delete,,
Show me emails about Google,email_search,Google,
Flag the main risks in priority discussion topics,ai_refine,flag the main risks,discussion points
Go to chat,navigate_dm,,
Remove this message,dm_delete,,
Add Today is a beautiful day.,add_text,Today is a beautiful day.,
Respond with standup moved to 10am,dm_reply,standup moved to 10am,
Can you open email for me?,navigate_email,,
Delete the previous sentence,prev_sentence_delete,,
Show me my emails,navigate_email,,
Summarise the key points of key deals in the pipeline,ai_refine,summarise the key points,pipeline deals
Reply to this chat with standup moved to 10am,dm_reply,standup moved to 10am,
make at the end of it italic,italic,at the end of it,
Remove the previous sentence,prev_sentence_delete,,
make thanks so much italic,italic,thanks so much,
Say standup moved to 10am,dm_send,standup moved to 10am,
Delete this message,email_delete,,
Please underline Hello everyone,underline,Hello everyone,
Finish and send with the text the build is green,email_send,the build is green,
Reply to this chat with lunch at noon,dm_reply,lunch at noon,
Flag the highest-value opportunities in the pipeline,ai_refine,flag the highest-value opportunities in the pipeline,pipeline deals
Type and send lunch at noon,dm_send,lunch at noon,
make the build is green to italic,italic,the build is green,
What should we prioritise for the meeting,ai_refine,what should we prioritise for the meeting,key meeting objectives
Turn meeting objectives into clear talking points,ai_refine,turn into clear talking points,key meeting objectives
Turn the important items into discussion points,ai_refine,turn the important items into discussion points,discussion points
Delete the current email,email_delete,,
Please underline in the meantime,underline,in the meantime,
"Make ""Artificial intelligence is changing the world."" bold",bold,Artificial intelligence is changing the world.,
Trash this chat,dm_delete,,
make the launch date into italic,italic,the launch date,
set see you soon to bolded,bold,see you soon,
Forward this email to someone,email_forward,,
Show me emails about Apple,email_search,Apple,
Trash this email,email_delete,,
Remove the chat,dm_delete,,
Send the email: can you review my PR,email_send,can you review my PR,
Go to chat,navigate_dm,,
Find the chat about artificial intelligence,dm_search,artificial intelligence,
make how was your day to bold,bold,how was your day,
What has changed recently in the client relationship,ai_refine,what has changed recently in the client relationship,recent relationship developments
Bold artificial intelligence,bold,artificial intelligence,
Send the email: standup moved to 10am,email_send,standup moved to 10am,
Turn the important items into discussion points,ai_refine,turn the important items into discussion points,discussion points
Switch to messages,navigate_dm,,
Turn latest relationship developments into clear talking points,ai_refine,turn into clear talking points,recent relationship developments
underline the meeting is at noon,underline,the meeting is at noon,
Send the email: the deploy is scheduled for tonight,email_send,the deploy is scheduled for tonight,
Search my chats for customer experience,dm_search,customer experience,
Delete the current conversation,dm_delete,,
make these to bold,bold,these,
Please make Microsoft italic,italic,Microsoft,
Send this email saying can you review my PR,email_send,can you review my PR,
Send the client call is confirmed,dm_send,the client call is confirmed,
Remove the previous sentence,prev_sentence_delete,,
Finish and send with the text the deploy is scheduled for tonight,email_send,the deploy is scheduled for tonight,
Delete the last sentence,prev_sentence_delete,,
Summarise the key points of recent client relationship changes,ai_refine,summarise the key points,recent relationship developments
Open the email page,navigate_email,,
"Underline ""please review this""",underline,please review this,
Delete this conversation,dm_delete,,
Respond to this email with the build is green,email_reply,the build is green,
make hello world to italic,italic,hello world,
"Delete ""Microsoft""",search_delete,Microsoft,
make customer relationship management into bold,bold,customer relationship management,
Highlight the most significant relationship concerns to discuss,ai_refine,highlight the most significant,relationship sensitivities
Highlight recent relationship developments,ai_refine,highlight recent relationship developments,recent relationship developments
Turn critical meeting objectives into clear talking points,ai_refine,turn into clear talking points,key meeting objectives
Flag the highest-value opportunities in the pipeline,ai_refine,flag the highest-value opportunities in the pipeline,pipeline deals
Underline well done,underline,well done,
List any pending issues or complaints from this client,ai_refine,list any pending issues or complaints from this client,relationship sensitivities
make the security patch into bold,bold,the security patch,
Show me emails about meeting notes,email_search,meeting notes,
Set the build is green to bold,bold,the build is green,
Take me to my inbox,navigate_email,,
Put This is a sample document into the document,add_text,This is a sample document,
Throw this email away,email_delete,,
Can you open email for me?,navigate_email,,
Bold the ticket is closed,bold,the ticket is closed,
Reply with the deploy is scheduled for tonight,email_reply,the deploy is scheduled for tonight,
Turn recent client relationship changes into clear talking points,ai_refine,turn into clear talking points,recent relationship developments
Put Customer onboarding is complete. into the document,add_text,Customer onboarding is complete.,
Strengthen high-value pipeline opportunities with clearer wording,ai_refine,strengthen with clearer wording,pipeline deals
What are the main points we should discuss,ai_refine,what are the main points we should discuss,discussion points
Delete the current conversation,dm_delete,,
Respond with the client call is confirmed,dm_reply,the client call is confirmed,
"Delete ""financial report""",search_delete,financial report,
set financial report to italicized,italic,financial report,
Make this section more concise and impactful for recent client relationship changes,ai_refine,make this section more concise and impactful,recent relationship developments
Book a table for two,unknown,,
New email about meeting notes,email_compose,meeting notes,
Post the message let's sync after the meeting,dm_send,let's sync after the meeting,
Throw this email away,email_delete,,
Write Artificial intelligence is changing the world.,add_text,Artificial intelligence is changing the world.,
Delete this chat,dm_delete,,
Draft an email about customer onboarding,email_compose,customer onboarding,
Summarize the key points of high-value pipeline opportunities,ai_refine,summarize the key points,pipeline deals
Open my messages,navigate_dm,,
Please make it italic,italic,it,
Reply to this email saying I'll be late today,email_reply,I'll be late today,
Highlight the key items in recent client relationship changes,ai_refine,highlight the key items,recent relationship developments
Highlight the most significant key deals in the pipeline to discuss,ai_refine,highlight the most significant,pipeline deals
Delete the previous sentence,prev_sentence_delete,,
Show me chats about Conclusion,dm_search,Conclusion,
Add useful context to recent client developments,ai_refine,add useful context,recent relationship developments
Underline see you soon,underline,see you soon,
Bold the deploy is ready,bold,the deploy is ready,
Delete the current conversation,dm_delete,,
Delete this message,email_delete,,
Go to chat,navigate_dm,,
Forward the current email,email_forward,,
Insert Customer onboarding is complete.,add_text,Customer onboarding is complete.,
Reply with please update the ticket,dm_reply,please update the ticket,
Please remove Conclusion,search_delete,Conclusion,
Please make the security patch italic,italic,the security patch,
Highlight recent relationship developments for discussion points,ai_refine,highlight recent relationship developments,discussion points
Respond to this email with standup moved to 10am,email_reply,standup moved to 10am,
What should we prioritise for the meeting,ai_refine,what should we prioritise for the meeting,key meeting objectives
make how are you doing bold,bold,how are you doing,
Respond with the server is back up,dm_reply,the server is back up,
What is the weather today?,unknown,,
Search my DMs for artificial intelligence,dm_search,artificial intelligence,
Delete the current conversation,dm_delete,,
Find conversations about Conclusion,dm_search,Conclusion,
Delete the current conversation,dm_delete,,
Please remove Amazon,search_delete,Amazon,
Please make the deploy is ready bold,bold,the deploy is ready,
Take me to my DMs,navigate_dm,,
make machine learning to italic,italic,machine learning,
Forward it,email_forward,,
Go to email,navigate_email,,
Remove this message,dm_delete,,
Throw this email away,email_delete,,
Can you open chat for me?,navigate_dm,,
Open the messenger,navigate_dm,,
Show me chats about Conclusion,dm_search,Conclusion,
Delete the last sentence,prev_sentence_delete,,
What are the main points we should discuss,ai_refine,what are the main points we should discuss,discussion points
Message saying the report is ready,dm_send,the report is ready,
Remove the chat,dm_delete,,
Flag the main risks in relationship sensitivities,ai_refine,flag the main risks,relationship sensitivities
Please make nice to meet you italic,italic,nice to meet you,
Forward the current email,email_forward,,
Send this message: the deploy is scheduled for tonight,dm_send,the deploy is scheduled for tonight,
Book a table for two,unknown,,
Finish and send with the text we hit the quarterly target,email_send,we hit the quarterly target,
Summarise what we need to achieve in the meeting,ai_refine,summarise what we need to achieve in the meeting,key meeting objectives
Forward this message,email_forward,,
Go to my inbox of messages,navigate_dm,,
make how have you been bold,bold,how have you been,
"Make ""the server is down"" bold",bold,the server is down,
Make in place of that italic,italic,in place of that,
Please make The project starts tomorrow. bold,bold,The project starts tomorrow.,
set in the middle of it to italicized,italic,in the middle of it,
Summarise the key points of key deals in the pipeline,ai_refine,summarise the key points,pipeline deals
Italicize Conclusion,italic,Conclusion,
Forward this email to someone,email_forward,,
Schedule a meeting,unknown,,
Summarise the key points of key discussion points,ai_refine,summarise the key points,discussion points
Italicize thank you,italic,thank you,
Erase deep learning,search_delete,deep learning,
Write The quick brown fox jumps over the lazy dog.,add_text,The quick brown fox jumps over the lazy dog.,
make great job to underlined,underline,great job,
Remove the chat,dm_delete,,
Delete this chat,dm_delete,,
Respond to this email with standup moved to 10am,email_reply,standup moved to 10am,
Add Machine learning is useful.,add_text,Machine learning is useful.,
Rewrite critical meeting objectives to be more concise,ai_refine,rewrite to be more concise,key meeting objectives
Switch to messages,navigate_dm,,
Search my chats for customer experience,dm_search,customer experience,
Send the email: I'll be late today,email_send,I'll be late today,
Switch to email,navigate_email,,
Put Welcome to the meeting into the document,add_text,Welcome to the meeting,
Look up chats about customer onboarding,dm_search,customer onboarding,
Reply to this chat with lunch at noon,dm_reply,lunch at noon,
Flag the main risks in latest relationship developments,ai_refine,flag the main risks,recent relationship developments
set how have you been to underline,underline,how have you been,
Answer with we hit the quarterly target,dm_reply,we hit the quarterly target,
make at the end of it to bold,bold,at the end of it,
Go to my inbox of messages,navigate_dm,,
Send this message: the build is green,dm_send,the build is green,
Begin a new email regarding customer onboarding,email_compose,customer onboarding,
Make take care italic,italic,take care,
Send a chat message: can you review my PR,dm_send,can you review my PR,
Look up emails about customer experience,email_search,customer experience,
make keep it up italic,italic,keep it up,
Make pipeline deals more concise and impactful,ai_refine,make more concise and impactful,pipeline deals
Make key relationship risks more concise and impactful,ai_refine,make more concise and impactful,relationship sensitivities
Put Today is a beautiful day. into the document,add_text,Today is a beautiful day.,
Set Machine learning is useful. to bold,bold,Machine learning is useful.,
Remove the chat,dm_delete,,
Delete this conversation,dm_delete,,
Tell me a joke,unknown,,
Send the email with the message the server is back up,email_send,the server is back up,
Post the message I'll be late today,dm_send,I'll be late today,
Please underline in the meantime,underline,in the meantime,
Please underline good morning,underline,good morning,
Respond with lunch at noon,dm_reply,lunch at noon,
What should we prioritise for the meeting,ai_refine,what should we prioritise for the meeting,key meeting objectives
Type and send standup moved to 10am,dm_send,standup moved to 10am,
Highlight the most significant recent client developments to discuss,ai_refine,highlight the most significant,recent relationship developments
Tell me a joke,unknown,,
"Underline ""good afternoon""",underline,good afternoon,
Send it,unknown,,
make as well as it to bold,bold,as well as it,
make we shipped the release to italic,italic,we shipped the release,
Show me chats about artificial intelligence,dm_search,artificial intelligence,
Answer with the report is ready,dm_reply,the report is ready,
Look up chats about customer onboarding,dm_search,customer onboarding,
Send the email with the message the deploy is scheduled for tonight,email_send,the deploy is scheduled for tonight,
set them to underline,underline,them,
Can you open chat for me?,navigate_dm,,
set them to bolded,bold,them,
set Apple to bolded,bold,Apple,
Send a reply saying can you review my PR,dm_reply,can you review my PR,
Forward this email to someone,email_forward,,
Make it italic,italic,it,
Delete this message,email_delete,,
Write a new email titled customer onboarding,email_compose,customer onboarding,
Set on the other hand to italic,italic,on the other hand,
Bold Machine learning is useful.,bold,Machine learning is useful.,
Please underline it,underline,it,
Send a reply saying we hit the quarterly target,dm_reply,we hit the quarterly target,
Make thank you bold,bold,thank you,
Apply underline to This is a sample document,underline,This is a sample document,
Strengthen key discussion points with clearer wording,ai_refine,strengthen with clearer wording,discussion points
Reply to the email: standup moved to 10am,email_reply,standup moved to 10am,
Tell me a joke,unknown,,
Go to chat,navigate_dm,,
Bold in other words,bold,in other words,
"Make ""hello world"" bold",bold,hello world,
Machine learning is useful.,add_text,Machine learning is useful.,
Add useful context to latest relationship developments,ai_refine,add useful context,recent relationship developments
Send it and say please update the ticket,email_send,please update the ticket,
Delete the last sentence,prev_sentence_delete,,
Respond with we hit the quarterly target,dm_reply,we hit the quarterly target,
Reply to this email: the server is back up,email_reply,the server is back up,
Please make our new policy italic,italic,our new policy,
make the bug is fixed to underlined,underline,the bug is fixed,
Highlight the most significant pipeline deals to discuss,ai_refine,highlight the most significant,pipeline deals
Flag the main risks in recent client relationship changes,ai_refine,flag the main risks,recent relationship developments
Flag the main risks in pipeline deals,ai_refine,flag the main risks,pipeline deals
Remove this message,dm_delete,,
make in the middle of it italic,italic,in the middle of it,
"Make ""Artificial intelligence is changing the world."" bold",bold,Artificial intelligence is changing the world.,
Highlight the most significant pipeline deals to discuss,ai_refine,highlight the most significant,pipeline deals
Insert Quarterly earnings are up 10%.,add_text,Quarterly earnings are up 10%.,
Rewrite sensitive relationship issues to be more concise,ai_refine,rewrite to be more concise,relationship sensitivities
Machine learning is useful.,add_text,Machine learning is useful.,
Please make our new policy bold,bold,our new policy,
Switch to messages,navigate_dm,,
Compose an email about budget approval,email_compose,budget approval,
Open the messenger,navigate_dm,,
"Make ""Please review this document."" bold",bold,Please review this document.,
make it into bold,bold,it,
Make our new policy bold,bold,our new policy,
Make this section more concise and impactful for sensitive relationship issues,ai_refine,make this section more concise and impactful,relationship sensitivities
Set financial report to underlined,underline,financial report,
Write an email about the project plan,email_compose,the project plan,
Apply underline to in the middle of it,underline,in the middle of it,
Remove the previous sentence,prev_sentence_delete,,
Type and send the build is green,dm_send,the build is green,
Remove this message,dm_delete,,
Search my chats for Apple,dm_search,Apple,
Open the email page,navigate_email,,
set how's it going to underline,underline,how's it going,
Type Good morning everyone,add_text,Good morning everyone,
set the design doc to italicized,italic,the design doc,
"Make ""we shipped the release"" bold",bold,we shipped the release,
Please make these italic,italic,these,
Reply to this email saying I'll be late today,email_reply,I'll be late today,
Take me to my inbox,navigate_email,,
Delete this email,email_delete,,
Set good afternoon to italic,italic,good afternoon,
Set in the middle of it to bold,bold,in the middle of it,
Send we hit the quarterly target,dm_send,we hit the quarterly target,
Please write Machine learning is useful.,add_text,Machine learning is useful.,
"Underline ""deep learning""",underline,deep learning,
Welcome to the meeting,add_text,Welcome to the meeting,
Please write Artificial intelligence is changing the world.,add_text,Artificial intelligence is changing the world.,
Send it,unknown,,
Make Hello everyone italic,italic,Hello everyone,
Turn high-value pipeline opportunities into clear talking points,ai_refine,turn into clear talking points,pipeline deals
Set how have you been to underlined,underline,how have you been,
Reply to this message: the deploy is scheduled for tonight,dm_reply,the deploy is scheduled for tonight,
Go to chat,navigate_dm,,
"Delete ""financial report""",search_delete,financial report,
Open the messenger,navigate_dm,,
Reply to this chat with the server is back up,dm_reply,the server is back up,
Send it and say we hit the quarterly target,email_send,we hit the quarterly target,
"Make ""the final report"" bold",bold,the final report,
"Delete ""meeting notes""",search_delete,meeting notes,
Say the client call is confirmed,dm_send,the client call is confirmed,
underline good evening,underline,good evening,
Open the email page,navigate_email,,
Remove the chat,dm_delete,,
Highlight the most significant pipeline deals to discuss,ai_refine,highlight the most significant,pipeline deals
Delete the current conversation,dm_delete,,
"Delete ""Introduction""",search_delete,Introduction,
Highlight the key items in key deals in the pipeline,ai_refine,highlight the key items,pipeline deals
Find emails about Apple,email_search,Apple,
underline see you tomorrow,underline,see you tomorrow,
Can you open chat for me?,navigate_dm,,
Reply to the email: the server is back up,email_reply,the server is back up,
Move this email to trash,email_delete,,
Flag the main risks in key discussion points,ai_refine,flag the main risks,discussion points
set machine learning to bolded,bold,machine learning,
Flag the main risks in priority pipeline deals,ai_refine,flag the main risks,pipeline deals
Today is a beautiful day.,add_text,Today is a beautiful day.,
make as well as it bold,bold,as well as it,
Open the messenger,navigate_dm,,
Look up chats about machine learning,dm_search,machine learning,
Summarize the key points of key discussion points,ai_refine,summarize the key points,discussion points
Make the roadmap italic,italic,the roadmap,
What should we prioritise for the meeting,ai_refine,what should we prioritise for the meeting,key meeting objectives
make Please review this document. to italic,italic,Please review this document.,
Send this email on,email_forward,,
make this to italic,italic,this,
Reply to this message: can you review my PR,dm_reply,can you review my PR,
Switch to email,navigate_email,,
Draft an email about the project plan,email_compose,the project plan,
Open the messenger,navigate_dm,,
Summarise the key points of priority pipeline deals,ai_refine,summarise the key points,pipeline deals
Go to my inbox of messages,navigate_dm,,
Send a chat message: please update the ticket,dm_send,please update the ticket,
set Amazon to bolded,bold,Amazon,
Remove this message,dm_delete,,
Make this section more concise and impactful for meeting objectives,ai_refine,make this section more concise and impactful,key meeting objectives
Send a reply saying we hit the quarterly target,dm_reply,we hit the quarterly target,
What is the weather today?,unknown,,
Reply to the email: please update the ticket,email_reply,please update the ticket,
make meeting notes to bold,bold,meeting notes,
Look up chats about deep learning,dm_search,deep learning,
Flag the highest-value opportunities in the pipeline,ai_refine,flag the highest-value opportunities in the pipeline,pipeline deals
set Amazon to bolded,bold,Amazon,
Write we hit the quarterly target,dm_send,we hit the quarterly target,
Respond to this email with please update the ticket,email_reply,please update the ticket,
Take me to my DMs,navigate_dm,,
Go to my inbox of messages,navigate_dm,,
Go to chat,navigate_dm,,
Reply to this email saying the server is back up,email_reply,the server is back up,
Switch to email,navigate_email,,
set Welcome to the meeting to underline,underline,Welcome to the meeting,
Italicize instead of this,italic,instead of this,
Search my email for artificial intelligence,email_search,artificial intelligence,
Please remove Introduction,search_delete,Introduction,
Erase project plan,search_delete,project plan,
Remove the previous sentence,prev_sentence_delete,,
Reply to this email: please update the ticket,email_reply,please update the ticket,
Look up chats about project plan,dm_search,project plan,
"Underline ""Welcome to the meeting""",underline,Welcome to the meeting,
Begin a new email regarding contract renewal,email_compose,contract renewal,
Summarise what we need to achieve in the meeting,ai_refine,summarise what we need to achieve in the meeting,key meeting objectives
Reply to this chat with I'll be late today,dm_reply,I'll be late today,
Show me emails about Microsoft,email_search,Microsoft,
Please write Today is a beautiful day.,add_text,Today is a beautiful day.,
Open the messenger,navigate_dm,,
Add useful context to recent relationship developments,ai_refine,add useful context,recent relationship developments
Search my DMs for Google,dm_search,Google,
"Make ""the bug is fixed"" bold",bold,the bug is fixed,
Message saying please update the ticket,dm_send,please update the ticket,
Write Good morning everyone,add_text,Good morning everyone,
Reply with please update the ticket,email_reply,please update the ticket,
Type and send the client call is confirmed,dm_send,the client call is confirmed,
List any pending issues or complaints from this client,ai_refine,list any pending issues or complaints from this client,relationship sensitivities
set how's it going to bolded,bold,how's it going,
Reply with the server is back up,email_reply,the server is back up,
make as well as it into underlined,underline,as well as it,
Remove the chat,dm_delete,,
Bold customer relationship management,bold,customer relationship management,
Search for customer experience in my inbox,email_search,customer experience,
Write This is a sample document,add_text,This is a sample document,
Open the email page,navigate_email,,
Compose an email with the subject roadmap planning,email_compose,roadmap planning,
Set these to italic,italic,these,
Summarise the key points of recent client relationship changes,ai_refine,summarise the key points,recent relationship developments
Underline in place of this,underline,in place of this,
Reply to this email: the server is back up,email_reply,the server is back up,
Begin a new email regarding contract renewal,email_compose,contract renewal,
Go to my inbox of messages,navigate_dm,,
set long time no see to italicized,italic,long time no see,
set Welcome to the meeting to bolded,bold,Welcome to the meeting,
Highlight the most significant priority discussion topics to discuss,ai_refine,highlight the most significant,discussion points
The project starts tomorrow.,add_text,The project starts tomorrow.,
make we shipped the release into underlined,underline,we shipped the release,
What is the weather today?,unknown,,
Delete Conclusion,search_delete,Conclusion,
Send the email with the message the deploy is scheduled for tonight,email_send,the deploy is scheduled for tonight,
Highlight recent relationship developments,ai_refine,highlight recent relationship developments,recent relationship developments
Draft an email about meeting notes,email_compose,meeting notes,
underline in place of it,underline,in place of it,
Delete the current conversation,dm_delete,,
Send the email with the message lunch at noon,email_send,lunch at noon,
Compose an email with the subject the annual report,email_compose,the annual report,
Show me chats about machine learning,dm_search,machine learning,
Remove this message,dm_delete,,
Delete it,unknown,,
Open my inbox,navigate_email,,
Highlight the most significant main meeting objectives to discuss,ai_refine,highlight the most significant,key meeting objectives
Please write Today is a beautiful day.,add_text,Today is a beautiful day.,
Send the email saying lunch at noon,email_send,lunch at noon,
"Make ""Artificial intelligence is changing the world."" bold",bold,Artificial intelligence is changing the world.,
Trash this chat,dm_delete,,
Send it and say the deploy is scheduled for tonight,email_send,the deploy is scheduled for tonight,
Which pipeline deals should we prioritise,ai_refine,which pipeline deals should we prioritise,pipeline deals
Can you open email for me?,navigate_email,,
Reply to this message: the report is ready,dm_reply,the report is ready,
Open the chat page,navigate_dm,,
Delete the previous sentence,prev_sentence_delete,,
Throw this email away,email_delete,,
make hello world italic,italic,hello world,
Highlight the most significant pipeline deals to discuss,ai_refine,highlight the most significant,pipeline deals
Reply to the email: please update the ticket,email_reply,please update the ticket,
Delete this chat,dm_delete,,
Set that to italic,italic,that,
Summarise the key points of new relationship developments,ai_refine,summarise the key points,recent relationship developments
set Q3 results to underline,underline,Q3 results,
"Make ""artificial intelligence"" italic",italic,artificial intelligence,
Underline financial report,underline,financial report,
Send it,unknown,,
Highlight recent relationship developments for discussion points,ai_refine,highlight recent relationship developments,discussion points
make have a nice day into italic,italic,have a nice day,
set those to italicized,italic,those,
Write Artificial intelligence is changing the world.,add_text,Artificial intelligence is changing the world.,
Forward this email to someone,email_forward,,
make by the way italic,italic,by the way,
Write the report is ready,dm_send,the report is ready,
Send the email with the message let's sync after the meeting,email_send,let's sync after the meeting,
Switch to email,navigate_email,,
Answer this email with the deploy is scheduled for tonight,email_reply,the deploy is scheduled for tonight,
Search for project plan in my inbox,email_search,project plan,
Erase customer onboarding,search_delete,customer onboarding,
Reply to this email saying we hit the quarterly target,email_reply,we hit the quarterly target,
Add useful context to priority discussion topics,ai_refine,add useful context,discussion points
Please make keep it up bold,bold,keep it up,
Throw this email away,email_delete,,
Remove the previous sentence,prev_sentence_delete,,
Say standup moved to 10am,dm_send,standup moved to 10am,
Delete this conversation,dm_delete,,
"Make ""welcome aboard"" bold",bold,welcome aboard,
Apply underline to on top of it,underline,on top of it,
Send the email saying can you review my PR,email_send,can you review my PR,
Say let's sync after the meeting,dm_send,let's sync after the meeting,
Italicize nice to meet you,italic,nice to meet you,
Delete the current conversation,dm_delete,,
Send a chat message: the client call is confirmed,dm_send,the client call is confirmed,
Delete this chat,dm_delete,,
set The project starts tomorrow. to underline,underline,The project starts tomorrow.,
Turn the important items into discussion points,ai_refine,turn the important items into discussion points,discussion points
Reply saying the server is back up,dm_reply,the server is back up,
Apply underline to in place of that,underline,in place of that,
Take me to my inbox,navigate_email,,
"Make ""next steps"" bold",bold,next steps,
Please remove Amazon,search_delete,Amazon,
Forward the current email,email_forward,,
Draft an email about the annual report,email_compose,the annual report,
"Underline ""how have you been""",underline,how have you been,
"Make ""how are you doing"" italic",italic,how are you doing,
Italicize the ticket is closed,italic,the ticket is closed,
"Make ""in the middle of it"" bold",bold,in the middle of it,
Search for customer onboarding in my inbox,email_search,customer onboarding,
Insert The project starts tomorrow.,add_text,The project starts tomorrow.,
Send we hit the quarterly target,dm_send,we hit the quarterly target,
Move this email to trash,email_delete,,
underline meeting notes,underline,meeting notes,
Answer this email with let's sync after the meeting,email_reply,let's sync after the meeting,
Reply to this email: the build is green,email_reply,the build is green,
Highlight recent relationship developments,ai_refine,highlight recent relationship developments,recent relationship developments
make as well as it bold,bold,as well as it,
Show me my chats,navigate_dm,,
Play some music,unknown,,
Remove the previous sentence,prev_sentence_delete,,
Please remove project plan,search_delete,project plan,
Set you're welcome to bold,bold,you're welcome,
Set this is urgent to underlined,underline,this is urgent,
Please underline how have you been,underline,how have you been,
Go to my inbox,navigate_email,,
Send a message saying lunch at noon,dm_send,lunch at noon,
Identify the most important points in recent client developments,ai_refine,identify the most important points,recent relationship developments
Strengthen relationship concerns with clearer wording,ai_refine,strengthen with clearer wording,relationship sensitivities
Look up chats about deep learning,dm_search,deep learning,
Send this message: please update the ticket,dm_send,please update the ticket,
Reply to the email: the deploy is scheduled for tonight,email_reply,the deploy is scheduled for tonight,
What time is it?,unknown,,
Navigate to email,navigate_email,,
Flag any unresolved client concerns,ai_refine,flag any unresolved client concerns,relationship sensitivities
Delete this chat,dm_delete,,
Add Good morning everyone,add_text,Good morning everyone,
Trash this chat,dm_delete,,
Search for customer experience in my inbox,email_search,customer experience,
Delete this conversation,dm_delete,,
Please write Today is a beautiful day.,add_text,Today is a beautiful day.,
Find conversations about financial report,dm_search,financial report,
Switch to messages,navigate_dm,,
make Amazon bold,bold,Amazon,
Send this email saying standup moved to 10am,email_send,standup moved to 10am,
Delete this conversation,dm_delete,,
Trash this email,email_delete,,
Remove the previous sentence,prev_sentence_delete,,
Search my inbox for machine learning,email_search,machine learning,
Delete the last sentence,prev_sentence_delete,,
Delete this thread,dm_delete,,
make how's it going italic,italic,how's it going,
Delete the last sentence,prev_sentence_delete,,
Add Hello everyone,add_text,Hello everyone,
make the onboarding flow bold,bold,the onboarding flow,
Show me my emails,navigate_email,,
Schedule a meeting,unknown,,
Mark everything as read,unknown,,
make Conclusion to underlined,underline,Conclusion,
Forward this email to someone,email_forward,,
Finish and send with the text lunch at noon,email_send,lunch at noon,
Book a table for two,unknown,,
Set this to italic,italic,this,
Send this message: can you review my PR,dm_send,can you review my PR,
Search for Google in my inbox,email_search,Google,
make Introduction into italic,italic,Introduction,
Delete the phrase machine learning,search_delete,machine learning,
Strengthen key relationship risks with clearer wording,ai_refine,strengthen with clearer wording,relationship sensitivities
Please underline deep learning,underline,deep learning,
What has changed recently in the client relationship,ai_refine,what has changed recently in the client relationship,recent relationship developments
Write Today is a beautiful day.,add_text,Today is a beautiful day.,
Send the email: the report is ready,email_send,the report is ready,
Call alice,unknown,,
Compose an email about contract renewal,email_compose,contract renewal,
Can you open chat for me?,navigate_dm,,
Can you open chat for me?,navigate_dm,,
Find the email about meeting notes,email_search,meeting notes,
Trash this chat,dm_delete,,
Add Customer onboarding is complete.,add_text,Customer onboarding is complete.,
Forward this email,email_forward,,
Summarize the key points of meeting objectives,ai_refine,summarize the key points,key meeting objectives
Who won the game?,unknown,,
Forward this message,email_forward,,
Italicize the customer list,italic,the customer list,
make in the meantime to underlined,underline,in the meantime,
make how's it going into underlined,underline,how's it going,
"Make ""Quarterly earnings are up 10%."" bold",bold,Quarterly earnings are up 10%.,
Begin a new email regarding contract renewal,email_compose,contract renewal,
set Amazon to bolded,bold,Amazon,
Type Customer onboarding is complete.,add_text,Customer onboarding is complete.,
underline at the end of it,underline,at the end of it,
Book a table for two,unknown,,
Begin a new email regarding meeting notes,email_compose,meeting notes,
Flag the main risks in recent client relationship changes,ai_refine,flag the main risks,recent relationship developments
Look up emails about Conclusion,email_search,Conclusion,
Search messages for Apple,dm_search,Apple,
Begin a new email regarding the security update,email_compose,the security update,
Write the server is back up,dm_send,the server is back up,
Throw this email away,email_delete,,
Summarise what we need to achieve in the meeting,ai_refine,summarise what we need to achieve in the meeting,key meeting objectives
Open the messenger,navigate_dm,,
What is the weather today?,unknown,,
Open my messages,navigate_dm,,
Trash this chat,dm_delete,,
Open the email page,navigate_email,,
Reply with can you review my PR,dm_reply,can you review my PR,
Send it and say let's sync after the meeting,email_send,let's sync after the meeting,
Archive this thread,unknown,,
Send a message saying I'll be late today,dm_send,I'll be late today,
Open the chat page,navigate_dm,,
What is the weather today?,unknown,,
Highlight the most significant pipeline deals to discuss,ai_refine,highlight the most significant,pipeline deals
Please make please review this italic,italic,please review this,
Remove this message,dm_delete,,
Write lunch at noon,dm_send,lunch at noon,
Make this section more concise and impactful for recent client relationship changes,ai_refine,make this section more concise and impactful,recent relationship developments
Find the chat about Amazon,dm_search,Amazon,
Make this section more concise and impactful for discussion points,ai_refine,make this section more concise and impactful,discussion points
Respond to this email with let's sync after the meeting,email_reply,let's sync after the meeting,
Schedule a meeting,unknown,,
set the security patch to italicized,italic,the security patch,
What are the main points we should discuss,ai_refine,what are the main points we should discuss,discussion points
Send the email with the message standup moved to 10am,email_send,standup moved to 10am,
Delete the current conversation,dm_delete,,
Unsend that,unknown,,
Set Welcome to the meeting to italic,italic,Welcome to the meeting,
Navigate to email,navigate_email,,
Show me emails about financial report,email_search,financial report,
Find emails about financial report,email_search,financial report,
Summarise the key points of discussion points,ai_refine,summarise the key points,discussion points
Write a new email titled budget approval,email_compose,budget approval,
Remove this message,dm_delete,,
Search messages for Q3 results,dm_search,Q3 results,
Send a chat message: the client call is confirmed,dm_send,the client call is confirmed,
"Delete ""customer onboarding""",search_delete,customer onboarding,
Please make great job bold,bold,great job,
Highlight the most significant key deals in the pipeline to discuss,ai_refine,highlight the most significant,pipeline deals
make nice to meet you into italic,italic,nice to meet you,
Flag any unresolved client concerns,ai_refine,flag any unresolved client concerns,relationship sensitivities
Compose an email with the subject the project plan,email_compose,the project plan,
"Underline ""take care""",underline,take care,
New email about customer onboarding,email_compose,customer onboarding,
Delete the last sentence,prev_sentence_delete,,
Delete the last sentence,prev_sentence_delete,,
Navigate to messages,navigate_dm,,
Please write Today is a beautiful day.,add_text,Today is a beautiful day.,
Reply with the deploy is scheduled for tonight,dm_reply,the deploy is scheduled for tonight,
Send the email with the message the build is green,email_send,the build is green,
Set artificial intelligence to underlined,underline,artificial intelligence,
Delete this conversation,dm_delete,,
make Welcome to the meeting bold,bold,Welcome to the meeting,
Search my email for Google,email_search,Google,
Delete the current conversation,dm_delete,,
Type and send please update the ticket,dm_send,please update the ticket,
Search my DMs for Google,dm_search,Google,
Search messages for customer relationship management,dm_search,customer relationship management,
Highlight the key items in priority meeting objectives,ai_refine,highlight the key items,key meeting objectives
make the client is happy to italic,italic,the client is happy,
Delete the last sentence,prev_sentence_delete,,
Underline see you tomorrow,underline,see you tomorrow,
Make in the meantime italic,italic,in the meantime,
Add useful context to main meeting objectives,ai_refine,add useful context,key meeting objectives
Delete this email,email_delete,,
List any pending issues or complaints from this client,ai_refine,list any pending issues or complaints from this client,relationship sensitivities
Apply underline to Customer onboarding is complete.,underline,Customer onboarding is complete.,
Compose an email with the subject the project plan,email_compose,the project plan,
Delete the phrase Conclusion,search_delete,Conclusion,
Set by the way to bold,bold,by the way,
Make key discussion points more concise and impactful,ai_refine,make more concise and impactful,discussion points
"Send this email, the body is we hit the quarterly target",email_send,we hit the quarterly target,
"Underline ""the roadmap""",underline,the roadmap,
Please make the final report bold,bold,the final report,
Answer with lunch at noon,dm_reply,lunch at noon,
"Underline ""Google""",underline,Google,
"Make ""good night"" bold",bold,good night,
"Make ""please review this"" bold",bold,please review this,
Type and send the server is back up,dm_send,the server is back up,
Delete this chat,dm_delete,,
Answer with I'll be late today,dm_reply,I'll be late today,
Compose an email about roadmap planning,email_compose,roadmap planning,
Remove this email,email_delete,,
Begin a new email regarding contract renewal,email_compose,contract renewal,
Delete the previous sentence,prev_sentence_delete,,
Forward this email,email_forward,,
Compose an email about the sprint review,email_compose,the sprint review,
Show me emails about financial report,email_search,financial report,
Go to my inbox of messages,navigate_dm,,
Apply underline to next steps,underline,next steps,
Delete this message,email_delete,,
Summarise the key points of main meeting objectives,ai_refine,summarise the key points,key meeting objectives
Forward this email,email_forward,,
Send this email saying the report is ready,email_send,the report is ready,
"Underline ""the ticket is closed""",underline,the ticket is closed,
Flag the main risks in most significant pipeline deals,ai_refine,flag the main risks,pipeline deals
Delete the last sentence,prev_sentence_delete,,
Summarise the key points of key relationship risks,ai_refine,summarise the key points,relationship sensitivities
Search my DMs for machine learning,dm_search,machine learning,
set the API key to italicized,italic,the API key,
Set the design doc to bold,bold,the design doc,
Write an email about Q3 results,email_compose,Q3 results,
Underline the roadmap,underline,the roadmap,
Send this email on,email_forward,,
Send it,unknown,,
"Make ""long time no see"" italic",italic,long time no see,
Find emails about project plan,email_search,project plan,
Search my email for Conclusion,email_search,Conclusion,
"Send this email, the body is let's sync after the meeting",email_send,let's sync after the meeting,
Find the chat about project plan,dm_search,project plan,
make nice to meet you italic,italic,nice to meet you,
Customer onboarding is complete.,add_text,Customer onboarding is complete.,
Search my inbox for deep learning,email_search,deep learning,
Delete the previous sentence,prev_sentence_delete,,
Delete Amazon,search_delete,Amazon,
Play some music,unknown,,
Send this email saying standup moved to 10am,email_send,standup moved to 10am,
Send a reply saying the client call is confirmed,dm_reply,the client call is confirmed,
Show me chats about Apple,dm_search,Apple,
Say the build is green,dm_send,the build is green,
Show me my emails,navigate_email,,
Look up chats about Microsoft,dm_search,Microsoft,
make Welcome to the meeting italic,italic,Welcome to the meeting,
Forward this email,email_forward,,
Take me to my DMs,navigate_dm,,
Search my DMs for Conclusion,dm_search,Conclusion,
Remove the previous sentence,prev_sentence_delete,,
Show me my emails,navigate_email,,
Reply to this chat with let's sync after the meeting,dm_reply,let's sync after the meeting,
Make Welcome to the meeting italic,italic,Welcome to the meeting,
Forward this email,email_forward,,
What should we prioritise for the meeting,ai_refine,what should we prioritise for the meeting,key meeting objectives
Find the chat about project plan,dm_search,project plan,
Delete the current email,email_delete,,
Say the client call is confirmed,dm_send,the client call is confirmed,
Compose an email about the annual report,email_compose,the annual report,
make hello world to underlined,underline,hello world,
Open my inbox,navigate_email,,
Reply to this message: the server is back up,dm_reply,the server is back up,
Navigate to messages,navigate_dm,,
Look up emails about Microsoft,email_search,Microsoft,
Type The project starts tomorrow.,add_text,The project starts tomorrow.,
Set that to italic,italic,that,
Go to chat,navigate_dm,,
"Make ""the deploy is ready"" italic",italic,the deploy is ready,
Delete customer relationship management,search_delete,customer relationship management,
"Make ""the deadline is friday"" bold",bold,the deadline is friday,
Please make in place of this bold,bold,in place of this,
Search for Apple in my inbox,email_search,Apple,
Trash this email,email_delete,,
Type and send we hit the quarterly target,dm_send,we hit the quarterly target,
Look up emails about Amazon,email_search,Amazon,
Bold in place of this,bold,in place of this,
Find the chat about customer experience,dm_search,customer experience,
Open my email,navigate_email,,
Forward the current email,email_forward,,
Show me emails about Conclusion,email_search,Conclusion,
make the client is happy to underlined,underline,the client is happy,
make good night into bold,bold,good night,
Delete the current email,email_delete,,
Send this message: the deploy is scheduled for tonight,dm_send,the deploy is scheduled for tonight,
Search messages for deep learning,dm_search,deep learning,
Which pipeline deals should we prioritise,ai_refine,which pipeline deals should we prioritise,pipeline deals
Underline take care,underline,take care,
Go to my inbox of messages,navigate_dm,,
Navigate to messages,navigate_dm,,
Write an email about the sprint review,email_compose,the sprint review,
Go to email,navigate_email,,
Send the server is back up,dm_send,the server is back up,
Underline Machine learning is useful.,underline,Machine learning is useful.,
Please write Please review this document.,add_text,Please review this document.,
Forward the current email,email_forward,,
Compose an email with the subject budget approval,email_compose,budget approval,
Show me my chats,navigate_dm,,
Make priority pipeline deals more concise and impactful,ai_refine,make more concise and impactful,pipeline deals
Set next steps to bold,bold,next steps,
Start a new email with the subject budget approval,email_compose,budget approval,
set in other words to underline,underline,in other words,
Highlight the key items in relationship sensitivities,ai_refine,highlight the key items,relationship sensitivities
Open my inbox,navigate_email,,
Switch to email,navigate_email,,
Bold as well as it,bold,as well as it,
Add Artificial intelligence is changing the world.,add_text,Artificial intelligence is changing the world.,
make instead of it to bold,bold,instead of it,
Write The quick brown fox jumps over the lazy dog.,add_text,The quick brown fox jumps over the lazy dog.,
Start a new email with the subject customer onboarding,email_compose,customer onboarding,
Trash this email,email_delete,,
Go to my inbox of messages,navigate_dm,,
Send the email: the server is back up,email_send,the server is back up,
Please write Customer onboarding is complete.,add_text,Customer onboarding is complete.,
Trash this email,email_delete,,
make the meeting is at noon into bold,bold,the meeting is at noon,
What has changed recently in the client relationship,ai_refine,what has changed recently in the client relationship,recent relationship developments
Summarize the key points of relationship concerns,ai_refine,summarize the key points,relationship sensitivities
make hello world into underlined,underline,hello world,
Please underline let me know,underline,let me know,
Bold the server is down,bold,the server is down,
What are the main points we should discuss,ai_refine,what are the main points we should discuss,discussion points
Trash this email,email_delete,,
set Artificial intelligence is changing the world. to bolded,bold,Artificial intelligence is changing the world.,
Call bob,unknown,,
Search messages for machine learning,dm_search,machine learning,
"Send this email, the body is standup moved to 10am",email_send,standup moved to 10am,
make hello everyone into bold,bold,hello everyone,
Go to my inbox of messages,navigate_dm,,
Reply to this chat with we hit the quarterly target,dm_reply,we hit the quarterly target,
make nice to meet you bold,bold,nice to meet you,
"Underline ""the build is green""",underline,the build is green,
Highlight the key items in recent relationship developments,ai_refine,highlight the key items,recent relationship developments
What should we prioritise for the meeting,ai_refine,what should we prioritise for the meeting,key meeting objectives
make Q3 results to bold,bold,Q3 results,
Can you open email for me?,navigate_email,,
Bold as well as it,bold,as well as it,
What are the main points we should discuss,ai_refine,what are the main points we should discuss,discussion points
Please make as well as it bold,bold,as well as it,
Set we shipped the release to italic,italic,we shipped the release,
Erase project plan,search_delete,project plan,
Apply underline to project plan,underline,project plan,
Forward this email to someone,email_forward,,
Send this message: please update the ticket,dm_send,please update the ticket,
Make recent relationship developments more concise and impactful,ai_refine,make more concise and impactful,recent relationship developments
What time is it?,unknown,,
Forward the current email,email_forward,,
Move this email to trash,email_delete,,
Add more detail and supporting context to recent client relationship changes,ai_refine,add more detail and supporting context,recent relationship developments
Mark everything as read,unknown,,
Make in the middle of it bold,bold,in the middle of it,
make well done to underlined,underline,well done,
Apply underline to Introduction,underline,Introduction,
Delete project plan,search_delete,project plan,
make The quick brown fox jumps over the lazy dog. to underlined,underline,The quick brown fox jumps over the lazy dog.,
New email about Q3 results,email_compose,Q3 results,
Summarise the key points of high-value pipeline opportunities,ai_refine,summarise the key points,pipeline deals
Forward it,email_forward,,
set long time no see to underline,underline,long time no see,
Please make in front of it bold,bold,in front of it,
Delete the previous sentence,prev_sentence_delete,,
Find emails about Apple,email_search,Apple,
Search my DMs for Q3 results,dm_search,Q3 results,
Send a message saying the build is green,dm_send,the build is green,
make in the middle of it to underlined,underline,in the middle of it,
Schedule a meeting,unknown,,
set have a nice day to bolded,bold,have a nice day,
Call dave,unknown,,
make This is a sample document to bold,bold,This is a sample document,
Please remove Google,search_delete,Google,
Make how are you doing bold,bold,how are you doing,
Answer with I'll be late today,dm_reply,I'll be late today,
Show me chats about customer relationship management,dm_search,customer relationship management,
Delete the current email,email_delete,,
Underline customer experience,underline,customer experience,
Send a reply saying lunch at noon,dm_reply,lunch at noon,
Take me to my inbox,navigate_email,,
Respond with the report is ready,dm_reply,the report is ready,
make how was your day to bold,bold,how was your day,
Add useful context to key discussion points,ai_refine,add useful context,discussion points
Type Today is a beautiful day.,add_text,Today is a beautiful day.,
Please underline good evening,underline,good evening,
Add more detail and supporting context to client relationship risks,ai_refine,add more detail and supporting context,relationship sensitivities
"Make ""Good morning everyone"" bold",bold,Good morning everyone,
Delete this conversation,dm_delete,,
Send a chat message: the deploy is scheduled for tonight,dm_send,the deploy is scheduled for tonight,
Hello everyone,add_text,Hello everyone,
Delete the phrase customer experience,search_delete,customer experience,
make these into underlined,underline,these,
Search my email for important information,email_search,important information,
Find the chat about machine learning,dm_search,machine learning,
set Quarterly earnings are up 10%. to italicized,italic,Quarterly earnings are up 10%.,
Delete the last sentence,prev_sentence_delete,,
"Make ""important information"" italic",italic,important information,
Respond with let's sync after the meeting,dm_reply,let's sync after the meeting,
Respond with we hit the quarterly target,dm_reply,we hit the quarterly target,
Delete the previous sentence,prev_sentence_delete,,
Add more detail and supporting context to priority discussion topics,ai_refine,add more detail and supporting context,discussion points
Make on top of it italic,italic,on top of it,
Remove this message,dm_delete,,
Flag any unresolved client concerns,ai_refine,flag any unresolved client concerns,relationship sensitivities
Look up chats about important information,dm_search,important information,
Insert Artificial intelligence is changing the world.,add_text,Artificial intelligence is changing the world.,
Highlight the key items in topics to discuss,ai_refine,highlight the key items,discussion points
Apply underline to on top of it,underline,on top of it,
underline our new policy,underline,our new policy,
Reply saying the client call is confirmed,dm_reply,the client call is confirmed,
Answer with the report is ready,dm_reply,the report is ready,
Type Please review this document.,add_text,Please review this document.,
Forward it,email_forward,,
Set nice to meet you to bold,bold,nice to meet you,
Search messages for financial report,dm_search,financial report,
Italicize in other words,italic,in other words,
Search my DMs for annual report,dm_search,annual report,
Make Google italic,italic,Google,
Delete customer experience,search_delete,customer experience,
Insert Please review this document.,add_text,Please review this document.,
Please remove Introduction,search_delete,Introduction,
Who won the game?,unknown,,
Forward the current email,email_forward,,
Please make next steps bold,bold,next steps,
make the server is down into underlined,underline,the server is down,
"Delete ""Q3 results""",search_delete,Q3 results,
New email about budget approval,email_compose,budget approval,
set this is urgent to bolded,bold,this is urgent,
Identify the most important points in recent relationship developments,ai_refine,identify the most important points,recent relationship developments
Set Please review this document. to underlined,underline,Please review this document.,
New email about meeting notes,email_compose,meeting notes,
Go to my inbox of messages,navigate_dm,,
Summarise the key points of high-value pipeline opportunities,ai_refine,summarise the key points,pipeline deals
"Make ""in other words"" bold",bold,in other words,
Respond to this email with I'll be late today,email_reply,I'll be late today,
Delete this email,email_delete,,
"Make ""the API key"" italic",italic,the API key,
Send the email: I'll be late today,email_send,I'll be late today,
make those into underlined,underline,those,
Delete deep learning,search_delete,deep learning,
Look up chats about machine learning,dm_search,machine learning,
List any pending issues or complaints from this client,ai_refine,list any pending issues or complaints from this client,relationship sensitivities
Send the email with the message the report is ready,email_send,the report is ready,
Delete the current email,email_delete,,
Show me my emails,navigate_email,,
Write the deploy is scheduled for tonight,dm_send,the deploy is scheduled for tonight,
Apply underline to next steps,underline,next steps,
Delete the current conversation,dm_delete,,
Send this email saying the deploy is scheduled for tonight,email_send,the deploy is scheduled for tonight,
Compose an email with the subject the project plan,email_compose,the project plan,
Summarize the key points of main meeting objectives,ai_refine,summarize the key points,key meeting objectives
Add useful context to recent client developments,ai_refine,add useful context,recent relationship developments
Compose an email with the subject the project plan,email_compose,the project plan,
make the deadline is friday into underlined,underline,the deadline is friday,
Add useful context to recent client relationship changes,ai_refine,add useful context,recent relationship developments
Look up emails about meeting notes,email_search,meeting notes,
Look up emails about meeting notes,email_search,meeting notes,
Please make hello world bold,bold,hello world,
What relationship risks should I flag,ai_refine,what relationship risks should I flag,relationship sensitivities
underline see you soon,underline,see you soon,
Remove the chat,dm_delete,,
Send it and say the client call is confirmed,email_send,the client call is confirmed,
Forward this email,email_forward,,
Strengthen key meeting objectives with clearer wording,ai_refine,strengthen with clearer wording,key meeting objectives
make this is urgent bold,bold,this is urgent,
Please remove artificial intelligence,search_delete,artificial intelligence,
Delete this chat,dm_delete,,
What should we prioritise for the meeting,ai_refine,what should we prioritise for the meeting,key meeting objectives
Add Good morning everyone,add_text,Good morning everyone,
Reply saying can you review my PR,dm_reply,can you review my PR,
Make this section more concise and impactful for pipeline deals,ai_refine,make this section more concise and impactful,pipeline deals
Find emails about deep learning,email_search,deep learning,
What are the main points we should discuss,ai_refine,what are the main points we should discuss,discussion points
Show me my emails,navigate_email,,
Remove this message,dm_delete,,
Delete the previous sentence,prev_sentence_delete,,
Search my email for machine learning,email_search,machine learning,
Send it,unknown,,
Reply to this email saying standup moved to 10am,email_reply,standup moved to 10am,
Who won the game?,unknown,,
make good morning to bold,bold,good morning,
Set Good morning everyone to underlined,underline,Good morning everyone,
Delete the current email,email_delete,,
Remove the chat,dm_delete,,
Finish and send with the text the deploy is scheduled for tonight,email_send,the deploy is scheduled for tonight,
Look up chats about Apple,dm_search,Apple,
Remove the previous sentence,prev_sentence_delete,,
Move this email to trash,email_delete,,
Delete this thread,dm_delete,,
Delete the last sentence,prev_sentence_delete,,
make project plan into bold,bold,project plan,
Please remove financial report,search_delete,financial report,
Switch to email,navigate_email,,
Delete the last sentence,prev_sentence_delete,,
Take me to my inbox,navigate_email,,
Flag the main risks in client relationship risks,ai_refine,flag the main risks,relationship sensitivities
Message saying standup moved to 10am,dm_send,standup moved to 10am,
Answer this email with standup moved to 10am,email_reply,standup moved to 10am,
"Make ""keep it up"" italic",italic,keep it up,
make we shipped the release into bold,bold,we shipped the release,
set how are you to italicized,italic,how are you,
Find emails about annual report,email_search,annual report,
Set the deploy is ready to underlined,underline,the deploy is ready,
Who won the game?,unknown,,
Schedule a meeting,unknown,,
Trash this email,email_delete,,
Search for Google in my inbox,email_search,Google,
Forward it,email_forward,,
Tell me a joke,unknown,,
Delete it,unknown,,
"Underline ""nice to meet you""",underline,nice to meet you,
Write a new email titled Q3 results,email_compose,Q3 results,
Set the deploy is ready to bold,bold,the deploy is ready,
Delete the current email,email_delete,,
Delete the last sentence,prev_sentence_delete,,
Apply underline to good evening,underline,good evening,
Find the chat about Microsoft,dm_search,Microsoft,
Please make Today is a beautiful day. italic,italic,Today is a beautiful day.,
Forward this email to someone,email_forward,,
Can you open chat for me?,navigate_dm,,
Forward this email,email_forward,,
Write an email about budget approval,email_compose,budget approval,
Write an email about meeting notes,email_compose,meeting notes,
Please underline Introduction,underline,Introduction,
"Make ""customer relationship management"" bold",bold,customer relationship management,
Please underline instead of this,underline,instead of this,
List any pending issues or complaints from this client,ai_refine,list any pending issues or complaints from this client,relationship sensitivities
make meeting notes into italic,italic,meeting notes,
Highlight the most significant pipeline deals to discuss,ai_refine,highlight the most significant,pipeline deals
Go to email,navigate_email,,
Tell me a joke,unknown,,
Remove the chat,dm_delete,,
Reply to this message: we hit the quarterly target,dm_reply,we hit the quarterly target,
Navigate to messages,navigate_dm,,
Open the messenger,navigate_dm,,
Play some music,unknown,,
What are the key relationship risks to flag,ai_refine,what are the key relationship risks to flag,relationship sensitivities
underline see you tomorrow,underline,see you tomorrow,
make at the end of it bold,bold,at the end of it,
make Today is a beautiful day. into underlined,underline,Today is a beautiful day.,
Reply to this chat with I'll be late today,dm_reply,I'll be late today,
"Make ""good morning"" bold",bold,good morning,
Reply with please update the ticket,email_reply,please update the ticket,
Draft an email about the project plan,email_compose,the project plan,
Make important information italic,italic,important information,
Search for customer experience in my inbox,email_search,customer experience,
Respond to this email with the server is back up,email_reply,the server is back up,
"Make ""Customer onboarding is complete."" italic",italic,Customer onboarding is complete.,
Mark everything as read,unknown,,
Remove the previous sentence,prev_sentence_delete,,
Add useful context to priority pipeline deals,ai_refine,add useful context,pipeline deals
make the security patch to underlined,underline,the security patch,
make good night to bold,bold,good night,
Reply with can you review my PR,dm_reply,can you review my PR,
Trash this chat,dm_delete,,
"Make ""well done"" bold",bold,well done,
Send the email: I'll be late today,email_send,I'll be late today,
Make Good morning everyone bold,bold,Good morning everyone,
Forward the current email,email_forward,,
Switch to email,navigate_email,,
Find conversations about Apple,dm_search,Apple,
Write The quick brown fox jumps over the lazy dog.,add_text,The quick brown fox jumps over the lazy dog.,
Reply with I'll be late today,dm_reply,I'll be late today,
make important information to italic,italic,important information,
Show me emails about artificial intelligence,email_search,artificial intelligence,
Flag the highest-value opportunities in the pipeline,ai_refine,flag the highest-value opportunities in the pipeline,pipeline deals
Open my inbox,navigate_email,,
What should we prioritise for the meeting,ai_refine,what should we prioritise for the meeting,key meeting objectives
Set annual report to italic,italic,annual report,
Make instead of it italic,italic,instead of it,
Schedule a meeting,unknown,,
Delete the phrase financial report,search_delete,financial report,
Send the email with the message the server is back up,email_send,the server is back up,
Turn critical meeting objectives into clear talking points,ai_refine,turn into clear talking points,key meeting objectives
Put Welcome to the meeting into the document,add_text,Welcome to the meeting,
Take me to my inbox,navigate_email,,
Call erin,unknown,,
make as well as it to italic,italic,as well as it,
Start a new email with the subject the sprint review,email_compose,the sprint review,
What are the main points we should discuss,ai_refine,what are the main points we should discuss,discussion points
Please make how are you italic,italic,how are you,
Apply underline to next steps,underline,next steps,
Delete the current email,email_delete,,
Summarize the key points of client relationship risks,ai_refine,summarize the key points,relationship sensitivities
Remove the previous sentence,prev_sentence_delete,,
"Make ""Microsoft"" bold",bold,Microsoft,
Navigate to email,navigate_email,,
Please make great job bold,bold,great job,
Write an email about budget approval,email_compose,budget approval,
make Q3 results into underlined,underline,Q3 results,
"Underline ""good evening""",underline,good evening,
Please underline that,underline,that,
Please make see you soon italic,italic,see you soon,
Finish and send with the text can you review my PR,email_send,can you review my PR,
Send this email saying can you review my PR,email_send,can you review my PR,
Highlight recent relationship developments,ai_refine,highlight recent relationship developments,recent relationship developments
"Make ""we shipped the release"" bold",bold,we shipped the release,
"Delete ""Conclusion""",search_delete,Conclusion,
make in the meantime into bold,bold,in the meantime,
Make this section more concise and impactful for high-value pipeline opportunities,ai_refine,make this section more concise and impactful,pipeline deals
Put Customer onboarding is complete. into the document,add_text,Customer onboarding is complete.,
Find the chat about artificial intelligence,dm_search,artificial intelligence,
Find emails about annual report,email_search,annual report,
Go to my inbox,navigate_email,,
Set the client is happy to underlined,underline,the client is happy,
Apply underline to keep it up,underline,keep it up,
Remove this email,email_delete,,
Insert Good morning everyone,add_text,Good morning everyone,
Erase Q3 results,search_delete,Q3 results,
Send the email with the message we hit the quarterly target,email_send,we hit the quarterly target,
Reply saying the report is ready,dm_reply,the report is ready,
Remove the previous sentence,prev_sentence_delete,,
Write Today is a beautiful day.,add_text,Today is a beautiful day.,
Type Machine learning is useful.,add_text,Machine learning is useful.,
Set the client is happy to underlined,underline,the client is happy,
Look up emails about annual report,email_search,annual report,
Reply to this email saying the build is green,email_reply,the build is green,
Please remove machine learning,search_delete,machine learning,
Delete the last sentence,prev_sentence_delete,,
Delete the previous sentence,prev_sentence_delete,,
Insert Today is a beautiful day.,add_text,Today is a beautiful day.,
make Q3 results into bold,bold,Q3 results,
Open the messenger,navigate_dm,,
Remove the chat,dm_delete,,
Insert Machine learning is useful.,add_text,Machine learning is useful.,
Highlight the most significant pipeline deals to discuss,ai_refine,highlight the most significant,pipeline deals
Turn the important items into discussion points,ai_refine,turn the important items into discussion points,discussion points
make long time no see into italic,italic,long time no see,
Please underline the customer list,underline,the customer list,
Delete the current conversation,dm_delete,,
Remove the chat,dm_delete,,
make Conclusion into underlined,underline,Conclusion,
Add more detail and supporting context to relationship sensitivities,ai_refine,add more detail and supporting context,relationship sensitivities
Delete Google,search_delete,Google,
Italicize see you soon,italic,see you soon,
Find the email about important information,email_search,important information,
Show me chats about financial report,dm_search,financial report,
Underline see you tomorrow,underline,see you tomorrow,
Underline Microsoft,underline,Microsoft,
Remove the chat,dm_delete,,
Strengthen critical meeting objectives with clearer wording,ai_refine,strengthen with clearer wording,key meeting objectives
Make artificial intelligence bold,bold,artificial intelligence,
Say the deploy is scheduled for tonight,dm_send,the deploy is scheduled for tonight,
Type Customer onboarding is complete.,add_text,Customer onboarding is complete.,
Write Today is a beautiful day.,add_text,Today is a beautiful day.,
Please make customer onboarding italic,italic,customer onboarding,
Set the meeting is at noon to bold,bold,the meeting is at noon,
Forward this email to someone,email_forward,,
make on the other hand to bold,bold,on the other hand,
Insert Please review this document.,add_text,Please review this document.,
Which pipeline deals should we prioritise,ai_refine,which pipeline deals should we prioritise,pipeline deals
Respond to this email with we hit the quarterly target,email_reply,we hit the quarterly target,
Delete annual report,search_delete,annual report,
"Underline ""good evening""",underline,good evening,
Add The quick brown fox jumps over the lazy dog.,add_text,The quick brown fox jumps over the lazy dog.,
Search my email for Apple,email_search,Apple,
Reply to this chat with standup moved to 10am,dm_reply,standup moved to 10am,
"Delete ""Microsoft""",search_delete,Microsoft,
Reply to this email saying we hit the quarterly target,email_reply,we hit the quarterly target,
Turn main meeting objectives into clear talking points,ai_refine,turn into clear talking points,key meeting objectives
Italicize the launch date,italic,the launch date,
Forward the current email,email_forward,,
Please make the bug is fixed italic,italic,the bug is fixed,
make in the meantime to underlined,underline,in the meantime,
Delete the current email,email_delete,,
Please write Welcome to the meeting,add_text,Welcome to the meeting,
Turn the important items into discussion points,ai_refine,turn the important items into discussion points,discussion points
make well done into italic,italic,well done,
What are the main points we should discuss,ai_refine,what are the main points we should discuss,discussion points
Apply underline to the customer list,underline,the customer list,
Send we hit the quarterly target,dm_send,we hit the quarterly target,
make the security patch into underlined,underline,the security patch,
Remove this message,dm_delete,,
make in the middle of it into italic,italic,in the middle of it,
Set that to italic,italic,that,
Send a chat message: the server is back up,dm_send,the server is back up,
Reply saying let's sync after the meeting,dm_reply,let's sync after the meeting,
What is the weather today?,unknown,,
Delete this message,email_delete,,
make the launch date to italic,italic,the launch date,
Underline hello world,underline,hello world,
Italicize important information,italic,important information,
Delete the last sentence,prev_sentence_delete,,
Delete this message,email_delete,,
Delete the previous sentence,prev_sentence_delete,,
Search my chats for meeting notes,dm_search,meeting notes,
Compose an email about customer onboarding,email_compose,customer onboarding,
set the pricing table to bolded,bold,the pricing table,
Move this email to trash,email_delete,,
"Make ""the final report"" italic",italic,the final report,
Open the messenger,navigate_dm,,
What relationship risks should I flag,ai_refine,what relationship risks should I flag,relationship sensitivities
Delete this message,email_delete,,
Search my email for customer relationship management,email_search,customer relationship management,
Delete this thread,dm_delete,,
Say the client call is confirmed,dm_send,the client call is confirmed,
Begin a new email regarding Q3 results,email_compose,Q3 results,
Go to chat,navigate_dm,,
Show me emails about meeting notes,email_search,meeting notes,
Delete the phrase Apple,search_delete,Apple,
Delete this message,email_delete,,
make the pricing table to underlined,underline,the pricing table,
Summarize the key points of recent client relationship changes,ai_refine,summarize the key points,recent relationship developments
Send a chat message: let's sync after the meeting,dm_send,let's sync after the meeting,
Flag the main risks in main meeting objectives,ai_refine,flag the main risks,key meeting objectives
Open the chat page,navigate_dm,,
Reply with the report is ready,email_reply,the report is ready,
make important information into bold,bold,important information,
Compose an email about meeting notes,email_compose,meeting notes,
"Underline ""how was your day""",underline,how was your day,
Underline great job,underline,great job,
set annual report to bolded,bold,annual report,
Search my chats for financial report,dm_search,financial report,
make at the end of it into bold,bold,at the end of it,
Delete the last sentence,prev_sentence_delete,,
Open my inbox,navigate_email,,
underline Artificial intelligence is changing the world.,underline,Artificial intelligence is changing the world.,
Forward it,email_forward,,
Write Customer onboarding is complete.,add_text,Customer onboarding is complete.,
Rewrite relationship concerns to be more concise,ai_refine,rewrite to be more concise,relationship sensitivities
Look up chats about customer relationship management,dm_search,customer relationship management,
Delete the current conversation,dm_delete,,
Answer with please update the ticket,dm_reply,please update the ticket,
Delete the previous sentence,prev_sentence_delete,,
Navigate to messages,navigate_dm,,
Forward this message,email_forward,,
Respond with the client call is confirmed,dm_reply,the client call is confirmed,
Send the email saying lunch at noon,email_send,lunch at noon,
What should we prioritise for the meeting,ai_refine,what should we prioritise for the meeting,key meeting objectives
Write The project starts tomorrow.,add_text,The project starts tomorrow.,
make Introduction to bold,bold,Introduction,
Erase deep learning,search_delete,deep learning,
Can you open email for me?,navigate_email,,
Send the email: standup moved to 10am,email_send,standup moved to 10am,
Make this section more concise and impactful for relationship concerns,ai_refine,make this section more concise and impactful,relationship sensitivities
Please write Machine learning is useful.,add_text,Machine learning is useful.,
"Make ""as well as it"" bold",bold,as well as it,
Set the final report to bold,bold,the final report,
"Make ""artificial intelligence"" italic",italic,artificial intelligence,
Reply to this chat with the build is green,dm_reply,the build is green,
Respond to this email with can you review my PR,email_reply,can you review my PR,
Show me emails about Google,email_search,Google,
Reply to this chat with we hit the quarterly target,dm_reply,we hit the quarterly target,
Send the email: the report is ready,email_send,the report is ready,
What is the weather today?,unknown,,
What should we prioritise for the meeting,ai_refine,what should we prioritise for the meeting,key meeting objectives
Trash this chat,dm_delete,,
make Amazon to bold,bold,Amazon,
make important information italic,italic,important information,
Search for important information in my inbox,email_search,important information,
Delete the current conversation,dm_delete,,
set Conclusion to italicized,italic,Conclusion,
Go to email,navigate_email,,
Rewrite most significant pipeline deals to be more concise,ai_refine,rewrite to be more concise,pipeline deals
Make Conclusion italic,italic,Conclusion,
Make Welcome to the meeting bold,bold,Welcome to the meeting,
Navigate to email,navigate_email,,
Delete this chat,dm_delete,,
Summarise what we need to achieve in the meeting,ai_refine,summarise what we need to achieve in the meeting,key meeting objectives
Delete this chat,dm_delete,,
What has changed recently in the client relationship,ai_refine,what has changed recently in the client relationship,recent relationship developments
Delete the last sentence,prev_sentence_delete,,
Flag the main risks in priority discussion topics,ai_refine,flag the main risks,discussion points
Start a new email with the subject roadmap planning,email_compose,roadmap planning,
Forward this email to someone,email_forward,,
Summarise what we need to achieve in the meeting,ai_refine,summarise what we need to achieve in the meeting,key meeting objectives
Answer this email with the client call is confirmed,email_reply,the client call is confirmed,
New email about the sprint review,email_compose,the sprint review,
Delete the phrase Apple,search_delete,Apple,
Look up emails about customer relationship management,email_search,customer relationship management,
Search my DMs for meeting notes,dm_search,meeting notes,
Search my inbox for Q3 results,email_search,Q3 results,
Reply with lunch at noon,dm_reply,lunch at noon,
Reply to this chat with standup moved to 10am,dm_reply,standup moved to 10am,
Identify the most important points in recent client developments,ai_refine,identify the most important points,recent relationship developments
Look up emails about machine learning,email_search,machine learning,
Forward this email,email_forward,,
Find conversations about customer onboarding,dm_search,customer onboarding,
What has changed recently in the client relationship,ai_refine,what has changed recently in the client relationship,recent relationship developments
Summarize the key points of most significant pipeline deals,ai_refine,summarize the key points,pipeline deals
Forward it,email_forward,,
Send this message: the client call is confirmed,dm_send,the client call is confirmed,
underline thank you,underline,thank you,
Forward it,email_forward,,
Please make The quick brown fox jumps over the lazy dog. italic,italic,The quick brown fox jumps over the lazy dog.,
Delete the current email,email_delete,,
make how have you been into bold,bold,how have you been,
make hello everyone to underlined,underline,hello everyone,
Delete the previous sentence,prev_sentence_delete,,
Reply to this email: the deploy is scheduled for tonight,email_reply,the deploy is scheduled for tonight,
Forward this email,email_forward,,
Compose an email with the subject meeting notes,email_compose,meeting notes,
set how have you been to bolded,bold,how have you been,
Italicize you're welcome,italic,you're welcome,
"Make ""good morning"" italic",italic,good morning,
Set Customer onboarding is complete. to underlined,underline,Customer onboarding is complete.,
Highlight the most significant latest relationship developments to discuss,ai_refine,highlight the most significant,recent relationship developments
Search for Q3 results in my inbox,email_search,Q3 results,
Highlight the most significant main meeting objectives to discuss,ai_refine,highlight the most significant,key meeting objectives
Highlight the most significant pipeline deals to discuss,ai_refine,highlight the most significant,pipeline deals
Please make Google italic,italic,Google,
set take care to italicized,italic,take care,
make see you tomorrow to italic,italic,see you tomorrow,
What has changed recently in the client relationship,ai_refine,what has changed recently in the client relationship,recent relationship developments
Reply to the email: we hit the quarterly target,email_reply,we hit the quarterly target,
set Good morning everyone to bolded,bold,Good morning everyone,
Delete this email,email_delete,,
Send the email saying lunch at noon,email_send,lunch at noon,
Strengthen key deals in the pipeline with clearer wording,ai_refine,strengthen with clearer wording,pipeline deals
Please remove Apple,search_delete,Apple,
Delete the previous sentence,prev_sentence_delete,,
Highlight recent relationship developments,ai_refine,highlight recent relationship developments,recent relationship developments
Make the roadmap italic,italic,the roadmap,
Remove this email,email_delete,,
What are the key relationship risks to flag,ai_refine,what are the key relationship risks to flag,relationship sensitivities
Delete the current conversation,dm_delete,,
Go to email,navigate_email,,
Show me chats about important information,dm_search,important information,
Begin a new email regarding the project plan,email_compose,the project plan,
make these italic,italic,these,
Send this message: standup moved to 10am,dm_send,standup moved to 10am,
Delete the last sentence,prev_sentence_delete,,
What should we prioritise for the meeting,ai_refine,what should we prioritise for the meeting,key meeting objectives
Can you open chat for me?,navigate_dm,,
"Make ""instead of it"" italic",italic,instead of it,
Make meeting notes italic,italic,meeting notes,
Archive this thread,unknown,,
Send the email: I'll be late today,email_send,I'll be late today,
underline we shipped the release,underline,we shipped the release,
Highlight the key items in relationship concerns,ai_refine,highlight the key items,relationship sensitivities
Add Today is a beautiful day.,add_text,Today is a beautiful day.,
Set this is urgent to underlined,underline,this is urgent,
Write a new email titled the sprint review,email_compose,the sprint review,
set the customer list to bolded,bold,the customer list,
Reply with we hit the quarterly target,dm_reply,we hit the quarterly target,
Send this message: the deploy is scheduled for tonight,dm_send,the deploy is scheduled for tonight,
Search my email for Conclusion,email_search,Conclusion,
Look up chats about project plan,dm_search,project plan,
Make this bold,bold,this,
Highlight the most significant pipeline deals to discuss,ai_refine,highlight the most significant,pipeline deals
Apply underline to Microsoft,underline,Microsoft,
Can you open email for me?,navigate_email,,
Please make artificial intelligence bold,bold,artificial intelligence,
Write a new email titled meeting notes,email_compose,meeting notes,
make for now into underlined,underline,for now,
Send a reply saying standup moved to 10am,dm_reply,standup moved to 10am,
Delete this thread,dm_delete,,
Trash this email,email_delete,,
make meeting notes into underlined,underline,meeting notes,
Show me my chats,navigate_dm,,
make welcome aboard into italic,italic,welcome aboard,
Search my chats for machine learning,dm_search,machine learning,
Italicize thanks so much,italic,thanks so much,
"Make ""thank you"" italic",italic,thank you,
Add The quick brown fox jumps over the lazy dog.,add_text,The quick brown fox jumps over the lazy dog.,
Show me chats about financial report,dm_search,financial report,
Please make instead of this bold,bold,instead of this,
make The quick brown fox jumps over the lazy dog. to italic,italic,The quick brown fox jumps over the lazy dog.,
"Delete ""Microsoft""",search_delete,Microsoft,
Open the chat page,navigate_dm,,
Rewrite priority discussion topics to be more concise,ai_refine,rewrite to be more concise,discussion points
Start a new email with the subject meeting notes,email_compose,meeting notes,
What time is it?,unknown,,
make The quick brown fox jumps over the lazy dog. to bold,bold,The quick brown fox jumps over the lazy dog.,
Respond to this email with standup moved to 10am,email_reply,standup moved to 10am,
Send this email saying the client call is confirmed,email_send,the client call is confirmed,
Make this section more concise and impactful for priority pipeline deals,ai_refine,make this section more concise and impactful,pipeline deals
Underline for now,underline,for now,
Flag the highest-value opportunities in the pipeline,ai_refine,flag the highest-value opportunities in the pipeline,pipeline deals
Navigate to email,navigate_email,,
make Good morning everyone into underlined,underline,Good morning everyone,
Rewrite recent relationship developments to be more concise,ai_refine,rewrite to be more concise,recent relationship developments
Delete the current conversation,dm_delete,,
Delete machine learning,search_delete,machine learning,
Rewrite topics to discuss to be more concise,ai_refine,rewrite to be more concise,discussion points
Post the message can you review my PR,dm_send,can you review my PR,
Unsend that,unknown,,
set the launch date to underline,underline,the launch date,
Send it,unknown,,
Reply to this chat with please update the ticket,dm_reply,please update the ticket,
Search my chats for Apple,dm_search,Apple,
Forward this email,email_forward,,
Delete this chat,dm_delete,,
New email about the sprint review,email_compose,the sprint review,
Forward this email,email_forward,,
"Send this email, the body is I'll be late today",email_send,I'll be late today,
Remove the previous sentence,prev_sentence_delete,,
Forward this email,email_forward,,
make that to underlined,underline,that,
Answer this email with please update the ticket,email_reply,please update the ticket,
Delete customer onboarding,search_delete,customer onboarding,
Say I'll be late today,dm_send,I'll be late today,
Please write Customer onboarding is complete.,add_text,Customer onboarding is complete.,
Switch to email,navigate_email,,
Delete this thread,dm_delete,,
Unsend that,unknown,,
Throw this email away,email_delete,,
Forward this message,email_forward,,
Apply underline to this,underline,this,
make Customer onboarding is complete. to bold,bold,Customer onboarding is complete.,
Erase deep learning,search_delete,deep learning,
Switch to email,navigate_email,,
Delete financial report,search_delete,financial report,
What are the main points we should discuss,ai_refine,what are the main points we should discuss,discussion points
Forward this email,email_forward,,
make how's it going into bold,bold,how's it going,
Remove the previous sentence,prev_sentence_delete,,
"Send this email, the body is can you review my PR",email_send,can you review my PR,
Start a new email with the subject budget approval,email_compose,budget approval,
Summarize the key points of recent relationship developments,ai_refine,summarize the key points,recent relationship developments
Answer with the server is back up,dm_reply,the server is back up,
Highlight the key items in discussion points,ai_refine,highlight the key items,discussion points
Delete the current email,email_delete,,
underline great job,underline,great job,
set customer relationship management to bolded,bold,customer relationship management,
Identify the most important points in high-value pipeline opportunities,ai_refine,identify the most important points,pipeline deals
make long time no see into underlined,underline,long time no see,
Delete it,unknown,,
make Please review this document. into bold,bold,Please review this document.,
Send a reply saying the build is green,dm_reply,the build is green,
Can you open chat for me?,navigate_dm,,
New email about meeting notes,email_compose,meeting notes,
Forward this email to someone,email_forward,,
Italicize customer relationship management,italic,customer relationship management,
Draft an email about the sprint review,email_compose,the sprint review,
make the final report to italic,italic,the final report,
Search my email for Conclusion,email_search,Conclusion,
Make this section more concise and impactful for pipeline deals,ai_refine,make this section more concise and impactful,pipeline deals
"Make ""Microsoft"" bold",bold,Microsoft,
set artificial intelligence to bolded,bold,artificial intelligence,
make the design doc to italic,italic,the design doc,
Show me chats about customer relationship management,dm_search,customer relationship management,
Apply underline to see you soon,underline,see you soon,
Forward this email to someone,email_forward,,
Identify the most important points in key deals in the pipeline,ai_refine,identify the most important points,pipeline deals
Add Welcome to the meeting,add_text,Welcome to the meeting,
Play some music,unknown,,
Send this email on,email_forward,,
Can you open chat for me?,navigate_dm,,
What's on my calendar?,unknown,,
Write a new email titled budget approval,email_compose,budget approval,
Apply underline to in the middle of it,underline,in the middle of it,
Which pipeline deals should we prioritise,ai_refine,which pipeline deals should we prioritise,pipeline deals
Make priority discussion topics more concise and impactful,ai_refine,make more concise and impactful,discussion points
Look up chats about annual report,dm_search,annual report,
Go to email,navigate_email,,
What time is it?,unknown,,
make good morning into bold,bold,good morning,
Add Welcome to the meeting,add_text,Welcome to the meeting,
make in the middle of it into bold,bold,in the middle of it,
Turn the important items into discussion points,ai_refine,turn the important items into discussion points,discussion points
"Delete ""customer onboarding""",search_delete,customer onboarding,
Find the chat about customer experience,dm_search,customer experience,
Show me my emails,navigate_email,,
Mark everything as read,unknown,,
Delete annual report,search_delete,annual report,
set these to italicized,italic,these,
set good afternoon to italicized,italic,good afternoon,
Apply underline to you're welcome,underline,you're welcome,
Italicize how was your day,italic,how was your day,
Forward this email,email_forward,,
Please remove customer relationship management,search_delete,customer relationship management,
Highlight the most significant pipeline deals to discuss,ai_refine,highlight the most significant,pipeline deals
Add The quick brown fox jumps over the lazy dog.,add_text,The quick brown fox jumps over the lazy dog.,
Find the chat about artificial intelligence,dm_search,artificial intelligence,
Please make the deadline is friday italic,italic,the deadline is friday,
Remove this email,email_delete,,
Go to my inbox of messages,navigate_dm,,
Add more detail and supporting context to key discussion points,ai_refine,add more detail and supporting context,discussion points
Rewrite priority discussion topics to be more concise,ai_refine,rewrite to be more concise,discussion points
set the onboarding flow to underline,underline,the onboarding flow,
Please remove meeting notes,search_delete,meeting notes,
Delete the last sentence,prev_sentence_delete,,
Write an email about contract renewal,email_compose,contract renewal,
Delete it,unknown,,
make machine learning to underlined,underline,machine learning,
Reply to the email: can you review my PR,email_reply,can you review my PR,
Search for Microsoft in my inbox,email_search,Microsoft,
Summarise the key points of key meeting objectives,ai_refine,summarise the key points,key meeting objectives
Remove the chat,dm_delete,,
Customer onboarding is complete.,add_text,Customer onboarding is complete.,
Remove the previous sentence,prev_sentence_delete,,
Bold the client is happy,bold,the client is happy,
Compose an email about budget approval,email_compose,budget approval,
What relationship risks should I flag,ai_refine,what relationship risks should I flag,relationship sensitivities
set annual report to underline,underline,annual report,
Summarize the key points of key relationship risks,ai_refine,summarize the key points,relationship sensitivities
Go to my inbox of messages,navigate_dm,,
Apply underline to Apple,underline,Apple,
set the bug is fixed to bolded,bold,the bug is fixed,
Delete the last sentence,prev_sentence_delete,,
Send this message: the build is green,dm_send,the build is green,
Put The quick brown fox jumps over the lazy dog. into the document,add_text,The quick brown fox jumps over the lazy dog.,
Send this email saying standup moved to 10am,email_send,standup moved to 10am,
Make on the other hand italic,italic,on the other hand,
Strengthen points for discussion with clearer wording,ai_refine,strengthen with clearer wording,discussion points
set thank you to bolded,bold,thank you,
Show me chats about deep learning,dm_search,deep learning,
Type Good morning everyone,add_text,Good morning everyone,
Delete the current conversation,dm_delete,,
Throw this email away,email_delete,,
"Delete ""Q3 results""",search_delete,Q3 results,
Make you're welcome bold,bold,you're welcome,
Send it,unknown,,
Go to my inbox of messages,navigate_dm,,
Mark everything as read,unknown,,
Delete the last sentence,prev_sentence_delete,,
make please review this to underlined,underline,please review this,
Please make this bold,bold,this,
Add Please review this document.,add_text,Please review this document.,
Write an email about meeting notes,email_compose,meeting notes,
Reply to this chat with the report is ready,dm_reply,the report is ready,
Trash this email,email_delete,,
Erase Q3 results,search_delete,Q3 results,
Delete Introduction,search_delete,Introduction,
Please make how have you been italic,italic,how have you been,
Summarise the key points of pipeline deals,ai_refine,summarise the key points,pipeline deals
Underline nice to meet you,underline,nice to meet you,
"Underline ""in the meantime""",underline,in the meantime,
"Underline ""good afternoon""",underline,good afternoon,
Italicize the ticket is closed,italic,the ticket is closed,
Respond with lunch at noon,dm_reply,lunch at noon,
Delete this conversation,dm_delete,,
Open my inbox,navigate_email,,
Reply to the email: standup moved to 10am,email_reply,standup moved to 10am,
Set hello world to bold,bold,hello world,
Look up emails about Conclusion,email_search,Conclusion,
What has changed recently in the client relationship,ai_refine,what has changed recently in the client relationship,recent relationship developments
Remove the previous sentence,prev_sentence_delete,,
Send a reply saying the server is back up,dm_reply,the server is back up,
make in other words into underlined,underline,in other words,
Show me my chats,navigate_dm,,
Identify the most important points in relationship concerns,ai_refine,identify the most important points,relationship sensitivities
Respond to this email with standup moved to 10am,email_reply,standup moved to 10am,
Look up chats about meeting notes,dm_search,meeting notes,
make the deadline is friday into bold,bold,the deadline is friday,
Please write Today is a beautiful day.,add_text,Today is a beautiful day.,
Find conversations about Google,dm_search,Google,
Open my messages,navigate_dm,,
Delete the current conversation,dm_delete,,
Say standup moved to 10am,dm_send,standup moved to 10am,
Call alice,unknown,,
"Delete ""Amazon""",search_delete,Amazon,
Make the deploy is ready bold,bold,the deploy is ready,
Identify the most important points in relationship concerns,ai_refine,identify the most important points,relationship sensitivities
Delete this email,email_delete,,
Bold the server is down,bold,the server is down,
Search my email for Microsoft,email_search,Microsoft,
Apply underline to how are you,underline,how are you,
Forward this message,email_forward,,
Bold that,bold,that,
Add more detail and supporting context to topics to discuss,ai_refine,add more detail and supporting context,discussion points
Turn the important items into discussion points,ai_refine,turn the important items into discussion points,discussion points
Delete the current email,email_delete,,
Search my chats for project plan,dm_search,project plan,
Set for now to underlined,underline,for now,
set on top of it to bolded,bold,on top of it,
"Make ""in the middle of it"" italic",italic,in the middle of it,
Write Customer onboarding is complete.,add_text,Customer onboarding is complete.,
"Underline ""please review this""",underline,please review this,
Delete this thread,dm_delete,,
Strengthen points for discussion with clearer wording,ai_refine,strengthen with clearer wording,discussion points
Delete the previous sentence,prev_sentence_delete,,
Highlight the most significant pipeline deals to discuss,ai_refine,highlight the most significant,pipeline deals
Delete this chat,dm_delete,,
Search my DMs for Apple,dm_search,Apple,
Highlight recent relationship developments for discussion points,ai_refine,highlight recent relationship developments,discussion points
Remove the previous sentence,prev_sentence_delete,,
Remove the chat,dm_delete,,
Look up chats about annual report,dm_search,annual report,
make Quarterly earnings are up 10%. bold,bold,Quarterly earnings are up 10%.,
Forward this message,email_forward,,
Move this email to trash,email_delete,,
Highlight recent relationship developments,ai_refine,highlight recent relationship developments,recent relationship developments
make instead of this into italic,italic,instead of this,
make it into underlined,underline,it,
Type Welcome to the meeting,add_text,Welcome to the meeting,
make the deploy is ready to italic,italic,the deploy is ready,
Send this email saying the client call is confirmed,email_send,the client call is confirmed,
Find conversations about Conclusion,dm_search,Conclusion,
Forward this email to someone,email_forward,,
Finish and send with the text the build is green,email_send,the build is green,
Look up chats about deep learning,dm_search,deep learning,
Send it and say I'll be late today,email_send,I'll be late today,
What is the weather today?,unknown,,
Go to chat,navigate_dm,,
Set that to underlined,underline,that,
Find conversations about annual report,dm_search,annual report,
set how was your day to bolded,bold,how was your day,
Delete this conversation,dm_delete,,
Write Machine learning is useful.,add_text,Machine learning is useful.,
Hello everyone,add_text,Hello everyone,
Delete the previous sentence,prev_sentence_delete,,
Insert The project starts tomorrow.,add_text,The project starts tomorrow.,
Take me to my DMs,navigate_dm,,
"Send this email, the body is standup moved to 10am",email_send,standup moved to 10am,
Reply to this message: standup moved to 10am,dm_reply,standup moved to 10am,
Reply to the email: the report is ready,email_reply,the report is ready,
List any pending issues or complaints from this client,ai_refine,list any pending issues or complaints from this client,relationship sensitivities
What is the weather today?,unknown,,
Send I'll be late today,dm_send,I'll be late today,
Reply to this email: please update the ticket,email_reply,please update the ticket,
Reply saying the server is back up,dm_reply,the server is back up,
make our new policy into italic,italic,our new policy,
Look up chats about machine learning,dm_search,machine learning,
Bold project plan,bold,project plan,
Answer with the build is green,dm_reply,the build is green,
Please remove Apple,search_delete,Apple,
Flag the main risks in recent client relationship changes,ai_refine,flag the main risks,recent relationship developments
Search messages for important information,dm_search,important information,
Compose an email with the subject budget approval,email_compose,budget approval,
What is the weather today?,unknown,,
Say the report is ready,dm_send,the report is ready,
Reply saying the client call is confirmed,dm_reply,the client call is confirmed,
Make this section more concise and impactful for priority meeting objectives,ai_refine,make this section more concise and impactful,key meeting objectives
make Welcome to the meeting italic,italic,Welcome to the meeting,
Set the pricing table to bold,bold,the pricing table,
make nice to meet you italic,italic,nice to meet you,
Add useful context to points for discussion,ai_refine,add useful context,discussion points
Strengthen most significant pipeline deals with clearer wording,ai_refine,strengthen with clearer wording,pipeline deals
Reply to this chat with the client call is confirmed,dm_reply,the client call is confirmed,
Say the client call is confirmed,dm_send,the client call is confirmed,
Delete the previous sentence,prev_sentence_delete,,
Message saying please update the ticket,dm_send,please update the ticket,
Compose an email with the subject customer onboarding,email_compose,customer onboarding,
Flag the highest-value opportunities in the pipeline,ai_refine,flag the highest-value opportunities in the pipeline,pipeline deals
Respond to this email with can you review my PR,email_reply,can you review my PR,
Set take care to italic,italic,take care,
Search my DMs for Microsoft,dm_search,Microsoft,
"Make ""these"" italic",italic,these,
Apply underline to good morning,underline,good morning,
Send this message: the build is green,dm_send,the build is green,
Open my messages,navigate_dm,,
make in place of this italic,italic,in place of this,
Search messages for customer relationship management,dm_search,customer relationship management,
Forward this message,email_forward,,
"Delete ""customer onboarding""",search_delete,customer onboarding,
Go to email,navigate_email,,
Summarise the key points of priority discussion topics,ai_refine,summarise the key points,discussion points
Answer with please update the ticket,dm_reply,please update the ticket,
Send the email saying lunch at noon,email_send,lunch at noon,
Please write Quarterly earnings are up 10%.,add_text,Quarterly earnings are up 10%.,
Compose an email about meeting notes,email_compose,meeting notes,
make as well as it into italic,italic,as well as it,
Reply to this email: can you review my PR,email_reply,can you review my PR,
Apply underline to machine learning,underline,machine learning,
Delete the previous sentence,prev_sentence_delete,,
Send this email on,email_forward,,
Switch to email,navigate_email,,
Reply to this email: we hit the quarterly target,email_reply,we hit the quarterly target,
Set This is a sample document to underlined,underline,This is a sample document,
Type Artificial intelligence is changing the world.,add_text,Artificial intelligence is changing the world.,
Make high-value pipeline opportunities more concise and impactful,ai_refine,make more concise and impactful,pipeline deals
Reply to this message: the report is ready,dm_reply,the report is ready,
Delete the phrase deep learning,search_delete,deep learning,
Which pipeline deals should we prioritise,ai_refine,which pipeline deals should we prioritise,pipeline deals
Remove the previous sentence,prev_sentence_delete,,
Make this section more concise and impactful for key meeting objectives,ai_refine,make this section more concise and impactful,key meeting objectives
Make relationship concerns more concise and impactful,ai_refine,make more concise and impactful,relationship sensitivities
"Make ""in the middle of it"" italic",italic,in the middle of it,
Respond to this email with can you review my PR,email_reply,can you review my PR,
Please make our new policy bold,bold,our new policy,
Send I'll be late today,dm_send,I'll be late today,
Take me to my inbox,navigate_email,,
Send this message: we hit the quarterly target,dm_send,we hit the quarterly target,
Add The project starts tomorrow.,add_text,The project starts tomorrow.,
Delete machine learning,search_delete,machine learning,
Highlight the most significant pipeline deals to discuss,ai_refine,highlight the most significant,pipeline deals
Search messages for Q3 results,dm_search,Q3 results,
Underline Microsoft,underline,Microsoft,
What relationship risks should I flag,ai_refine,what relationship risks should I flag,relationship sensitivities
Compose an email about meeting notes,email_compose,meeting notes,
Tell me a joke,unknown,,
Search messages for machine learning,dm_search,machine learning,
Type Customer onboarding is complete.,add_text,Customer onboarding is complete.,
Remove the previous sentence,prev_sentence_delete,,
Mark everything as read,unknown,,
"Make ""the quarterly review"" italic",italic,the quarterly review,
"Send this email, the body is the deploy is scheduled for tonight",email_send,the deploy is scheduled for tonight,
Delete the current email,email_delete,,
Show me chats about annual report,dm_search,annual report,
Reply with the client call is confirmed,email_reply,the client call is confirmed,
Write lunch at noon,dm_send,lunch at noon,
make at the end of it to italic,italic,at the end of it,
"Make ""for now"" bold",bold,for now,
Underline great job,underline,great job,
Forward it,email_forward,,
Send a chat message: we hit the quarterly target,dm_send,we hit the quarterly target,
Reply to this chat with can you review my PR,dm_reply,can you review my PR,
Find conversations about deep learning,dm_search,deep learning,
Send the email: the deploy is scheduled for tonight,email_send,the deploy is scheduled for tonight,
Remove the previous sentence,prev_sentence_delete,,
Reply to this email saying we hit the quarterly target,email_reply,we hit the quarterly target,
set we shipped the release to italicized,italic,we shipped the release,
set by the way to underline,underline,by the way,
Write an email about customer onboarding,email_compose,customer onboarding,
"Make ""The project starts tomorrow."" bold",bold,The project starts tomorrow.,
Highlight the most significant priority meeting objectives to discuss,ai_refine,highlight the most significant,key meeting objectives
Underline next steps,underline,next steps,
Send this email on,email_forward,,
Type The quick brown fox jumps over the lazy dog.,add_text,The quick brown fox jumps over the lazy dog.,
Add more detail and supporting context to relationship sensitivities,ai_refine,add more detail and supporting context,relationship sensitivities
Erase customer relationship management,search_delete,customer relationship management,
What relationship risks should I flag,ai_refine,what relationship risks should I flag,relationship sensitivities
Navigate to messages,navigate_dm,,
make in place of this into underlined,underline,in place of this,
Message saying the client call is confirmed,dm_send,the client call is confirmed,
"Make ""on top of it"" italic",italic,on top of it,
Delete the previous sentence,prev_sentence_delete,,
"Send this email, the body is I'll be late today",email_send,I'll be late today,
Find the email about financial report,email_search,financial report,
Add useful context to sensitive relationship issues,ai_refine,add useful context,relationship sensitivities
Finish and send with the text the build is green,email_send,the build is green,
Tell me a joke,unknown,,
Put Today is a beautiful day. into the document,add_text,Today is a beautiful day.,
Send this email saying the deploy is scheduled for tonight,email_send,the deploy is scheduled for tonight,
Type The quick brown fox jumps over the lazy dog.,add_text,The quick brown fox jumps over the lazy dog.,
Delete this conversation,dm_delete,,
Turn the important items into discussion points,ai_refine,turn the important items into discussion points,discussion points
Make the bug is fixed italic,italic,the bug is fixed,
Reply with the server is back up,dm_reply,the server is back up,
Put Good morning everyone into the document,add_text,Good morning everyone,
Flag any unresolved client concerns,ai_refine,flag any unresolved client concerns,relationship sensitivities
Forward this message,email_forward,,
Delete customer relationship management,search_delete,customer relationship management,
make on top of it into italic,italic,on top of it,
Reply to this email: lunch at noon,email_reply,lunch at noon,
Add more detail and supporting context to relationship sensitivities,ai_refine,add more detail and supporting context,relationship sensitivities
Post the message we hit the quarterly target,dm_send,we hit the quarterly target,
Make client relationship risks more concise and impactful,ai_refine,make more concise and impactful,relationship sensitivities
Show me chats about annual report,dm_search,annual report,
Forward this email,email_forward,,
Open the email page,navigate_email,,
Delete the current email,email_delete,,
Erase Amazon,search_delete,Amazon,
Forward this email,email_forward,,
Can you open email for me?,navigate_email,,
List any pending issues or complaints from this client,ai_refine,list any pending issues or complaints from this client,relationship sensitivities
Reply with standup moved to 10am,dm_reply,standup moved to 10am,
Forward it,email_forward,,
"Make ""the onboarding flow"" bold",bold,the onboarding flow,
Show me chats about annual report,dm_search,annual report,
Send a reply saying please update the ticket,dm_reply,please update the ticket,
Strengthen recent client developments with clearer wording,ai_refine,strengthen with clearer wording,recent relationship developments
Flag the highest-value opportunities in the pipeline,ai_refine,flag the highest-value opportunities in the pipeline,pipeline deals
Please make welcome aboard italic,italic,welcome aboard,
Summarise what we need to achieve in the meeting,ai_refine,summarise what we need to achieve in the meeting,key meeting objectives
"Make ""thanks so much"" bold",bold,thanks so much,
Look up chats about Introduction,dm_search,Introduction,
make the final report bold,bold,the final report,
Switch to messages,navigate_dm,,
Go to chat,navigate_dm,,
Remove the previous sentence,prev_sentence_delete,,
Respond to this email with the build is green,email_reply,the build is green,
Reply saying please update the ticket,dm_reply,please update the ticket,
Strengthen pipeline deals with clearer wording,ai_refine,strengthen with clearer wording,pipeline deals
Reply saying lunch at noon,dm_reply,lunch at noon,
Write Quarterly earnings are up 10%.,add_text,Quarterly earnings are up 10%.,
Erase customer relationship management,search_delete,customer relationship management,
Strengthen key relationship risks with clearer wording,ai_refine,strengthen with clearer wording,relationship sensitivities
Make let me know italic,italic,let me know,
underline the customer list,underline,the customer list,
Erase Amazon,search_delete,Amazon,
Switch to messages,navigate_dm,,
Delete the phrase Introduction,search_delete,Introduction,
Erase financial report,search_delete,financial report,
make as well as it italic,italic,as well as it,
Take me to my DMs,navigate_dm,,
Unsend that,unknown,,
Summarise the key points of key deals in the pipeline,ai_refine,summarise the key points,pipeline deals
"Delete ""Introduction""",search_delete,Introduction,
"Make ""The project starts tomorrow."" italic",italic,The project starts tomorrow.,
Forward the current email,email_forward,,
Delete the current email,email_delete,,
make This is a sample document into underlined,underline,This is a sample document,
Show me chats about Introduction,dm_search,Introduction,
Navigate to messages,navigate_dm,,
Add Welcome to the meeting,add_text,Welcome to the meeting,
make the API key to italic,italic,the API key,
Send the email: the build is green,email_send,the build is green,
Make have a nice day bold,bold,have a nice day,
Trash this chat,dm_delete,,
Play some music,unknown,,
Reply with we hit the quarterly target,email_reply,we hit the quarterly target,
underline the pricing table,underline,the pricing table,
Draft an email about meeting notes,email_compose,meeting notes,
Set the client is happy to underlined,underline,the client is happy,
Take me to my inbox,navigate_email,,
Throw this email away,email_delete,,
Open the messenger,navigate_dm,,
make see you tomorrow italic,italic,see you tomorrow,
Highlight recent relationship developments,ai_refine,highlight recent relationship developments,recent relationship developments
Send this email saying we hit the quarterly target,email_send,we hit the quarterly target,
Forward this email,email_forward,,
Search my email for financial report,email_search,financial report,
Delete the previous sentence,prev_sentence_delete,,
"Underline ""Quarterly earnings are up 10%.""",underline,Quarterly earnings are up 10%.,
Forward the current email,email_forward,,
Search messages for artificial intelligence,dm_search,artificial intelligence,
Erase Conclusion,search_delete,Conclusion,
Take me to my inbox,navigate_email,,
Delete the previous sentence,prev_sentence_delete,,
Put Customer onboarding is complete. into the document,add_text,Customer onboarding is complete.,
What is the weather today?,unknown,,
Turn pipeline deals into clear talking points,ai_refine,turn into clear talking points,pipeline deals
Highlight the most significant priority meeting objectives to discuss,ai_refine,highlight the most significant,key meeting objectives
make hello everyone into underlined,underline,hello everyone,
Make this section more concise and impactful for meeting objectives,ai_refine,make this section more concise and impactful,key meeting objectives
Write an email about the project plan,email_compose,the project plan,
Forward this message,email_forward,,
make good evening into bold,bold,good evening,
Forward this message,email_forward,,
Can you open chat for me?,navigate_dm,,
Delete the previous sentence,prev_sentence_delete,,
Please underline hello everyone,underline,hello everyone,
Find the chat about annual report,dm_search,annual report,
Throw this email away,email_delete,,
Find the chat about Apple,dm_search,Apple,
Open my email,navigate_email,,
Reply with the client call is confirmed,email_reply,the client call is confirmed,
Type and send I'll be late today,dm_send,I'll be late today,
Can you open chat for me?,navigate_dm,,
Search messages for customer onboarding,dm_search,customer onboarding,
Say lunch at noon,dm_send,lunch at noon,
Reply to this message: I'll be late today,dm_reply,I'll be late today,
make good afternoon into underlined,underline,good afternoon,
Send a chat message: standup moved to 10am,dm_send,standup moved to 10am,
Underline good afternoon,underline,good afternoon,
Summarise the key points of priority discussion topics,ai_refine,summarise the key points,discussion points
Please write Artificial intelligence is changing the world.,add_text,Artificial intelligence is changing the world.,
Make Artificial intelligence is changing the world. bold,bold,Artificial intelligence is changing the world.,
Search my DMs for Conclusion,dm_search,Conclusion,
Make good afternoon italic,italic,good afternoon,
set our new policy to italicized,italic,our new policy,
Hello everyone,add_text,Hello everyone,
Strengthen priority discussion topics with clearer wording,ai_refine,strengthen with clearer wording,discussion points
Remove the previous sentence,prev_sentence_delete,,
Please make good evening italic,italic,good evening,
Send this email on,email_forward,,
Underline the roadmap,underline,the roadmap,
Delete the last sentence,prev_sentence_delete,,
Forward the current email,email_forward,,
Delete it,unknown,,
"Underline ""Microsoft""",underline,Microsoft,
Highlight recent relationship developments for discussion points,ai_refine,highlight recent relationship developments,discussion points
Send this email saying the client call is confirmed,email_send,the client call is confirmed,
Open the chat page,navigate_dm,,
Delete this email,email_delete,,
Rewrite high-value pipeline opportunities to be more concise,ai_refine,rewrite to be more concise,pipeline deals
Finish and send with the text lunch at noon,email_send,lunch at noon,
Take me to my DMs,navigate_dm,,
Draft an email about the security update,email_compose,the security update,
Write a new email titled contract renewal,email_compose,contract renewal,
Search my DMs for Microsoft,dm_search,Microsoft,
Show me emails about financial report,email_search,financial report,
Delete the last sentence,prev_sentence_delete,,
make customer onboarding italic,italic,customer onboarding,
Flag any unresolved client concerns,ai_refine,flag any unresolved client concerns,relationship sensitivities
Delete this chat,dm_delete,,
Delete it,unknown,,
Delete this email,email_delete,,
Mark everything as read,unknown,,
Send a reply saying the client call is confirmed,email_reply,the client call is confirmed,
Delete this conversation,dm_delete,,
Insert Good morning everyone,add_text,Good morning everyone,
Play some music,unknown,,
Strengthen points for discussion with clearer wording,ai_refine,strengthen with clearer wording,discussion points
What has changed recently in the client relationship,ai_refine,what has changed recently in the client relationship,recent relationship developments
Please underline this,underline,this,
Remove this message,dm_delete,,
Send this message: the client call is confirmed,dm_send,the client call is confirmed,
make the deploy is ready into bold,bold,the deploy is ready,
List any pending issues or complaints from this client,ai_refine,list any pending issues or complaints from this client,relationship sensitivities
Set welcome aboard to bold,bold,welcome aboard,
Send it,unknown,,
Go to my inbox,navigate_email,,
Respond to this email with standup moved to 10am,email_reply,standup moved to 10am,
Remove this email,email_delete,,
Please underline you're welcome,underline,you're welcome,
Throw this email away,email_delete,,
Set keep it up to italic,italic,keep it up,
Send it and say we hit the quarterly target,email_send,we hit the quarterly target,
Bold Good morning everyone,bold,Good morning everyone,
Please make the meeting is at noon bold,bold,the meeting is at noon,
"Make ""next steps"" italic",italic,next steps,
Open the messenger,navigate_dm,,
Make this section more concise and impactful for relationship concerns,ai_refine,make this section more concise and impactful,relationship sensitivities
Answer this email with can you review my PR,email_reply,can you review my PR,
Finish and send with the text let's sync after the meeting,email_send,let's sync after the meeting,
Forward the current email,email_forward,,
Delete the phrase Amazon,search_delete,Amazon,
Delete this thread,dm_delete,,
Please make deep learning italic,italic,deep learning,
make hello world to underlined,underline,hello world,
Delete the current email,email_delete,,
"Send this email, the body is we hit the quarterly target",email_send,we hit the quarterly target,
Compose an email with the subject contract renewal,email_compose,contract renewal,
Respond with please update the ticket,dm_reply,please update the ticket,
Search my email for annual report,email_search,annual report,
underline customer relationship management,underline,customer relationship management,
Underline you're welcome,underline,you're welcome,
Show me my emails,navigate_email,,
Delete the previous sentence,prev_sentence_delete,,
Find the email about machine learning,email_search,machine learning,
Navigate to messages,navigate_dm,,
Add useful context to priority pipeline deals,ai_refine,add useful context,pipeline deals
Open my inbox,navigate_email,,
Open my email,navigate_email,,
Delete the last sentence,prev_sentence_delete,,
Strengthen priority discussion topics with clearer wording,ai_refine,strengthen with clearer wording,discussion points
Type The project starts tomorrow.,add_text,The project starts tomorrow.,
Add Hello everyone,add_text,Hello everyone,
Delete this conversation,dm_delete,,
Who won the game?,unknown,,
Summarize the key points of new relationship developments,ai_refine,summarize the key points,recent relationship developments
Rewrite key discussion points to be more concise,ai_refine,rewrite to be more concise,discussion points
Delete this message,email_delete,,
Remove the previous sentence,prev_sentence_delete,,
Search for financial report in my inbox,email_search,financial report,
Delete the last sentence,prev_sentence_delete,,
Set in place of that to bold,bold,in place of that,
Bold great job,bold,great job,
Send standup moved to 10am,dm_send,standup moved to 10am,
Search messages for project plan,dm_search,project plan,
Reply with I'll be late today,email_reply,I'll be late today,
"Make ""in place of it"" italic",italic,in place of it,
make great job into underlined,underline,great job,
Please make see you soon bold,bold,see you soon,
What are the key relationship risks to flag,ai_refine,what are the key relationship risks to flag,relationship sensitivities
Show me my emails,navigate_email,,
Add more detail and supporting context to key meeting objectives,ai_refine,add more detail and supporting context,key meeting objectives
Put Welcome to the meeting into the document,add_text,Welcome to the meeting,
make Microsoft into underlined,underline,Microsoft,
Delete this thread,dm_delete,,
Open the email page,navigate_email,,
Turn the important items into discussion points,ai_refine,turn the important items into discussion points,discussion points
Search my chats for customer experience,dm_search,customer experience,
"Make ""those"" italic",italic,those,
Finish and send with the text the server is back up,email_send,the server is back up,
Trash this chat,dm_delete,,
Reply with the client call is confirmed,email_reply,the client call is confirmed,
Take me to my inbox,navigate_email,,
Finish and send with the text the client call is confirmed,email_send,the client call is confirmed,
Answer with standup moved to 10am,dm_reply,standup moved to 10am,
Turn the important items into discussion points,ai_refine,turn the important items into discussion points,discussion points
Send this email saying the server is back up,email_send,the server is back up,
Make this section more concise and impactful for sensitive relationship issues,ai_refine,make this section more concise and impactful,relationship sensitivities
Add useful context to priority meeting objectives,ai_refine,add useful context,key meeting objectives
Delete the previous sentence,prev_sentence_delete,,
Add useful context to sensitive relationship issues,ai_refine,add useful context,relationship sensitivities
Highlight the most significant pipeline deals to discuss,ai_refine,highlight the most significant,pipeline deals
Remove this email,email_delete,,
Send the email with the message standup moved to 10am,email_send,standup moved to 10am,
Please underline the ticket is closed,underline,the ticket is closed,
Compose an email about contract renewal,email_compose,contract renewal,
Reply to the email: the deploy is scheduled for tonight,email_reply,the deploy is scheduled for tonight,
Delete the phrase customer onboarding,search_delete,customer onboarding,
make Welcome to the meeting to bold,bold,Welcome to the meeting,
Open the chat page,navigate_dm,,
Search messages for Microsoft,dm_search,Microsoft,
Flag any unresolved client concerns,ai_refine,flag any unresolved client concerns,relationship sensitivities
Finish and send with the text let's sync after the meeting,email_send,let's sync after the meeting,
"Send this email, the body is the server is back up",email_send,the server is back up,
Highlight recent relationship developments,ai_refine,highlight recent relationship developments,recent relationship developments
Delete the last sentence,prev_sentence_delete,,
Italicize Good morning everyone,italic,Good morning everyone,
Post the message lunch at noon,dm_send,lunch at noon,
Delete the phrase Q3 results,search_delete,Q3 results,
Navigate to email,navigate_email,,
Search my chats for deep learning,dm_search,deep learning,
Type and send the server is back up,dm_send,the server is back up,
Delete the current email,email_delete,,
Show me my emails,navigate_email,,
What time is it?,unknown,,
Send the email with the message I'll be late today,email_send,I'll be late today,
"Make ""the deadline is friday"" bold",bold,the deadline is friday,
Summarize the key points of main meeting objectives,ai_refine,summarize the key points,key meeting objectives
Search my email for machine learning,email_search,machine learning,
Which pipeline deals should we prioritise,ai_refine,which pipeline deals should we prioritise,pipeline deals
Show me emails about important information,email_search,important information,
Go to my inbox of messages,navigate_dm,,
Highlight the most significant pipeline deals to discuss,ai_refine,highlight the most significant,pipeline deals
set this is urgent to underline,underline,this is urgent,
Flag the highest-value opportunities in the pipeline,ai_refine,flag the highest-value opportunities in the pipeline,pipeline deals
Navigate to messages,navigate_dm,,
Reply to this email saying please update the ticket,email_reply,please update the ticket,
Summarise what we need to achieve in the meeting,ai_refine,summarise what we need to achieve in the meeting,key meeting objectives
Make we shipped the release italic,italic,we shipped the release,
Delete the previous sentence,prev_sentence_delete,,
Search my DMs for customer relationship management,dm_search,customer relationship management,
Summarize the key points of recent client developments,ai_refine,summarize the key points,recent relationship developments
Make Quarterly earnings are up 10%. italic,italic,Quarterly earnings are up 10%.,
Go to my inbox of messages,navigate_dm,,
Reply to this message: the report is ready,dm_reply,the report is ready,
make please review this to underlined,underline,please review this,
Make instead of this bold,bold,instead of this,
set annual report to italicized,italic,annual report,
Flag any unresolved client concerns,ai_refine,flag any unresolved client concerns,relationship sensitivities
Identify the most important points in recent client relationship changes,ai_refine,identify the most important points,recent relationship developments
Remove this message,dm_delete,,
set meeting notes to underline,underline,meeting notes,
make have a nice day to bold,bold,have a nice day,
make good evening into underlined,underline,good evening,
set customer experience to underline,underline,customer experience,
underline Please review this document.,underline,Please review this document.,
Take me to my DMs,navigate_dm,,
Forward this email to someone,email_forward,,
Set these to italic,italic,these,
Send a message saying please update the ticket,dm_send,please update the ticket,
make how's it going into bold,bold,how's it going,
Remove the chat,dm_delete,,
What has changed recently in the client relationship,ai_refine,what has changed recently in the client relationship,recent relationship developments
make in the meantime to italic,italic,in the meantime,
Flag any unresolved client concerns,ai_refine,flag any unresolved client concerns,relationship sensitivities
Find conversations about customer experience,dm_search,customer experience,
Respond to this email with standup moved to 10am,email_reply,standup moved to 10am,
Reply to this chat with standup moved to 10am,dm_reply,standup moved to 10am,
make how was your day bold,bold,how was your day,
Switch to email,navigate_email,,
Reply with the build is green,email_reply,the build is green,
Show me chats about meeting notes,dm_search,meeting notes,
Show me emails about Introduction,email_search,Introduction,
make how's it going into underlined,underline,how's it going,
Show me my emails,navigate_email,,
make these into underlined,underline,these,
Search for customer onboarding in my inbox,email_search,customer onboarding,
make thanks so much italic,italic,thanks so much,
Delete Microsoft,search_delete,Microsoft,
Say please update the ticket,dm_send,please update the ticket,
Remove the previous sentence,prev_sentence_delete,,
underline Welcome to the meeting,underline,Welcome to the meeting,
Erase meeting notes,search_delete,meeting notes,
Open the chat page,navigate_dm,,
Forward the current email,email_forward,,
Summarize the key points of priority meeting objectives,ai_refine,summarize the key points,key meeting objectives
Remove the previous sentence,prev_sentence_delete,,
Show me my chats,navigate_dm,,
Flag the main risks in recent client relationship changes,ai_refine,flag the main risks,recent relationship developments
"Underline ""how have you been""",underline,how have you been,
Send a message saying we hit the quarterly target,dm_send,we hit the quarterly target,
Answer with standup moved to 10am,dm_reply,standup moved to 10am,
Message saying we hit the quarterly target,dm_send,we hit the quarterly target,
Find emails about Google,email_search,Google,
Insert Today is a beautiful day.,add_text,Today is a beautiful day.,
Add more detail and supporting context to client relationship risks,ai_refine,add more detail and supporting context,relationship sensitivities
What relationship risks should I flag,ai_refine,what relationship risks should I flag,relationship sensitivities
"Make ""in the middle of it"" bold",bold,in the middle of it,
Highlight recent relationship developments,ai_refine,highlight recent relationship developments,recent relationship developments
make the pricing table to bold,bold,the pricing table,
Can you open chat for me?,navigate_dm,,
make in place of this to underlined,underline,in place of this,
"Delete ""annual report""",search_delete,annual report,
Remove the previous sentence,prev_sentence_delete,,
Please remove Google,search_delete,Google,
Delete the last sentence,prev_sentence_delete,,
Send this email saying the client call is confirmed,email_send,the client call is confirmed,
Open my messages,navigate_dm,,
Insert Welcome to the meeting,add_text,Welcome to the meeting,
Send this message: the build is green,dm_send,the build is green,
Send it and say we hit the quarterly target,email_send,we hit the quarterly target,
Send a message saying let's sync after the meeting,dm_send,let's sync after the meeting,
Send the email with the message standup moved to 10am,email_send,standup moved to 10am,
Who won the game?,unknown,,
Send a reply saying the server is back up,dm_reply,the server is back up,
Delete this email,email_delete,,
"Delete ""artificial intelligence""",search_delete,artificial intelligence,
make we shipped the release to bold,bold,we shipped the release,
Delete it,unknown,,
make as well as it bold,bold,as well as it,
Delete the last sentence,prev_sentence_delete,,
"Send this email, the body is the report is ready",email_send,the report is ready,
"Underline ""you're welcome""",underline,you're welcome,
Schedule a meeting,unknown,,
make see you soon to italic,italic,see you soon,
Flag the main risks in discussion points,ai_refine,flag the main risks,discussion points
Send a reply saying standup moved to 10am,email_reply,standup moved to 10am,
Can you open chat for me?,navigate_dm,,
Delete this message,email_delete,,
Trash this chat,dm_delete,,
Set keep it up to italic,italic,keep it up,
Rewrite recent relationship developments to be more concise,ai_refine,rewrite to be more concise,recent relationship developments
Delete the last sentence,prev_sentence_delete,,
Search my DMs for Conclusion,dm_search,Conclusion,
Search for customer experience in my inbox,email_search,customer experience,
Forward this email to someone,email_forward,,
What time is it?,unknown,,
Delete the previous sentence,prev_sentence_delete,,
Underline for now,underline,for now,
Send it and say the client call is confirmed,email_send,the client call is confirmed,
make see you soon italic,italic,see you soon,
Send this email on,email_forward,,
Highlight the most significant pipeline deals to discuss,ai_refine,highlight the most significant,pipeline deals
Go to my inbox,navigate_email,,
Flag the highest-value opportunities in the pipeline,ai_refine,flag the highest-value opportunities in the pipeline,pipeline deals
Flag any unresolved client concerns,ai_refine,flag any unresolved client concerns,relationship sensitivities
Unsend that,unknown,,
Type Quarterly earnings are up 10%.,add_text,Quarterly earnings are up 10%.,
Draft an email about budget approval,email_compose,budget approval,
Remove the chat,dm_delete,,
Remove this email,email_delete,,
"Make ""take care"" italic",italic,take care,
Reply to this email saying standup moved to 10am,email_reply,standup moved to 10am,
Open my inbox,navigate_email,,
Please write Quarterly earnings are up 10%.,add_text,Quarterly earnings are up 10%.,
Insert Good morning everyone,add_text,Good morning everyone,
Send a message saying let's sync after the meeting,dm_send,let's sync after the meeting,
Find the chat about financial report,dm_search,financial report,
Reply to this chat with lunch at noon,dm_reply,lunch at noon,
Show me my chats,navigate_dm,,
Forward it,email_forward,,
Please make the launch date italic,italic,the launch date,
Make key relationship risks more concise and impactful,ai_refine,make more concise and impactful,relationship sensitivities
Switch to email,navigate_email,,
Bold This is a sample document,bold,This is a sample document,
Set important information to bold,bold,important information,
Send the email with the message the report is ready,email_send,the report is ready,
Delete this chat,dm_delete,,
Delete the phrase Q3 results,search_delete,Q3 results,
Erase meeting notes,search_delete,meeting notes,
Delete the previous sentence,prev_sentence_delete,,
Summarise the key points of high-value pipeline opportunities,ai_refine,summarise the key points,pipeline deals
Send please update the ticket,dm_send,please update the ticket,
"Underline ""Quarterly earnings are up 10%.""",underline,Quarterly earnings are up 10%.,
make customer relationship management italic,italic,customer relationship management,
Make this section more concise and impactful for priority discussion topics,ai_refine,make this section more concise and impactful,discussion points
Tell me a joke,unknown,,
Flag the main risks in relationship sensitivities,ai_refine,flag the main risks,relationship sensitivities
Make good evening italic,italic,good evening,
Send the email: let's sync after the meeting,email_send,let's sync after the meeting,
"Make ""the onboarding flow"" bold",bold,the onboarding flow,
Type and send the server is back up,dm_send,the server is back up,
Delete the current email,email_delete,,
Highlight recent relationship developments for discussion points,ai_refine,highlight recent relationship developments,discussion points
make in place of that into underlined,underline,in place of that,
make instead of this into bold,bold,instead of this,
Delete this message,email_delete,,
New email about Q3 results,email_compose,Q3 results,
Italicize in place of it,italic,in place of it,
What relationship risks should I flag,ai_refine,what relationship risks should I flag,relationship sensitivities
Write Machine learning is useful.,add_text,Machine learning is useful.,
Go to my inbox,navigate_email,,
Remove the previous sentence,prev_sentence_delete,,
Send the email with the message the build is green,email_send,the build is green,
Find the chat about Introduction,dm_search,Introduction,
underline good night,underline,good night,
Summarise what we need to achieve in the meeting,ai_refine,summarise what we need to achieve in the meeting,key meeting objectives
Remove the previous sentence,prev_sentence_delete,,
Respond to this email with the deploy is scheduled for tonight,email_reply,the deploy is scheduled for tonight,
"Underline ""the bug is fixed""",underline,the bug is fixed,
Say the server is back up,dm_send,the server is back up,
What relationship risks should I flag,ai_refine,what relationship risks should I flag,relationship sensitivities
Respond to this email with the build is green,email_reply,the build is green,
Show me emails about Google,email_search,Google,
Delete the phrase Introduction,search_delete,Introduction,
Bold the customer list,bold,the customer list,
Write an email about customer onboarding,email_compose,customer onboarding,
Send let's sync after the meeting,dm_send,let's sync after the meeting,
"Send this email, the body is lunch at noon",email_send,lunch at noon,
Bold good night,bold,good night,
Highlight recent relationship developments,ai_refine,highlight recent relationship developments,recent relationship developments
Reply with the deploy is scheduled for tonight,email_reply,the deploy is scheduled for tonight,
set Today is a beautiful day. to underline,underline,Today is a beautiful day.,
Answer with I'll be late today,dm_reply,I'll be late today,
Remove the previous sentence,prev_sentence_delete,,
set how are you doing to underline,underline,how are you doing,
Delete this message,email_delete,,
Reply to this email: the build is green,email_reply,the build is green,
Delete this email,email_delete,,
Delete the current email,email_delete,,
Forward this email to someone,email_forward,,
Forward this message,email_forward,,
Flag the highest-value opportunities in the pipeline,ai_refine,flag the highest-value opportunities in the pipeline,pipeline deals
Delete this conversation,dm_delete,,
Respond to this email with can you review my PR,email_reply,can you review my PR,
Draft an email about budget approval,email_compose,budget approval,
make the launch date to underlined,underline,the launch date,
Open the chat page,navigate_dm,,
Put Today is a beautiful day. into the document,add_text,Today is a beautiful day.,
Search my email for project plan,email_search,project plan,
Welcome to the meeting,add_text,Welcome to the meeting,
Find the chat about artificial intelligence,dm_search,artificial intelligence,
What relationship risks should I flag,ai_refine,what relationship risks should I flag,relationship sensitivities
Archive this thread,unknown,,
Message saying let's sync after the meeting,dm_send,let's sync after the meeting,
Trash this email,email_delete,,
Please make what's up bold,bold,what's up,
Send the server is back up,dm_send,the server is back up,
make what's up to underlined,underline,what's up,
Open the email page,navigate_email,,
Set deep learning to bold,bold,deep learning,
Find the chat about meeting notes,dm_search,meeting notes,
Please write Good morning everyone,add_text,Good morning everyone,
Bold the launch date,bold,the launch date,
Open the chat page,navigate_dm,,
Add useful context to critical meeting objectives,ai_refine,add useful context,key meeting objectives
Set in the middle of it to italic,italic,in the middle of it,
Go to chat,navigate_dm,,
Delete this email,email_delete,,
Go to my inbox,navigate_email,,
Send a reply saying lunch at noon,email_reply,lunch at noon,
set the customer list to bolded,bold,the customer list,
Write a new email titled contract renewal,email_compose,contract renewal,
Make most significant pipeline deals more concise and impactful,ai_refine,make more concise and impactful,pipeline deals
Begin a new email regarding customer onboarding,email_compose,customer onboarding,
Navigate to messages,navigate_dm,,
Reply to this email: the deploy is scheduled for tonight,email_reply,the deploy is scheduled for tonight,
Look up emails about financial report,email_search,financial report,
Send a reply saying I'll be late today,dm_reply,I'll be late today,
Forward this email,email_forward,,
Delete the current email,email_delete,,
Delete the previous sentence,prev_sentence_delete,,
Forward this email to someone,email_forward,,
What has changed recently in the client relationship,ai_refine,what has changed recently in the client relationship,recent relationship developments
Compose an email with the subject the project plan,email_compose,the project plan,
Insert Machine learning is useful.,add_text,Machine learning is useful.,
Open the chat page,navigate_dm,,
Send this email on,email_forward,,
Open my email,navigate_email,,
Take me to my DMs,navigate_dm,,
set on the other hand to bolded,bold,on the other hand,
Send the email: the deploy is scheduled for tonight,email_send,the deploy is scheduled for tonight,
Finish and send with the text the deploy is scheduled for tonight,email_send,the deploy is scheduled for tonight,
Delete this chat,dm_delete,,
Schedule a meeting,unknown,,
Flag the highest-value opportunities in the pipeline,ai_refine,flag the highest-value opportunities in the pipeline,pipeline deals
Delete Q3 results,search_delete,Q3 results,
Respond to this email with let's sync after the meeting,email_reply,let's sync after the meeting,
Search for Amazon in my inbox,email_search,Amazon,
Delete this email,email_delete,,
Italicize long time no see,italic,long time no see,
Message saying can you review my PR,dm_send,can you review my PR,
Find conversations about Introduction,dm_search,Introduction,
Apply underline to please review this,underline,please review this,
Make Machine learning is useful. italic,italic,Machine learning is useful.,
Take me to my DMs,navigate_dm,,
Flag the highest-value opportunities in the pipeline,ai_refine,flag the highest-value opportunities in the pipeline,pipeline deals
Show me my emails,navigate_email,,
Trash this email,email_delete,,
Find emails about Q3 results,email_search,Q3 results,
Show me my emails,navigate_email,,
Forward this email,email_forward,,
Schedule a meeting,unknown,,
make Q3 results bold,bold,Q3 results,
Highlight the most significant priority meeting objectives to discuss,ai_refine,highlight the most significant,key meeting objectives
Make the roadmap italic,italic,the roadmap,
Please make next steps italic,italic,next steps,
Add Machine learning is useful.,add_text,Machine learning is useful.,
"Send this email, the body is the deploy is scheduled for tonight",email_send,the deploy is scheduled for tonight,
Summarize the key points of high-value pipeline opportunities,ai_refine,summarize the key points,pipeline deals
Search my email for important information,email_search,important information,
Reply with let's sync after the meeting,email_reply,let's sync after the meeting,
Send this email saying we hit the quarterly target,email_send,we hit the quarterly target,
Draft an email about the project plan,email_compose,the project plan,
set in place of this to underline,underline,in place of this,
set customer relationship management to underline,underline,customer relationship management,
Set hello everyone to italic,italic,hello everyone,
Highlight recent relationship developments for discussion points,ai_refine,highlight recent relationship developments,discussion points
Send this message: the server is back up,dm_send,the server is back up,
Delete the last sentence,prev_sentence_delete,,
Please make Good morning everyone italic,italic,Good morning everyone,
Forward this message,email_forward,,
Go to my inbox,navigate_email,,
Delete it,unknown,,
Search for Microsoft in my inbox,email_search,Microsoft,
Send the email saying we hit the quarterly target,email_send,we hit the quarterly target,
Please underline in place of it,underline,in place of it,
Open my email,navigate_email,,
Turn main meeting objectives into clear talking points,ai_refine,turn into clear talking points,key meeting objectives
Start a new email with the subject customer onboarding,email_compose,customer onboarding,
Reply with I'll be late today,email_reply,I'll be late today,
Answer with the report is ready,dm_reply,the report is ready,
Reply to this message: I'll be late today,dm_reply,I'll be late today,
Remove the previous sentence,prev_sentence_delete,,
Bold as well as it,bold,as well as it,
Forward this email to someone,email_forward,,
List any pending issues or complaints from this client,ai_refine,list any pending issues or complaints from this client,relationship sensitivities
Delete this email,email_delete,,
What time is it?,unknown,,
make great job bold,bold,great job,
Send this email saying can you review my PR,email_send,can you review my PR,
"Make ""instead of it"" italic",italic,instead of it,
Reply with the deploy is scheduled for tonight,email_reply,the deploy is scheduled for tonight,
Respond to this email with let's sync after the meeting,email_reply,let's sync after the meeting,
Forward it,email_forward,,
Begin a new email regarding the sprint review,email_compose,the sprint review,
Add useful context to priority meeting objectives,ai_refine,add useful context,key meeting objectives
Write the server is back up,dm_send,the server is back up,
Switch to email,navigate_email,,
Underline the security patch,underline,the security patch,
Send the client call is confirmed,dm_send,the client call is confirmed,
Search messages for project plan,dm_search,project plan,
Type This is a sample document,add_text,This is a sample document,
Make this section more concise and impactful for key discussion points,ai_refine,make this section more concise and impactful,discussion points
"Send this email, the body is can you review my PR",email_send,can you review my PR,
Delete Q3 results,search_delete,Q3 results,
Find emails about customer onboarding,email_search,customer onboarding,
make those into underlined,underline,those,
Go to my inbox,navigate_email,,
Remove the previous sentence,prev_sentence_delete,,
Show me my chats,navigate_dm,,
Send this email saying please update the ticket,email_send,please update the ticket,
Search messages for financial report,dm_search,financial report,
Highlight recent relationship developments for discussion points,ai_refine,highlight recent relationship developments,discussion points
Finish and send with the text the report is ready,email_send,the report is ready,
What time is it?,unknown,,
Send the email saying the server is back up,email_send,the server is back up,
"Delete ""machine learning""",search_delete,machine learning,
Mark everything as read,unknown,,
underline the final report,underline,the final report,
Search my inbox for Introduction,email_search,Introduction,
Flag the highest-value opportunities in the pipeline,ai_refine,flag the highest-value opportunities in the pipeline,pipeline deals
Add The project starts tomorrow.,add_text,The project starts tomorrow.,
Open my messages,navigate_dm,,
make good afternoon into bold,bold,good afternoon,
Search my chats for deep learning,dm_search,deep learning,
Put Please review this document. into the document,add_text,Please review this document.,
Type and send I'll be late today,dm_send,I'll be late today,
Please make you're welcome bold,bold,you're welcome,
Put Welcome to the meeting into the document,add_text,Welcome to the meeting,
Italicize see you soon,italic,see you soon,
Summarize the key points of points for discussion,ai_refine,summarize the key points,discussion points
Forward this email,email_forward,,
Write an email about the security update,email_compose,the security update,
Remove the chat,dm_delete,,
Delete it,unknown,,
Send it and say can you review my PR,email_send,can you review my PR,
Forward this email to someone,email_forward,,
make good night into underlined,underline,good night,
Remove this message,dm_delete,,
Make important information bold,bold,important information,
Send a message saying lunch at noon,dm_send,lunch at noon,
Forward this email to someone,email_forward,,
Delete deep learning,search_delete,deep learning,
Send the email with the message I'll be late today,email_send,I'll be late today,
Delete this chat,dm_delete,,
Archive this thread,unknown,,
Put This is a sample document into the document,add_text,This is a sample document,
"Make ""that"" bold",bold,that,
Find emails about Google,email_search,Google,
Take me to my inbox,navigate_email,,
Send it,unknown,,
Reply with the deploy is scheduled for tonight,email_reply,the deploy is scheduled for tonight,
make the API key italic,italic,the API key,
Answer this email with let's sync after the meeting,email_reply,let's sync after the meeting,
Reply to this message: the client call is confirmed,dm_reply,the client call is confirmed,
Look up emails about customer experience,email_search,customer experience,
Send it and say please update the ticket,email_send,please update the ticket,
Forward this message,email_forward,,
List any pending issues or complaints from this client,ai_refine,list any pending issues or complaints from this client,relationship sensitivities
Please underline the security patch,underline,the security patch,
Send the email with the message the build is green,email_send,the build is green,
Open the messenger,navigate_dm,,
Turn new relationship developments into clear talking points,ai_refine,turn into clear talking points,recent relationship developments
Remove the previous sentence,prev_sentence_delete,,
Set next steps to underlined,underline,next steps,
Delete the current conversation,dm_delete,,
Can you open chat for me?,navigate_dm,,
Search my chats for machine learning,dm_search,machine learning,
Highlight the most significant pipeline deals to discuss,ai_refine,highlight the most significant,pipeline deals
Post the message we hit the quarterly target,dm_send,we hit the quarterly target,
Show me emails about machine learning,email_search,machine learning,
Remove this email,email_delete,,
Reply to the email: the deploy is scheduled for tonight,email_reply,the deploy is scheduled for tonight,
underline financial report,underline,financial report,
Send this email on,email_forward,,
Search for deep learning in my inbox,email_search,deep learning,
Reply to this email: we hit the quarterly target,email_reply,we hit the quarterly target,
Go to chat,navigate_dm,,
Open my inbox,navigate_email,,
Send it and say the build is green,email_send,the build is green,
"Underline ""customer experience""",underline,customer experience,
Send a message saying the build is green,dm_send,the build is green,
Start a new email with the subject the project plan,email_compose,the project plan,
Reply to this email saying the build is green,email_reply,the build is green,
make we shipped the release into italic,italic,we shipped the release,
Send a reply saying please update the ticket,dm_reply,please update the ticket,
Make the bug is fixed italic,italic,the bug is fixed,
Please remove important information,search_delete,important information,
Highlight recent relationship developments,ai_refine,highlight recent relationship developments,recent relationship developments
make well done into bold,bold,well done,
Open my messages,navigate_dm,,
Write an email about customer onboarding,email_compose,customer onboarding,
Make Hello everyone bold,bold,Hello everyone,
Show me chats about annual report,dm_search,annual report,
Reply to this email: standup moved to 10am,email_reply,standup moved to 10am,
Set how are you doing to bold,bold,how are you doing,
Make thank you italic,italic,thank you,
Add This is a sample document,add_text,This is a sample document,
Erase annual report,search_delete,annual report,
Forward this message,email_forward,,
Reply with can you review my PR,email_reply,can you review my PR,
"Make ""the security patch"" italic",italic,the security patch,
Customer onboarding is complete.,add_text,Customer onboarding is complete.,
Erase Amazon,search_delete,Amazon,
Answer with the server is back up,dm_reply,the server is back up,
Can you open chat for me?,navigate_dm,,
Make it italic,italic,it,
Search my chats for important information,dm_search,important information,
Throw this email away,email_delete,,
New email about the sprint review,email_compose,the sprint review,
Forward it,email_forward,,
Trash this email,email_delete,,
"Delete ""annual report""",search_delete,annual report,
"Underline ""Conclusion""",underline,Conclusion,
Set customer experience to bold,bold,customer experience,
make Introduction to underlined,underline,Introduction,
Delete this conversation,dm_delete,,
Navigate to messages,navigate_dm,,
Make priority meeting objectives more concise and impactful,ai_refine,make more concise and impactful,key meeting objectives
Reply to this message: the server is back up,dm_reply,the server is back up,
Look up chats about artificial intelligence,dm_search,artificial intelligence,
Take me to my DMs,navigate_dm,,
"Make ""please review this"" italic",italic,please review this,
Flag the highest-value opportunities in the pipeline,ai_refine,flag the highest-value opportunities in the pipeline,pipeline deals
Delete Amazon,search_delete,Amazon,
Add useful context to priority discussion topics,ai_refine,add useful context,discussion points
Send a chat message: standup moved to 10am,dm_send,standup moved to 10am,
Highlight recent relationship developments,ai_refine,highlight recent relationship developments,recent relationship developments
make those to italic,italic,those,
Turn the important items into discussion points,ai_refine,turn the important items into discussion points,discussion points
What are the main points we should discuss,ai_refine,what are the main points we should discuss,discussion points
Bold instead of it,bold,instead of it,
What's on my calendar?,unknown,,
Which pipeline deals should we prioritise,ai_refine,which pipeline deals should we prioritise,pipeline deals
Find conversations about Google,dm_search,Google,
Reply to this email: lunch at noon,email_reply,lunch at noon,
Type and send the client call is confirmed,dm_send,the client call is confirmed,
Add Welcome to the meeting,add_text,Welcome to the meeting,
Reply saying standup moved to 10am,dm_reply,standup moved to 10am,
make Microsoft to bold,bold,Microsoft,
Answer this email with I'll be late today,email_reply,I'll be late today,
Begin a new email regarding meeting notes,email_compose,meeting notes,
Identify the most important points in client relationship risks,ai_refine,identify the most important points,relationship sensitivities
Please remove customer experience,search_delete,customer experience,
Identify the most important points in main meeting objectives,ai_refine,identify the most important points,key meeting objectives
Compose an email about roadmap planning,email_compose,roadmap planning,
Apply underline to next steps,underline,next steps,
Set the deadline is friday to bold,bold,the deadline is friday,
Forward this message,email_forward,,
Unsend that,unknown,,
Please make how are you italic,italic,how are you,
Begin a new email regarding the security update,email_compose,the security update,
Send the email: the build is green,email_send,the build is green,
Please remove deep learning,search_delete,deep learning,
Make relationship concerns more concise and impactful,ai_refine,make more concise and impactful,relationship sensitivities
make thank you bold,bold,thank you,
Find emails about important information,email_search,important information,
Flag the main risks in priority pipeline deals,ai_refine,flag the main risks,pipeline deals
set how's it going to bolded,bold,how's it going,
Write an email about the sprint review,email_compose,the sprint review,
Begin a new email regarding customer onboarding,email_compose,customer onboarding,
Italicize our new policy,italic,our new policy,
Remove this email,email_delete,,
Please make The project starts tomorrow. italic,italic,The project starts tomorrow.,
Bold in other words,bold,in other words,
Delete this conversation,dm_delete,,
Go to email,navigate_email,,
Reply to this email saying lunch at noon,email_reply,lunch at noon,
Make the meeting is at noon italic,italic,the meeting is at noon,
Flag the main risks in meeting objectives,ai_refine,flag the main risks,key meeting objectives
Please make on the other hand italic,italic,on the other hand,
Make this section more concise and impactful for meeting objectives,ai_refine,make this section more concise and impactful,key meeting objectives
Highlight recent relationship developments for discussion points,ai_refine,highlight recent relationship developments,discussion points
Look up chats about financial report,dm_search,financial report,
Underline see you tomorrow,underline,see you tomorrow,
Respond to this email with standup moved to 10am,email_reply,standup moved to 10am,
make the final report into italic,italic,the final report,
Compose an email about budget approval,email_compose,budget approval,
Message saying can you review my PR,dm_send,can you review my PR,
Delete the last sentence,prev_sentence_delete,,
Highlight the most significant critical meeting objectives to discuss,ai_refine,highlight the most significant,key meeting objectives
Show me my chats,navigate_dm,,
Reply with the report is ready,dm_reply,the report is ready,
Delete this message,email_delete,,
Send please update the ticket,dm_send,please update the ticket,
"Delete ""Microsoft""",search_delete,Microsoft,
Search my inbox for customer relationship management,email_search,customer relationship management,
Delete this chat,dm_delete,,
Begin a new email regarding contract renewal,email_compose,contract renewal,
Type The quick brown fox jumps over the lazy dog.,add_text,The quick brown fox jumps over the lazy dog.,
Go to chat,navigate_dm,,
Forward the current email,email_forward,,
Please remove machine learning,search_delete,machine learning,
make the customer list to bold,bold,the customer list,
Insert Good morning everyone,add_text,Good morning everyone,
Italicize good night,italic,good night,
Apply underline to the launch date,underline,the launch date,
Delete important information,search_delete,important information,
Send this message: the report is ready,dm_send,the report is ready,
Delete important information,search_delete,important information,
Delete this chat,dm_delete,,
Reply to this email saying standup moved to 10am,email_reply,standup moved to 10am,
What are the main points we should discuss,ai_refine,what are the main points we should discuss,discussion points
Mark everything as read,unknown,,
Send the email with the message the build is green,email_send,the build is green,
New email about the annual report,email_compose,the annual report,
Set on the other hand to bold,bold,on the other hand,
Strengthen meeting objectives with clearer wording,ai_refine,strengthen with clearer wording,key meeting objectives
make the bug is fixed into italic,italic,the bug is fixed,
Delete the phrase Microsoft,search_delete,Microsoft,
Type and send the report is ready,dm_send,the report is ready,
Find the chat about customer onboarding,dm_search,customer onboarding,
Send it and say the deploy is scheduled for tonight,email_send,the deploy is scheduled for tonight,
Insert Good morning everyone,add_text,Good morning everyone,
Forward this email to someone,email_forward,,
make customer onboarding italic,italic,customer onboarding,
Strengthen key relationship risks with clearer wording,ai_refine,strengthen with clearer wording,relationship sensitivities
What should we prioritise for the meeting,ai_refine,what should we prioritise for the meeting,key meeting objectives
Say the server is back up,dm_send,the server is back up,
Take me to my DMs,navigate_dm,,
Set good night to bold,bold,good night,
Bold please review this,bold,please review this,
Reply to this message: the client call is confirmed,dm_reply,the client call is confirmed,
Reply with the deploy is scheduled for tonight,email_reply,the deploy is scheduled for tonight,
Write a new email titled roadmap planning,email_compose,roadmap planning,
Type The project starts tomorrow.,add_text,The project starts tomorrow.,
Go to email,navigate_email,,
Delete the current conversation,dm_delete,,
Open my email,navigate_email,,
make them italic,italic,them,
Reply with I'll be late today,dm_reply,I'll be late today,
Delete the current email,email_delete,,
Send the email with the message the server is back up,email_send,the server is back up,
List any pending issues or complaints from this client,ai_refine,list any pending issues or complaints from this client,relationship sensitivities
Send it,unknown,,
Delete the last sentence,prev_sentence_delete,,
Open the email page,navigate_email,,
Open the messenger,navigate_dm,,
Mark everything as read,unknown,,
Draft an email about meeting notes,email_compose,meeting notes,
Reply saying we hit the quarterly target,dm_reply,we hit the quarterly target,
Reply with the report is ready,dm_reply,the report is ready,
Please make annual report bold,bold,annual report,
Reply to the email: lunch at noon,email_reply,lunch at noon,
Please make customer relationship management bold,bold,customer relationship management,
Search my DMs for deep learning,dm_search,deep learning,
Please write Welcome to the meeting,add_text,Welcome to the meeting,
make the customer list to underlined,underline,the customer list,
Send it and say the client call is confirmed,email_send,the client call is confirmed,
Delete this conversation,dm_delete,,
Forward this email to someone,email_forward,,
Play some music,unknown,,
underline instead of it,underline,instead of it,
Set the deadline is friday to underlined,underline,the deadline is friday,
Send a chat message: the deploy is scheduled for tonight,dm_send,the deploy is scheduled for tonight,
make what's up to italic,italic,what's up,
Please remove Q3 results,search_delete,Q3 results,
Send a reply saying the build is green,dm_reply,the build is green,
Find conversations about machine learning,dm_search,machine learning,
Send this email saying standup moved to 10am,email_send,standup moved to 10am,
Make on the other hand italic,italic,on the other hand,
Throw this email away,email_delete,,
make Machine learning is useful. into italic,italic,Machine learning is useful.,
Reply to this chat with the build is green,dm_reply,the build is green,
"Underline ""what's up""",underline,what's up,
Highlight recent relationship developments for discussion points,ai_refine,highlight recent relationship developments,discussion points
Rewrite high-value pipeline opportunities to be more concise,ai_refine,rewrite to be more concise,pipeline deals
Send the email with the message lunch at noon,email_send,lunch at noon,
Set the quarterly review to underlined,underline,the quarterly review,
Can you open chat for me?,navigate_dm,,
What are the main points we should discuss,ai_refine,what are the main points we should discuss,discussion points
What relationship risks should I flag,ai_refine,what relationship risks should I flag,relationship sensitivities
What are the key relationship risks to flag,ai_refine,what are the key relationship risks to flag,relationship sensitivities
Turn key meeting objectives into clear talking points,ai_refine,turn into clear talking points,key meeting objectives
Highlight the key items in discussion points,ai_refine,highlight the key items,discussion points
"Underline ""Please review this document.""",underline,Please review this document.,
Erase deep learning,search_delete,deep learning,
Write a new email titled meeting notes,email_compose,meeting notes,
set the launch date to underline,underline,the launch date,
Respond with the deploy is scheduled for tonight,dm_reply,the deploy is scheduled for tonight,
Delete the last sentence,prev_sentence_delete,,
Delete this message,email_delete,,
Trash this email,email_delete,,
Find the email about Amazon,email_search,Amazon,
make the onboarding flow to underlined,underline,the onboarding flow,
Remove this email,email_delete,,
Please make Artificial intelligence is changing the world. bold,bold,Artificial intelligence is changing the world.,
make the onboarding flow into underlined,underline,the onboarding flow,
Delete the previous sentence,prev_sentence_delete,,
Which pipeline deals should we prioritise,ai_refine,which pipeline deals should we prioritise,pipeline deals
make in the meantime bold,bold,in the meantime,
Set instead of this to bold,bold,instead of this,
Highlight recent relationship developments,ai_refine,highlight recent relationship developments,recent relationship developments
Send the email saying the report is ready,email_send,the report is ready,
Forward this email to someone,email_forward,,
Look up chats about Apple,dm_search,Apple,
Set what's up to bold,bold,what's up,
Search for Introduction in my inbox,email_search,Introduction,
Go to email,navigate_email,,
Make the roadmap italic,italic,the roadmap,
Which pipeline deals should we prioritise,ai_refine,which pipeline deals should we prioritise,pipeline deals
make good evening to bold,bold,good evening,
Start a new email with the subject Q3 results,email_compose,Q3 results,
Send the email: standup moved to 10am,email_send,standup moved to 10am,
Type and send please update the ticket,dm_send,please update the ticket,
Reply to this email: lunch at noon,email_reply,lunch at noon,
Search for machine learning in my inbox,email_search,machine learning,
Write a new email titled contract renewal,email_compose,contract renewal,
Forward this email,email_forward,,
What's on my calendar?,unknown,,
Delete the last sentence,prev_sentence_delete,,
Send the email: I'll be late today,email_send,I'll be late today,
Reply to the email: we hit the quarterly target,email_reply,we hit the quarterly target,
Please write Welcome to the meeting,add_text,Welcome to the meeting,
Type and send please update the ticket,dm_send,please update the ticket,
List any pending issues or complaints from this client,ai_refine,list any pending issues or complaints from this client,relationship sensitivities
Begin a new email regarding the annual report,email_compose,the annual report,
Switch to email,navigate_email,,
Highlight recent relationship developments,ai_refine,highlight recent relationship developments,recent relationship developments
make the launch date into underlined,underline,the launch date,
Remove the previous sentence,prev_sentence_delete,,
What time is it?,unknown,,
Can you open email for me?,navigate_email,,
Apply underline to see you tomorrow,underline,see you tomorrow,
Open my inbox,navigate_email,,
make Microsoft to italic,italic,Microsoft,
Make please review this italic,italic,please review this,
Show me chats about customer relationship management,dm_search,customer relationship management,
Reply to this email saying we hit the quarterly target,email_reply,we hit the quarterly target,
Draft an email about the annual report,email_compose,the annual report,
make Today is a beautiful day. bold,bold,Today is a beautiful day.,
Highlight recent relationship developments,ai_refine,highlight recent relationship developments,recent relationship developments
Delete this conversation,dm_delete,,
Please remove Conclusion,search_delete,Conclusion,
Trash this chat,dm_delete,,
underline instead of this,underline,instead of this,
Answer with please update the ticket,dm_reply,please update the ticket,
make hello world to italic,italic,hello world,
make Amazon bold,bold,Amazon,
Search my chats for meeting notes,dm_search,meeting notes,
Forward it,email_forward,,
Type The project starts tomorrow.,add_text,The project starts tomorrow.,
Delete the current conversation,dm_delete,,
Mark everything as read,unknown,,
Open my email,navigate_email,,
Begin a new email regarding the project plan,email_compose,the project plan,
Find emails about important information,email_search,important information,
Compose an email about the annual report,email_compose,the annual report,
Search my chats for important information,dm_search,important information,
set please review this to italicized,italic,please review this,
Italicize Introduction,italic,Introduction,
Please underline the customer list,underline,the customer list,
make important information to bold,bold,important information,
Search my chats for customer onboarding,dm_search,customer onboarding,
Reply to this email saying please update the ticket,email_reply,please update the ticket,
Delete the current email,email_delete,,
Throw this email away,email_delete,,
Go to chat,navigate_dm,,
What is the weather today?,unknown,,
Forward this email,email_forward,,
"Delete ""project plan""",search_delete,project plan,
Send a reply saying lunch at noon,dm_reply,lunch at noon,
Navigate to messages,navigate_dm,,
Take me to my inbox,navigate_email,,
set by the way to bolded,bold,by the way,
Flag the main risks in critical meeting objectives,ai_refine,flag the main risks,key meeting objectives
Type Welcome to the meeting,add_text,Welcome to the meeting,
Compose an email with the subject contract renewal,email_compose,contract renewal,
Send the email with the message the report is ready,email_send,the report is ready,
Finish and send with the text can you review my PR,email_send,can you review my PR,
Show me emails about meeting notes,email_search,meeting notes,
Who won the game?,unknown,,
make the design doc into italic,italic,the design doc,
Archive this thread,unknown,,
Make This is a sample document italic,italic,This is a sample document,
underline them,underline,them,
Show me emails about project plan,email_search,project plan,
Set machine learning to italic,italic,machine learning,
New email about the project plan,email_compose,the project plan,
make Q3 results into bold,bold,Q3 results,
Look up emails about Apple,email_search,Apple,
Open my email,navigate_email,,
Type Today is a beautiful day.,add_text,Today is a beautiful day.,
make meeting notes into italic,italic,meeting notes,
Send it and say let's sync after the meeting,email_send,let's sync after the meeting,
Find the email about annual report,email_search,annual report,
Identify the most important points in pipeline deals,ai_refine,identify the most important points,pipeline deals
make our new policy to bold,bold,our new policy,
Remove the previous sentence,prev_sentence_delete,,
Trash this email,email_delete,,
"Make ""annual report"" italic",italic,annual report,
make at the end of it to bold,bold,at the end of it,
Open the chat page,navigate_dm,,
Apply underline to Hello everyone,underline,Hello everyone,
Type Artificial intelligence is changing the world.,add_text,Artificial intelligence is changing the world.,
Forward this email,email_forward,,
make meeting notes into bold,bold,meeting notes,
Go to my inbox of messages,navigate_dm,,
Set in place of that to bold,bold,in place of that,
Answer with lunch at noon,dm_reply,lunch at noon,
Find the email about annual report,email_search,annual report,
Can you open chat for me?,navigate_dm,,
This is a sample document,add_text,This is a sample document,
Open the messenger,navigate_dm,,
What relationship risks should I flag,ai_refine,what relationship risks should I flag,relationship sensitivities
Italicize in the meantime,italic,in the meantime,
Make this section more concise and impactful for key relationship risks,ai_refine,make this section more concise and impactful,relationship sensitivities
What should we prioritise for the meeting,ai_refine,what should we prioritise for the meeting,key meeting objectives
set as well as it to bolded,bold,as well as it,
Search messages for customer experience,dm_search,customer experience,
Identify the most important points in relationship sensitivities,ai_refine,identify the most important points,relationship sensitivities
Can you open chat for me?,navigate_dm,,
Please underline artificial intelligence,underline,artificial intelligence,
What are the main points we should discuss,ai_refine,what are the main points we should discuss,discussion points
make customer experience into underlined,underline,customer experience,
Compose an email about contract renewal,email_compose,contract renewal,
set meeting notes to italicized,italic,meeting notes,
Make The project starts tomorrow. bold,bold,The project starts tomorrow.,
Switch to email,navigate_email,,
make our new policy to bold,bold,our new policy,
Send a reply saying lunch at noon,email_reply,lunch at noon,
Navigate to messages,navigate_dm,,
Delete this email,email_delete,,
"Underline ""good evening""",underline,good evening,
make on the other hand into underlined,underline,on the other hand,
Search my DMs for customer onboarding,dm_search,customer onboarding,
"Make ""the bug is fixed"" bold",bold,the bug is fixed,
Flag any unresolved client concerns,ai_refine,flag any unresolved client concerns,relationship sensitivities
Send a chat message: the build is green,dm_send,the build is green,
Add more detail and supporting context to discussion points,ai_refine,add more detail and supporting context,discussion points
Erase Apple,search_delete,Apple,
Italicize how have you been,italic,how have you been,
make Apple into bold,bold,Apple,
Search for annual report in my inbox,email_search,annual report,
Can you open email for me?,navigate_email,,
Tell me a joke,unknown,,
Write a new email titled the sprint review,email_compose,the sprint review,
Please underline annual report,underline,annual report,
Reply to this email: please update the ticket,email_reply,please update the ticket,
Respond with lunch at noon,dm_reply,lunch at noon,
set Google to underline,underline,Google,
Reply to this message: please update the ticket,dm_reply,please update the ticket,
Show me emails about meeting notes,email_search,meeting notes,
Delete the previous sentence,prev_sentence_delete,,
Start a new email with the subject the security update,email_compose,the security update,
Remove the chat,dm_delete,,
Trash this email,email_delete,,
"Delete ""customer experience""",search_delete,customer experience,
Find the email about Google,email_search,Google,
Message saying the server is back up,dm_send,the server is back up,
Answer with I'll be late today,dm_reply,I'll be late today,
Add more detail and supporting context to high-value pipeline opportunities,ai_refine,add more detail and supporting context,pipeline deals
Send a chat message: let's sync after the meeting,dm_send,let's sync after the meeting,
Highlight recent relationship developments,ai_refine,highlight recent relationship developments,recent relationship developments
Send it and say the build is green,email_send,the build is green,
Answer this email with the build is green,email_reply,the build is green,
Trash this chat,dm_delete,,
Please underline at the end of it,underline,at the end of it,
Summarise the key points of points for discussion,ai_refine,summarise the key points,discussion points
Flag the main risks in topics to discuss,ai_refine,flag the main risks,discussion points
Forward this email,email_forward,,
Compose an email about the project plan,email_compose,the project plan,
Open the email page,navigate_email,,
make thanks so much bold,bold,thanks so much,
Trash this email,email_delete,,
Bold instead of this,bold,instead of this,
Please write Customer onboarding is complete.,add_text,Customer onboarding is complete.,
Answer with standup moved to 10am,dm_reply,standup moved to 10am,
make The project starts tomorrow. to bold,bold,The project starts tomorrow.,
Send it,unknown,,
Answer with please update the ticket,dm_reply,please update the ticket,
Find emails about Introduction,email_search,Introduction,
Reply to this email saying the report is ready,email_reply,the report is ready,
underline them,underline,them,
Open the chat page,navigate_dm,,
Please make have a nice day italic,italic,have a nice day,
Apply underline to the final report,underline,the final report,
Write lunch at noon,dm_send,lunch at noon,
"Underline ""the server is down""",underline,the server is down,
Apply underline to important information,underline,important information,
Draft an email about the annual report,email_compose,the annual report,
make Microsoft into italic,italic,Microsoft,
Open my messages,navigate_dm,,
make on the other hand to underlined,underline,on the other hand,
Open my inbox,navigate_email,,
Which pipeline deals should we prioritise,ai_refine,which pipeline deals should we prioritise,pipeline deals
Write lunch at noon,dm_send,lunch at noon,
Post the message I'll be late today,dm_send,I'll be late today,
Make the deadline is friday bold,bold,the deadline is friday,
make as well as it into italic,italic,as well as it,
set you're welcome to bolded,bold,you're welcome,
Play some music,unknown,,
underline in the meantime,underline,in the meantime,
Remove the previous sentence,prev_sentence_delete,,
Turn latest relationship developments into clear talking points,ai_refine,turn into clear talking points,recent relationship developments
Set project plan to bold,bold,project plan,
Write an email about meeting notes,email_compose,meeting notes,
Respond with I'll be late today,dm_reply,I'll be late today,
Answer with lunch at noon,dm_reply,lunch at noon,
Answer this email with the deploy is scheduled for tonight,email_reply,the deploy is scheduled for tonight,
Rewrite relationship sensitivities to be more concise,ai_refine,rewrite to be more concise,relationship sensitivities
Answer with the deploy is scheduled for tonight,dm_reply,the deploy is scheduled for tonight,
make the customer list into bold,bold,the customer list,
Summarize the key points of high-value pipeline opportunities,ai_refine,summarize the key points,pipeline deals
Please make Introduction italic,italic,Introduction,
Forward this message,email_forward,,
Erase Q3 results,search_delete,Q3 results,
Remove this message,dm_delete,,
Find conversations about machine learning,dm_search,machine learning,
Type Artificial intelligence is changing the world.,add_text,Artificial intelligence is changing the world.,
Mark everything as read,unknown,,
Write a new email titled contract renewal,email_compose,contract renewal,
Turn the important items into discussion points,ai_refine,turn the important items into discussion points,discussion points
Take me to my inbox,navigate_email,,
Forward this message,email_forward,,
Forward this message,email_forward,,
What are the key relationship risks to flag,ai_refine,what are the key relationship risks to flag,relationship sensitivities
"Make ""Hello everyone"" bold",bold,Hello everyone,
Delete the current email,email_delete,,
Send a reply saying the build is green,email_reply,the build is green,
Make the deploy is ready italic,italic,the deploy is ready,
Go to chat,navigate_dm,,
Reply with the deploy is scheduled for tonight,dm_reply,the deploy is scheduled for tonight,
Rewrite priority pipeline deals to be more concise,ai_refine,rewrite to be more concise,pipeline deals
Send this email on,email_forward,,
Please write Quarterly earnings are up 10%.,add_text,Quarterly earnings are up 10%.,
"Make ""Microsoft"" bold",bold,Microsoft,
set deep learning to underline,underline,deep learning,
make important information to bold,bold,important information,
make good morning to italic,italic,good morning,
Turn most significant pipeline deals into clear talking points,ai_refine,turn into clear talking points,pipeline deals
Send this message: the deploy is scheduled for tonight,dm_send,the deploy is scheduled for tonight,
Type and send the deploy is scheduled for tonight,dm_send,the deploy is scheduled for tonight,
make good evening into italic,italic,good evening,
Make Today is a beautiful day. italic,italic,Today is a beautiful day.,
Delete it,unknown,,
Please review this document.,add_text,Please review this document.,
Go to my inbox of messages,navigate_dm,,
What time is it?,unknown,,
Italicize on the other hand,italic,on the other hand,
Delete the phrase customer experience,search_delete,customer experience,
Search messages for customer experience,dm_search,customer experience,
Can you open chat for me?,navigate_dm,,
Delete the phrase Amazon,search_delete,Amazon,
Switch to email,navigate_email,,
Switch to email,navigate_email,,
"Send this email, the body is we hit the quarterly target",email_send,we hit the quarterly target,
Please write The quick brown fox jumps over the lazy dog.,add_text,The quick brown fox jumps over the lazy dog.,
Which pipeline deals should we prioritise,ai_refine,which pipeline deals should we prioritise,pipeline deals
Delete the current conversation,dm_delete,,
Send this email on,email_forward,,
Highlight recent relationship developments,ai_refine,highlight recent relationship developments,recent relationship developments
Send this email saying we hit the quarterly target,email_send,we hit the quarterly target,
Bold we shipped the release,bold,we shipped the release,
set this to bolded,bold,this,
Make important information bold,bold,important information,
Look up emails about Introduction,email_search,Introduction,
set the client is happy to bolded,bold,the client is happy,
Send this email saying the server is back up,email_send,the server is back up,
Compose an email with the subject Q3 results,email_compose,Q3 results,
Flag the main risks in pipeline deals,ai_refine,flag the main risks,pipeline deals
Delete the previous sentence,prev_sentence_delete,,
Search for Introduction in my inbox,email_search,Introduction,
Delete the phrase artificial intelligence,search_delete,artificial intelligence,
Reply with the deploy is scheduled for tonight,dm_reply,the deploy is scheduled for tonight,
Finish and send with the text standup moved to 10am,email_send,standup moved to 10am,
Highlight the most significant high-value pipeline opportunities to discuss,ai_refine,highlight the most significant,pipeline deals
Reply with the server is back up,dm_reply,the server is back up,
Answer with we hit the quarterly target,dm_reply,we hit the quarterly target,
Find the email about project plan,email_search,project plan,
Delete this conversation,dm_delete,,
set good morning to bolded,bold,good morning,
Delete this thread,dm_delete,,
What should we prioritise for the meeting,ai_refine,what should we prioritise for the meeting,key meeting objectives
Please make deep learning italic,italic,deep learning,
Delete the last sentence,prev_sentence_delete,,
Draft an email about customer onboarding,email_compose,customer onboarding,
Reply to this email: we hit the quarterly target,email_reply,we hit the quarterly target,
Please make these bold,bold,these,
Look up emails about customer experience,email_search,customer experience,
Find emails about Microsoft,email_search,Microsoft,
Reply to the email: I'll be late today,email_reply,I'll be late today,
Forward this message,email_forward,,
Forward this message,email_forward,,
Find the email about Q3 results,email_search,Q3 results,
Delete this conversation,dm_delete,,
Insert This is a sample document,add_text,This is a sample document,
Delete the previous sentence,prev_sentence_delete,,
Respond to this email with the client call is confirmed,email_reply,the client call is confirmed,
Who won the game?,unknown,,
Send the email: we hit the quarterly target,email_send,we hit the quarterly target,
Delete this chat,dm_delete,,
Take me to my inbox,navigate_email,,
Delete this conversation,dm_delete,,
Forward this message,email_forward,,
Open the email page,navigate_email,,
Draft an email about the security update,email_compose,the security update,
make Quarterly earnings are up 10%. into underlined,underline,Quarterly earnings are up 10%.,
Set Today is a beautiful day. to italic,italic,Today is a beautiful day.,
Find conversations about Q3 results,dm_search,Q3 results,
Go to chat,navigate_dm,,
make the ticket is closed to italic,italic,the ticket is closed,
Begin a new email regarding Q3 results,email_compose,Q3 results,
Remove this message,dm_delete,,
Find emails about customer onboarding,email_search,customer onboarding,
Send it,unknown,,
"Delete ""Conclusion""",search_delete,Conclusion,
Search messages for Google,dm_search,Google,
"Send this email, the body is let's sync after the meeting",email_send,let's sync after the meeting,
Find the chat about Amazon,dm_search,Amazon,
Delete this thread,dm_delete,,
What relationship risks should I flag,ai_refine,what relationship risks should I flag,relationship sensitivities
Send a chat message: can you review my PR,dm_send,can you review my PR,
Look up chats about customer onboarding,dm_search,customer onboarding,
make customer experience to bold,bold,customer experience,
Send a message saying the client call is confirmed,dm_send,the client call is confirmed,
Please remove customer relationship management,search_delete,customer relationship management,
Highlight the most significant priority meeting objectives to discuss,ai_refine,highlight the most significant,key meeting objectives
Mark everything as read,unknown,,
Send it and say the deploy is scheduled for tonight,email_send,the deploy is scheduled for tonight,
Who won the game?,unknown,,
Add more detail and supporting context to latest relationship developments,ai_refine,add more detail and supporting context,recent relationship developments
Turn the important items into discussion points,ai_refine,turn the important items into discussion points,discussion points
Send it,unknown,,
Start a new email with the subject meeting notes,email_compose,meeting notes,
Forward this email to someone,email_forward,,
Write an email about Q3 results,email_compose,Q3 results,
make Microsoft into underlined,underline,Microsoft,
Find the chat about Apple,dm_search,Apple,
Open my messages,navigate_dm,,
make in the meantime to underlined,underline,in the meantime,
Take me to my inbox,navigate_email,,
set good afternoon to bolded,bold,good afternoon,
Set instead of it to underlined,underline,instead of it,
Begin a new email regarding customer onboarding,email_compose,customer onboarding,
Write a new email titled budget approval,email_compose,budget approval,
Go to email,navigate_email,,
Reply to this email: lunch at noon,email_reply,lunch at noon,
set the API key to bolded,bold,the API key,
Throw this email away,email_delete,,
Highlight the key items in recent relationship developments,ai_refine,highlight the key items,recent relationship developments
"Underline ""have a nice day""",underline,have a nice day,
Look up chats about Amazon,dm_search,Amazon,
make the client is happy to bold,bold,the client is happy,
Start a new email with the subject contract renewal,email_compose,contract renewal,
Archive this thread,unknown,,
Open my messages,navigate_dm,,
What are the main points we should discuss,ai_refine,what are the main points we should discuss,discussion points
Type and send the deploy is scheduled for tonight,dm_send,the deploy is scheduled for tonight,
Look up emails about annual report,email_search,annual report,
Open my email,navigate_email,,
Forward this email,email_forward,,
New email about the annual report,email_compose,the annual report,
Italicize the API key,italic,the API key,
What time is it?,unknown,,
make great job italic,italic,great job,
Say the build is green,dm_send,the build is green,
Set good afternoon to bold,bold,good afternoon,
make these to underlined,underline,these,
Answer with the deploy is scheduled for tonight,dm_reply,the deploy is scheduled for tonight,
make nice to meet you into italic,italic,nice to meet you,
Add more detail and supporting context to most significant pipeline deals,ai_refine,add more detail and supporting context,pipeline deals
Reply to this email: I'll be late today,email_reply,I'll be late today,
Delete the last sentence,prev_sentence_delete,,
Remove the previous sentence,prev_sentence_delete,,
Make for now italic,italic,for now,
Open my messages,navigate_dm,,
Please remove annual report,search_delete,annual report,
Search my inbox for important information,email_search,important information,
Show me emails about important information,email_search,important information,
Flag the main risks in latest relationship developments,ai_refine,flag the main risks,recent relationship developments
Delete this chat,dm_delete,,
Compose an email with the subject the project plan,email_compose,the project plan,
Send it,unknown,,
Add useful context to key deals in the pipeline,ai_refine,add useful context,pipeline deals
Find emails about customer experience,email_search,customer experience,
List any pending issues or complaints from this client,ai_refine,list any pending issues or complaints from this client,relationship sensitivities
Throw this email away,email_delete,,
Remove the chat,dm_delete,,
Draft an email about the annual report,email_compose,the annual report,
make The quick brown fox jumps over the lazy dog. bold,bold,The quick brown fox jumps over the lazy dog.,
Trash this email,email_delete,,
Delete this email,email_delete,,
Answer this email with standup moved to 10am,email_reply,standup moved to 10am,
Identify the most important points in most significant pipeline deals,ai_refine,identify the most important points,pipeline deals
Trash this chat,dm_delete,,
Send it and say I'll be late today,email_send,I'll be late today,
Finish and send with the text standup moved to 10am,email_send,standup moved to 10am,
Navigate to email,navigate_email,,
Delete the phrase Introduction,search_delete,Introduction,
Write I'll be late today,dm_send,I'll be late today,
Forward this email,email_forward,,
set financial report to bolded,bold,financial report,
Post the message the report is ready,dm_send,the report is ready,
Please remove annual report,search_delete,annual report,
Trash this chat,dm_delete,,
Take me to my DMs,navigate_dm,,
Delete the current email,email_delete,,
Throw this email away,email_delete,,
set long time no see to bolded,bold,long time no see,
Send the email with the message the build is green,email_send,the build is green,
Add useful context to meeting objectives,ai_refine,add useful context,key meeting objectives
Remove the previous sentence,prev_sentence_delete,,
make Customer onboarding is complete. bold,bold,Customer onboarding is complete.,
Type and send I'll be late today,dm_send,I'll be late today,
Find the email about annual report,email_search,annual report,
Set have a nice day to bold,bold,have a nice day,
New email about the sprint review,email_compose,the sprint review,
Highlight recent relationship developments for discussion points,ai_refine,highlight recent relationship developments,discussion points
Identify the most important points in recent client developments,ai_refine,identify the most important points,recent relationship developments
Forward this email,email_forward,,
Find the email about customer onboarding,email_search,customer onboarding,
"Make ""the customer list"" bold",bold,the customer list,
Set Welcome to the meeting to underlined,underline,Welcome to the meeting,
Write The quick brown fox jumps over the lazy dog.,add_text,The quick brown fox jumps over the lazy dog.,
Apply underline to Today is a beautiful day.,underline,Today is a beautiful day.,
Find conversations about financial report,dm_search,financial report,
Reply to the email: let's sync after the meeting,email_reply,let's sync after the meeting,
Make key discussion points more concise and impactful,ai_refine,make more concise and impactful,discussion points
Delete this message,email_delete,,
Open the messenger,navigate_dm,,
Make in place of this italic,italic,in place of this,
"Send this email, the body is the deploy is scheduled for tonight",email_send,the deploy is scheduled for tonight,
Trash this email,email_delete,,
Forward this email to someone,email_forward,,
Reply to this email saying the report is ready,email_reply,the report is ready,
Reply to this email: the server is back up,email_reply,the server is back up,
Trash this chat,dm_delete,,
Say we hit the quarterly target,dm_send,we hit the quarterly target,
Delete the previous sentence,prev_sentence_delete,,
"Make ""nice to meet you"" italic",italic,nice to meet you,
Delete the last sentence,prev_sentence_delete,,
Turn latest relationship developments into clear talking points,ai_refine,turn into clear talking points,recent relationship developments
Delete the current email,email_delete,,
Write an email about contract renewal,email_compose,contract renewal,
Can you open email for me?,navigate_email,,
List any pending issues or complaints from this client,ai_refine,list any pending issues or complaints from this client,relationship sensitivities
Trash this chat,dm_delete,,
Send it,unknown,,
Remove the previous sentence,prev_sentence_delete,,
Trash this chat,dm_delete,,
Answer with please update the ticket,dm_reply,please update the ticket,
Add useful context to priority meeting objectives,ai_refine,add useful context,key meeting objectives
Look up chats about machine learning,dm_search,machine learning,
Take me to my inbox,navigate_email,,
Open the chat page,navigate_dm,,
"Delete ""customer relationship management""",search_delete,customer relationship management,
Add useful context to relationship sensitivities,ai_refine,add useful context,relationship sensitivities
set important information to bolded,bold,important information,
Open my email,navigate_email,,
Make what's up bold,bold,what's up,
Remove the chat,dm_delete,,
set the security patch to italicized,italic,the security patch,
Remove the previous sentence,prev_sentence_delete,,
Trash this chat,dm_delete,,
Go to email,navigate_email,,
Send this email saying the client call is confirmed,email_send,the client call is confirmed,
Turn priority meeting objectives into clear talking points,ai_refine,turn into clear talking points,key meeting objectives
Show me emails about Q3 results,email_search,Q3 results,
Can you open chat for me?,navigate_dm,,
Mark everything as read,unknown,,
Send this email saying we hit the quarterly target,email_send,we hit the quarterly target,
make the final report into bold,bold,the final report,
Summarize the key points of main meeting objectives,ai_refine,summarize the key points,key meeting objectives
Good morning everyone,add_text,Good morning everyone,
Answer this email with the deploy is scheduled for tonight,email_reply,the deploy is scheduled for tonight,
Make Amazon bold,bold,Amazon,
What are the main points we should discuss,ai_refine,what are the main points we should discuss,discussion points
Answer this email with I'll be late today,email_reply,I'll be late today,
Highlight recent relationship developments,ai_refine,highlight recent relationship developments,recent relationship developments
Go to chat,navigate_dm,,
Search my inbox for project plan,email_search,project plan,
Set Today is a beautiful day. to italic,italic,Today is a beautiful day.,
Highlight the key items in main meeting objectives,ai_refine,highlight the key items,key meeting objectives
Send can you review my PR,dm_send,can you review my PR,
make artificial intelligence italic,italic,artificial intelligence,
Underline Introduction,underline,Introduction,
Please remove Introduction,search_delete,Introduction,
Send the email: the server is back up,email_send,the server is back up,
make The project starts tomorrow. into bold,bold,The project starts tomorrow.,
Delete Introduction,search_delete,Introduction,
set take care to bolded,bold,take care,
Set it to bold,bold,it,
"Underline ""see you tomorrow""",underline,see you tomorrow,
Open the chat page,navigate_dm,,
Send a reply saying the report is ready,dm_reply,the report is ready,
Write the server is back up,dm_send,the server is back up,
Search messages for Apple,dm_search,Apple,
Rewrite key meeting objectives to be more concise,ai_refine,rewrite to be more concise,key meeting objectives
Rewrite relationship sensitivities to be more concise,ai_refine,rewrite to be more concise,relationship sensitivities
Highlight the most significant pipeline deals to discuss,ai_refine,highlight the most significant,pipeline deals
Set the bug is fixed to italic,italic,the bug is fixed,
Turn priority pipeline deals into clear talking points,ai_refine,turn into clear talking points,pipeline deals
Please remove Introduction,search_delete,Introduction,
List any pending issues or complaints from this client,ai_refine,list any pending issues or complaints from this client,relationship sensitivities
Finish and send with the text I'll be late today,email_send,I'll be late today,
"Delete ""Conclusion""",search_delete,Conclusion,
Draft an email about customer onboarding,email_compose,customer onboarding,
make hello world into italic,italic,hello world,
Delete the previous sentence,prev_sentence_delete,,
Switch to messages,navigate_dm,,
set at the end of it to underline,underline,at the end of it,
Send this email on,email_forward,,
Forward the current email,email_forward,,
Please write Hello everyone,add_text,Hello everyone,
Send a reply saying the report is ready,dm_reply,the report is ready,
Put Quarterly earnings are up 10%. into the document,add_text,Quarterly earnings are up 10%.,
Write Today is a beautiful day.,add_text,Today is a beautiful day.,
Reply saying I'll be late today,dm_reply,I'll be late today,
Remove this message,dm_delete,,
Good morning everyone,add_text,Good morning everyone,
Search my inbox for financial report,email_search,financial report,
What's on my calendar?,unknown,,
Put Please review this document. into the document,add_text,Please review this document.,
make thank you to italic,italic,thank you,
Please make next steps bold,bold,next steps,
Open the email page,navigate_email,,
Delete this conversation,dm_delete,,
Delete the previous sentence,prev_sentence_delete,,
Answer this email with the deploy is scheduled for tonight,email_reply,the deploy is scheduled for tonight,
Open my inbox,navigate_email,,
Delete the last sentence,prev_sentence_delete,,
Search my DMs for annual report,dm_search,annual report,
Open my messages,navigate_dm,,
make Please review this document. into bold,bold,Please review this document.,
Go to email,navigate_email,,
Trash this email,email_delete,,
Show me my chats,navigate_dm,,
Show me my chats,navigate_dm,,
Search my email for artificial intelligence,email_search,artificial intelligence,
Rewrite pipeline deals to be more concise,ai_refine,rewrite to be more concise,pipeline deals
"Make ""important information"" bold",bold,important information,
Write an email about the sprint review,email_compose,the sprint review,
Delete the previous sentence,prev_sentence_delete,,
set the client is happy to italicized,italic,the client is happy,
Compose an email with the subject the project plan,email_compose,the project plan,
Delete the last sentence,prev_sentence_delete,,
set hello world to underline,underline,hello world,
Send the email: the report is ready,email_send,the report is ready,
"Send this email, the body is the client call is confirmed",email_send,the client call is confirmed,
set at the end of it to bolded,bold,at the end of it,
Say standup moved to 10am,dm_send,standup moved to 10am,
make in place of that into italic,italic,in place of that,
What are the key relationship risks to flag,ai_refine,what are the key relationship risks to flag,relationship sensitivities
Type and send the deploy is scheduled for tonight,dm_send,the deploy is scheduled for tonight,
Trash this email,email_delete,,
Send the build is green,dm_send,the build is green,
Delete this message,email_delete,,
Send a reply saying please update the ticket,dm_reply,please update the ticket,
underline great job,underline,great job,
Send a reply saying the client call is confirmed,dm_reply,the client call is confirmed,
underline meeting notes,underline,meeting notes,
Can you open chat for me?,navigate_dm,,
Type Hello everyone,add_text,Hello everyone,
Erase meeting notes,search_delete,meeting notes,
Search my DMs for annual report,dm_search,annual report,
Underline the security patch,underline,the security patch,
Finish and send with the text the server is back up,email_send,the server is back up,
Delete the phrase important information,search_delete,important information,
Find emails about Google,email_search,Google,
Open my inbox,navigate_email,,
Please make what's up bold,bold,what's up,
Show me my chats,navigate_dm,,
Rewrite points for discussion to be more concise,ai_refine,rewrite to be more concise,discussion points
Delete the current email,email_delete,,
Delete the last sentence,prev_sentence_delete,,
Reply with we hit the quarterly target,dm_reply,we hit the quarterly target,
make Hello everyone into italic,italic,Hello everyone,
Delete customer experience,search_delete,customer experience,
Rewrite recent client relationship changes to be more concise,ai_refine,rewrite to be more concise,recent relationship developments
Which pipeline deals should we prioritise,ai_refine,which pipeline deals should we prioritise,pipeline deals
Reply saying can you review my PR,dm_reply,can you review my PR,
Remove this email,email_delete,,
Underline see you soon,underline,see you soon,
Delete this thread,dm_delete,,
Switch to messages,navigate_dm,,
Add useful context to most significant pipeline deals,ai_refine,add useful context,pipeline deals
set in the meantime to underline,underline,in the meantime,
Remove this email,email_delete,,
Highlight the most significant recent client relationship changes to discuss,ai_refine,highlight the most significant,recent relationship developments
Make for now bold,bold,for now,
Delete Microsoft,search_delete,Microsoft,
Write Hello everyone,add_text,Hello everyone,
Write a new email titled customer onboarding,email_compose,customer onboarding,
Search messages for Apple,dm_search,Apple,
Bold the final report,bold,the final report,
Forward this email,email_forward,,
Answer with let's sync after the meeting,dm_reply,let's sync after the meeting,
Move this email to trash,email_delete,,
Please make Please review this document. bold,bold,Please review this document.,
Reply to this email: the deploy is scheduled for tonight,email_reply,the deploy is scheduled for tonight,
Set machine learning to underlined,underline,machine learning,
Delete the previous sentence,prev_sentence_delete,,
Answer this email with standup moved to 10am,email_reply,standup moved to 10am,
"Send this email, the body is the deploy is scheduled for tonight",email_send,the deploy is scheduled for tonight,
Underline Customer onboarding is complete.,underline,Customer onboarding is complete.,
Open the messenger,navigate_dm,,
Switch to email,navigate_email,,
set the build is green to underline,underline,the build is green,
Send the deploy is scheduled for tonight,dm_send,the deploy is scheduled for tonight,
Underline the build is green,underline,the build is green,
Italicize take care,italic,take care,
Tell me a joke,unknown,,
Reply saying please update the ticket,dm_reply,please update the ticket,
Go to chat,navigate_dm,,
Search for Q3 results in my inbox,email_search,Q3 results,
Can you open chat for me?,navigate_dm,,
make customer onboarding to bold,bold,customer onboarding,
Italicize Q3 results,italic,Q3 results,
Set for now to underlined,underline,for now,
Apply underline to at the end of it,underline,at the end of it,
Remove the previous sentence,prev_sentence_delete,,
Open my email,navigate_email,,
make the security patch into bold,bold,the security patch,
Put This is a sample document into the document,add_text,This is a sample document,
Please underline how are you,underline,how are you,
make on top of it into underlined,underline,on top of it,
make welcome aboard into italic,italic,welcome aboard,
"Send this email, the body is can you review my PR",email_send,can you review my PR,
Reply with we hit the quarterly target,email_reply,we hit the quarterly target,
Please make well done bold,bold,well done,
Trash this email,email_delete,,
Compose an email about the security update,email_compose,the security update,
Remove the chat,dm_delete,,
Reply to this message: the report is ready,dm_reply,the report is ready,
make at the end of it bold,bold,at the end of it,
Type and send can you review my PR,dm_send,can you review my PR,
Reply to the email: standup moved to 10am,email_reply,standup moved to 10am,
Reply with can you review my PR,email_reply,can you review my PR,
"Underline ""instead of it""",underline,instead of it,
Take me to my DMs,navigate_dm,,
make Machine learning is useful. into italic,italic,Machine learning is useful.,
Begin a new email regarding the sprint review,email_compose,the sprint review,
Write a new email titled customer onboarding,email_compose,customer onboarding,
Delete this chat,dm_delete,,
Open my messages,navigate_dm,,
Show me my chats,navigate_dm,,
Strengthen priority meeting objectives with clearer wording,ai_refine,strengthen with clearer wording,key meeting objectives
"Send this email, the body is the server is back up",email_send,the server is back up,
Send this email on,email_forward,,
Search my email for meeting notes,email_search,meeting notes,
Please write Good morning everyone,add_text,Good morning everyone,
underline the pricing table,underline,the pricing table,
"Underline ""good morning""",underline,good morning,
make Q3 results to bold,bold,Q3 results,
Can you open email for me?,navigate_email,,
Identify the most important points in key meeting objectives,ai_refine,identify the most important points,key meeting objectives
make on the other hand italic,italic,on the other hand,
Search my inbox for Q3 results,email_search,Q3 results,
Please underline great job,underline,great job,
make well done bold,bold,well done,
make customer relationship management into italic,italic,customer relationship management,
Forward this email to someone,email_forward,,
Write an email about roadmap planning,email_compose,roadmap planning,
Write a new email titled roadmap planning,email_compose,roadmap planning,
Delete the current conversation,dm_delete,,
Who won the game?,unknown,,
Add Hello everyone,add_text,Hello everyone,
Take me to my inbox,navigate_email,,
Forward this email,email_forward,,
set important information to italicized,italic,important information,
make Microsoft into italic,italic,Microsoft,
Summarize the key points of client relationship risks,ai_refine,summarize the key points,relationship sensitivities
Open the chat page,navigate_dm,,
Who won the game?,unknown,,
What should we prioritise for the meeting,ai_refine,what should we prioritise for the meeting,key meeting objectives
Please make the client is happy bold,bold,the client is happy,
Summarise the key points of high-value pipeline opportunities,ai_refine,summarise the key points,pipeline deals
Bold The quick brown fox jumps over the lazy dog.,bold,The quick brown fox jumps over the lazy dog.,
Please make how have you been bold,bold,how have you been,
Please write Please review this document.,add_text,Please review this document.,
Summarise the key points of high-value pipeline opportunities,ai_refine,summarise the key points,pipeline deals
"Delete ""Q3 results""",search_delete,Q3 results,
Remove the previous sentence,prev_sentence_delete,,
make Please review this document. bold,bold,Please review this document.,
Open my email,navigate_email,,
Add useful context to client relationship risks,ai_refine,add useful context,relationship sensitivities
Please underline take care,underline,take care,
underline good afternoon,underline,good afternoon,
Find the email about deep learning,email_search,deep learning,
"Make ""deep learning"" italic",italic,deep learning,
make meeting notes to underlined,underline,meeting notes,
Send this message: lunch at noon,dm_send,lunch at noon,
Find the email about Microsoft,email_search,Microsoft,
Set take care to underlined,underline,take care,
Send this email on,email_forward,,
"Make ""the onboarding flow"" italic",italic,the onboarding flow,
Delete this message,email_delete,,
Reply with I'll be late today,email_reply,I'll be late today,
Apply underline to for now,underline,for now,
underline the customer list,underline,the customer list,
Reply to this message: the report is ready,dm_reply,the report is ready,
Reply with the build is green,dm_reply,the build is green,
Delete this email,email_delete,,
"Make ""how was your day"" italic",italic,how was your day,
Post the message can you review my PR,dm_send,can you review my PR,
Flag the main risks in recent relationship developments,ai_refine,flag the main risks,recent relationship developments
make how are you to italic,italic,how are you,
Remove the chat,dm_delete,,
Take me to my inbox,navigate_email,,
make great job to italic,italic,great job,
"Make ""in place of that"" bold",bold,in place of that,
Summarize the key points of client relationship risks,ai_refine,summarize the key points,relationship sensitivities
Search for machine learning in my inbox,email_search,machine learning,
Search for machine learning in my inbox,email_search,machine learning,
Please underline good morning,underline,good morning,
What are the key relationship risks to flag,ai_refine,what are the key relationship risks to flag,relationship sensitivities
Summarise the key points of relationship sensitivities,ai_refine,summarise the key points,relationship sensitivities
Set the roadmap to italic,italic,the roadmap,
Type Customer onboarding is complete.,add_text,Customer onboarding is complete.,
Delete the previous sentence,prev_sentence_delete,,
Delete the last sentence,prev_sentence_delete,,
Remove this message,dm_delete,,
What has changed recently in the client relationship,ai_refine,what has changed recently in the client relationship,recent relationship developments
Go to email,navigate_email,,
"Make ""it"" italic",italic,it,
set Introduction to bolded,bold,Introduction,
set the deploy is ready to italicized,italic,the deploy is ready,
Look up emails about Microsoft,email_search,Microsoft,
Delete this thread,dm_delete,,
set Machine learning is useful. to underline,underline,Machine learning is useful.,
Insert Today is a beautiful day.,add_text,Today is a beautiful day.,
Please remove artificial intelligence,search_delete,artificial intelligence,
"Make ""customer onboarding"" bold",bold,customer onboarding,
make in other words into underlined,underline,in other words,
make hello everyone bold,bold,hello everyone,
Trash this chat,dm_delete,,
Please remove Apple,search_delete,Apple,
Summarize the key points of key meeting objectives,ai_refine,summarize the key points,key meeting objectives
Show me chats about annual report,dm_search,annual report,
Highlight the most significant client relationship risks to discuss,ai_refine,highlight the most significant,relationship sensitivities
Summarise what we need to achieve in the meeting,ai_refine,summarise what we need to achieve in the meeting,key meeting objectives
Find the email about Conclusion,email_search,Conclusion,
Send the email saying the build is green,email_send,the build is green,
Write a new email titled meeting notes,email_compose,meeting notes,
Answer this email with the build is green,email_reply,the build is green,
Delete this email,email_delete,,
Apply underline to we shipped the release,underline,we shipped the release,
Apply underline to Amazon,underline,Amazon,
Search my email for customer onboarding,email_search,customer onboarding,
Reply to the email: I'll be late today,email_reply,I'll be late today,
Highlight the key items in latest relationship developments,ai_refine,highlight the key items,recent relationship developments
Erase customer relationship management,search_delete,customer relationship management,
Highlight recent relationship developments for discussion points,ai_refine,highlight recent relationship developments,discussion points
Say can you review my PR,dm_send,can you review my PR,
make nice to meet you into italic,italic,nice to meet you,
Add Quarterly earnings are up 10%.,add_text,Quarterly earnings are up 10%.,
Delete the previous sentence,prev_sentence_delete,,
Search my DMs for Google,dm_search,Google,
Add Good morning everyone,add_text,Good morning everyone,
Forward this email to someone,email_forward,,
Respond to this email with please update the ticket,email_reply,please update the ticket,
Open the chat page,navigate_dm,,
Forward it,email_forward,,
Search messages for annual report,dm_search,annual report,
List any pending issues or complaints from this client,ai_refine,list any pending issues or complaints from this client,relationship sensitivities
Search my DMs for financial report,dm_search,financial report,
Search messages for important information,dm_search,important information,
make Machine learning is useful. into italic,italic,Machine learning is useful.,
Delete Conclusion,search_delete,Conclusion,
Flag the main risks in high-value pipeline opportunities,ai_refine,flag the main risks,pipeline deals
Highlight the most significant recent relationship developments to discuss,ai_refine,highlight the most significant,recent relationship developments
Take me to my DMs,navigate_dm,,
Send a chat message: I'll be late today,dm_send,I'll be late today,
What should we prioritise for the meeting,ai_refine,what should we prioritise for the meeting,key meeting objectives
What is the weather today?,unknown,,
Delete Apple,search_delete,Apple,
"Make ""customer relationship management"" italic",italic,customer relationship management,
Archive this thread,unknown,,
Delete it,unknown,,
Send a reply saying the deploy is scheduled for tonight,email_reply,the deploy is scheduled for tonight,
Open my email,navigate_email,,
make on top of it bold,bold,on top of it,
What should we prioritise for the meeting,ai_refine,what should we prioritise for the meeting,key meeting objectives
Set hello world to italic,italic,hello world,
Throw this email away,email_delete,,
"Delete ""machine learning""",search_delete,machine learning,
Open the chat page,navigate_dm,,
Throw this email away,email_delete,,
set hello world to bolded,bold,hello world,
Delete this conversation,dm_delete,,
Write an email about Q3 results,email_compose,Q3 results,
Make key deals in the pipeline more concise and impactful,ai_refine,make more concise and impactful,pipeline deals
Search my email for Google,email_search,Google,
Write a new email titled roadmap planning,email_compose,roadmap planning,
Make Today is a beautiful day. italic,italic,Today is a beautiful day.,
Remove this message,dm_delete,,
Bold This is a sample document,bold,This is a sample document,
set instead of it to bolded,bold,instead of it,
"Send this email, the body is the server is back up",email_send,the server is back up,
make them to italic,italic,them,
Make Introduction italic,italic,Introduction,
Mark everything as read,unknown,,
Summarize the key points of high-value pipeline opportunities,ai_refine,summarize the key points,pipeline deals
Send please update the ticket,dm_send,please update the ticket,
Please underline hello world,underline,hello world,
Respond to this email with the client call is confirmed,email_reply,the client call is confirmed,
Erase Microsoft,search_delete,Microsoft,
underline in place of it,underline,in place of it,
Send the email saying let's sync after the meeting,email_send,let's sync after the meeting,
Respond with lunch at noon,dm_reply,lunch at noon,
Search my chats for Microsoft,dm_search,Microsoft,
Find the email about Google,email_search,Google,
Add useful context to meeting objectives,ai_refine,add useful context,key meeting objectives
Search my email for machine learning,email_search,machine learning,
Type and send the build is green,dm_send,the build is green,
Reply to this chat with please update the ticket,dm_reply,please update the ticket,
make the onboarding flow italic,italic,the onboarding flow,
set the final report to italicized,italic,the final report,
"Make ""on the other hand"" italic",italic,on the other hand,
Please make have a nice day italic,italic,have a nice day,
"Underline ""keep it up""",underline,keep it up,
Add useful context to priority meeting objectives,ai_refine,add useful context,key meeting objectives
Archive this thread,unknown,,
Flag any unresolved client concerns,ai_refine,flag any unresolved client concerns,relationship sensitivities
Search messages for customer relationship management,dm_search,customer relationship management,
Bold instead of it,bold,instead of it,
make Introduction into italic,italic,Introduction,
Highlight the key items in recent client relationship changes,ai_refine,highlight the key items,recent relationship developments
Erase deep learning,search_delete,deep learning,
Find emails about Amazon,email_search,Amazon,
Delete meeting notes,search_delete,meeting notes,
Italicize see you soon,italic,see you soon,
make good afternoon bold,bold,good afternoon,
make how was your day to underlined,underline,how was your day,
Begin a new email regarding the annual report,email_compose,the annual report,
Search my chats for Introduction,dm_search,Introduction,
Set important information to bold,bold,important information,
Can you open email for me?,navigate_email,,
Apply underline to at the end of it,underline,at the end of it,
Please remove meeting notes,search_delete,meeting notes,
Forward it,email_forward,,
Remove this message,dm_delete,,
Reply with standup moved to 10am,email_reply,standup moved to 10am,
Make topics to discuss more concise and impactful,ai_refine,make more concise and impactful,discussion points
Start a new email with the subject budget approval,email_compose,budget approval,
make at the end of it into underlined,underline,at the end of it,
Make Welcome to the meeting italic,italic,Welcome to the meeting,
Bold hello everyone,bold,hello everyone,
Schedule a meeting,unknown,,
Make the quarterly review bold,bold,the quarterly review,
"Send this email, the body is lunch at noon",email_send,lunch at noon,
Tell me a joke,unknown,,
Reply with the client call is confirmed,dm_reply,the client call is confirmed,
Send a message saying let's sync after the meeting,dm_send,let's sync after the meeting,
Finish and send with the text I'll be late today,email_send,I'll be late today,
make how's it going to italic,italic,how's it going,
Remove this message,dm_delete,,
Underline how was your day,underline,how was your day,
Apply underline to Apple,underline,Apple,
Summarize the key points of new relationship developments,ai_refine,summarize the key points,recent relationship developments
Find the email about customer relationship management,email_search,customer relationship management,
Show me chats about machine learning,dm_search,machine learning,
Remove this email,email_delete,,
Make recent client developments more concise and impactful,ai_refine,make more concise and impactful,recent relationship developments
Italicize Please review this document.,italic,Please review this document.,
Set deep learning to bold,bold,deep learning,
Make this section more concise and impactful for key discussion points,ai_refine,make this section more concise and impactful,discussion points
Send the email with the message standup moved to 10am,email_send,standup moved to 10am,
Bold this is urgent,bold,this is urgent,
Message saying standup moved to 10am,dm_send,standup moved to 10am,
Throw this email away,email_delete,,
Reply to this email saying let's sync after the meeting,email_reply,let's sync after the meeting,
Take me to my inbox,navigate_email,,
Delete this message,email_delete,,
What's on my calendar?,unknown,,
Reply with let's sync after the meeting,dm_reply,let's sync after the meeting,
Send it and say can you review my PR,email_send,can you review my PR,
Find the email about Apple,email_search,Apple,
Highlight the most significant new relationship developments to discuss,ai_refine,highlight the most significant,recent relationship developments
Finish and send with the text the deploy is scheduled for tonight,email_send,the deploy is scheduled for tonight,
make see you soon to underlined,underline,see you soon,
Delete this conversation,dm_delete,,
What time is it?,unknown,,
Bold it,bold,it,
Send the email with the message the deploy is scheduled for tonight,email_send,the deploy is scheduled for tonight,
Send a reply saying lunch at noon,dm_reply,lunch at noon,
make the onboarding flow to underlined,underline,the onboarding flow,
set you're welcome to italicized,italic,you're welcome,
Put Today is a beautiful day. into the document,add_text,Today is a beautiful day.,
Italicize Today is a beautiful day.,italic,Today is a beautiful day.,
make please review this into underlined,underline,please review this,
Search for project plan in my inbox,email_search,project plan,
Remove this email,email_delete,,
Throw this email away,email_delete,,
Identify the most important points in new relationship developments,ai_refine,identify the most important points,recent relationship developments
What are the main points we should discuss,ai_refine,what are the main points we should discuss,discussion points
Tell me a joke,unknown,,
Search my email for artificial intelligence,email_search,artificial intelligence,
"Underline ""the deploy is ready""",underline,the deploy is ready,
make the deadline is friday to underlined,underline,the deadline is friday,
"Underline ""The project starts tomorrow.""",underline,The project starts tomorrow.,
Delete the last sentence,prev_sentence_delete,,
Unsend that,unknown,,
Forward it,email_forward,,
make Please review this document. bold,bold,Please review this document.,
Set Introduction to italic,italic,Introduction,
Remove the previous sentence,prev_sentence_delete,,
Remove this message,dm_delete,,
Forward this message,email_forward,,
Can you open email for me?,navigate_email,,
Search my chats for Microsoft,dm_search,Microsoft,
Please underline good evening,underline,good evening,
Show me chats about deep learning,dm_search,deep learning,
Show me chats about financial report,dm_search,financial report,
Respond to this email with the build is green,email_reply,the build is green,
Send a reply saying we hit the quarterly target,email_reply,we hit the quarterly target,
Delete this message,email_delete,,
make in place of it to bold,bold,in place of it,
Take me to my DMs,navigate_dm,,
Add Good morning everyone,add_text,Good morning everyone,
Answer with the deploy is scheduled for tonight,dm_reply,the deploy is scheduled for tonight,
Send the email: lunch at noon,email_send,lunch at noon,
Forward it,email_forward,,
Highlight the most significant pipeline deals to discuss,ai_refine,highlight the most significant,pipeline deals
Set in other words to italic,italic,in other words,
make the server is down to underlined,underline,the server is down,
Forward this email,email_forward,,
Send a reply saying the report is ready,email_reply,the report is ready,
Open the chat page,navigate_dm,,
Draft an email about contract renewal,email_compose,contract renewal,
Delete this conversation,dm_delete,,
Compose an email with the subject budget approval,email_compose,budget approval,
Remove the previous sentence,prev_sentence_delete,,
Set Quarterly earnings are up 10%. to bold,bold,Quarterly earnings are up 10%.,
What are the key relationship risks to flag,ai_refine,what are the key relationship risks to flag,relationship sensitivities
Answer this email with please update the ticket,email_reply,please update the ticket,
Summarise what we need to achieve in the meeting,ai_refine,summarise what we need to achieve in the meeting,key meeting objectives
Archive this thread,unknown,,
Take me to my inbox,navigate_email,,
Reply with can you review my PR,email_reply,can you review my PR,
Reply saying let's sync after the meeting,dm_reply,let's sync after the meeting,
set as well as it to underline,underline,as well as it,
set Google to bolded,bold,Google,
"Make ""the client is happy"" italic",italic,the client is happy,
Forward this email,email_forward,,
Reply to this message: the server is back up,dm_reply,the server is back up,
Remove this email,email_delete,,
Remove this email,email_delete,,
Summarise the key points of relationship sensitivities,ai_refine,summarise the key points,relationship sensitivities
make this is urgent into bold,bold,this is urgent,
"Send this email, the body is please update the ticket",email_send,please update the ticket,
Forward this email to someone,email_forward,,
make good evening into italic,italic,good evening,
Delete this thread,dm_delete,,
make good night to bold,bold,good night,
Delete this chat,dm_delete,,
Make Q3 results italic,italic,Q3 results,
Delete the last sentence,prev_sentence_delete,,
Tell me a joke,unknown,,
Search my DMs for Google,dm_search,Google,
Italicize in other words,italic,in other words,
Send it and say I'll be late today,email_send,I'll be late today,
Set Conclusion to bold,bold,Conclusion,
set The quick brown fox jumps over the lazy dog. to underline,underline,The quick brown fox jumps over the lazy dog.,
Finish and send with the text the deploy is scheduled for tonight,email_send,the deploy is scheduled for tonight,
Delete the phrase Introduction,search_delete,Introduction,
Make good night italic,italic,good night,
Please underline in place of that,underline,in place of that,
"Make ""it"" bold",bold,it,
Delete the current conversation,dm_delete,,
Look up emails about Microsoft,email_search,Microsoft,
Compose an email about the annual report,email_compose,the annual report,
Delete this message,email_delete,,
Bold the deploy is ready,bold,the deploy is ready,
Answer with we hit the quarterly target,dm_reply,we hit the quarterly target,
Delete the last sentence,prev_sentence_delete,,
Go to email,navigate_email,,
Compose an email about the security update,email_compose,the security update,
Delete the previous sentence,prev_sentence_delete,,
Start a new email with the subject the sprint review,email_compose,the sprint review,
Delete the last sentence,prev_sentence_delete,,
make what's up to italic,italic,what's up,
Reply to this email saying we hit the quarterly target,email_reply,we hit the quarterly target,
set the customer list to italicized,italic,the customer list,
Book a table for two,unknown,,
Please make machine learning italic,italic,machine learning,
Look up emails about customer relationship management,email_search,customer relationship management,
Answer this email with can you review my PR,email_reply,can you review my PR,
set customer experience to bolded,bold,customer experience,
Turn recent client relationship changes into clear talking points,ai_refine,turn into clear talking points,recent relationship developments
Write a new email titled contract renewal,email_compose,contract renewal,
make we shipped the release bold,bold,we shipped the release,
make Conclusion into italic,italic,Conclusion,
set Please review this document. to italicized,italic,Please review this document.,
Call dave,unknown,,
Can you open email for me?,navigate_email,,
Write an email about the security update,email_compose,the security update,
set you're welcome to underline,underline,you're welcome,
Delete the previous sentence,prev_sentence_delete,,
Search for Google in my inbox,email_search,Google,
Bold in front of it,bold,in front of it,
Type and send let's sync after the meeting,dm_send,let's sync after the meeting,
Search my chats for Introduction,dm_search,Introduction,
Make them italic,italic,them,
Make this section more concise and impactful for new relationship developments,ai_refine,make this section more concise and impactful,recent relationship developments
Can you open chat for me?,navigate_dm,,
Send a reply saying please update the ticket,email_reply,please update the ticket,
Make welcome aboard bold,bold,welcome aboard,
Flag the main risks in sensitive relationship issues,ai_refine,flag the main risks,relationship sensitivities
Begin a new email regarding the sprint review,email_compose,the sprint review,
"Underline ""the final report""",underline,the final report,
Search messages for customer onboarding,dm_search,customer onboarding,
Set great job to italic,italic,great job,
Forward this email to someone,email_forward,,
Answer this email with I'll be late today,email_reply,I'll be late today,
Move this email to trash,email_delete,,
Send it and say we hit the quarterly target,email_send,we hit the quarterly target,
Delete this email,email_delete,,
Navigate to messages,navigate_dm,,
Delete the previous sentence,prev_sentence_delete,,
What relationship risks should I flag,ai_refine,what relationship risks should I flag,relationship sensitivities
Flag any unresolved client concerns,ai_refine,flag any unresolved client concerns,relationship sensitivities
Book a table for two,unknown,,
Write a new email titled meeting notes,email_compose,meeting notes,
Identify the most important points in key deals in the pipeline,ai_refine,identify the most important points,pipeline deals
Schedule a meeting,unknown,,
Show me my chats,navigate_dm,,
Send this message: the build is green,dm_send,the build is green,
Respond to this email with the client call is confirmed,email_reply,the client call is confirmed,
Find the email about Introduction,email_search,Introduction,
Add Machine learning is useful.,add_text,Machine learning is useful.,
Delete financial report,search_delete,financial report,
Answer with lunch at noon,dm_reply,lunch at noon,
Reply with lunch at noon,email_reply,lunch at noon,
Archive this thread,unknown,,
make great job italic,italic,great job,
Compose an email with the subject the security update,email_compose,the security update,
Open my inbox,navigate_email,,
Add Customer onboarding is complete.,add_text,Customer onboarding is complete.,
Delete the last sentence,prev_sentence_delete,,
Make keep it up italic,italic,keep it up,
"Make ""the roadmap"" italic",italic,the roadmap,
Type and send we hit the quarterly target,dm_send,we hit the quarterly target,
Set Microsoft to italic,italic,Microsoft,
Highlight the most significant priority discussion topics to discuss,ai_refine,highlight the most significant,discussion points
make Machine learning is useful. into italic,italic,Machine learning is useful.,
Respond to this email with standup moved to 10am,email_reply,standup moved to 10am,
What are the key relationship risks to flag,ai_refine,what are the key relationship risks to flag,relationship sensitivities
Compose an email with the subject contract renewal,email_compose,contract renewal,
Reply to this message: the client call is confirmed,dm_reply,the client call is confirmed,
Send it and say the server is back up,email_send,the server is back up,
Book a table for two,unknown,,
Reply with the server is back up,dm_reply,the server is back up,
Send a reply saying let's sync after the meeting,email_reply,let's sync after the meeting,
What's on my calendar?,unknown,,
Find emails about artificial intelligence,email_search,artificial intelligence,
"Make ""good morning"" italic",italic,good morning,
Make instead of this bold,bold,instead of this,
Draft an email about the sprint review,email_compose,the sprint review,
Open the chat page,navigate_dm,,
Reply to the email: I'll be late today,email_reply,I'll be late today,
Bold how's it going,bold,how's it going,
Send the email: the deploy is scheduled for tonight,email_send,the deploy is scheduled for tonight,
make these to italic,italic,these,
Search my DMs for important information,dm_search,important information,
Search messages for Google,dm_search,Google,
Reply saying standup moved to 10am,dm_reply,standup moved to 10am,
"Delete ""Conclusion""",search_delete,Conclusion,
Start a new email with the subject roadmap planning,email_compose,roadmap planning,
Send this message: we hit the quarterly target,dm_send,we hit the quarterly target,
Compose an email about customer onboarding,email_compose,customer onboarding,
Delete the previous sentence,prev_sentence_delete,,
Please remove Microsoft,search_delete,Microsoft,
Send a reply saying we hit the quarterly target,email_reply,we hit the quarterly target,
Please make good night italic,italic,good night,
Underline for now,underline,for now,
Respond with the build is green,dm_reply,the build is green,
Answer this email with the deploy is scheduled for tonight,email_reply,the deploy is scheduled for tonight,
Write This is a sample document,add_text,This is a sample document,
Delete artificial intelligence,search_delete,artificial intelligence,
Make recent relationship developments more concise and impactful,ai_refine,make more concise and impactful,recent relationship developments
Send it and say the report is ready,email_send,the report is ready,
Type and send the deploy is scheduled for tonight,dm_send,the deploy is scheduled for tonight,
Turn priority meeting objectives into clear talking points,ai_refine,turn into clear talking points,key meeting objectives
Trash this chat,dm_delete,,
Make our new policy italic,italic,our new policy,
Show me my emails,navigate_email,,
Can you open email for me?,navigate_email,,
Please make at the end of it italic,italic,at the end of it,
Delete this conversation,dm_delete,,
Search for artificial intelligence in my inbox,email_search,artificial intelligence,
Show me my chats,navigate_dm,,
Flag the main risks in key relationship risks,ai_refine,flag the main risks,relationship sensitivities
set the deploy is ready to italicized,italic,the deploy is ready,
make in place of that bold,bold,in place of that,
Italicize thank you,italic,thank you,
Switch to messages,navigate_dm,,
Reply to this message: the build is green,dm_reply,the build is green,
Please write Machine learning is useful.,add_text,Machine learning is useful.,
Remove this message,dm_delete,,
Reply to this chat with I'll be late today,dm_reply,I'll be late today,
Italicize Quarterly earnings are up 10%.,italic,Quarterly earnings are up 10%.,
"Make ""Introduction"" italic",italic,Introduction,
make take care to underlined,underline,take care,
Summarise what we need to achieve in the meeting,ai_refine,summarise what we need to achieve in the meeting,key meeting objectives
set Google to bolded,bold,Google,
Delete Introduction,search_delete,Introduction,
Search my inbox for annual report,email_search,annual report,
Send we hit the quarterly target,dm_send,we hit the quarterly target,
Send this email on,email_forward,,
Remove this email,email_delete,,
Start a new email with the subject budget approval,email_compose,budget approval,
Add more detail and supporting context to key meeting objectives,ai_refine,add more detail and supporting context,key meeting objectives
Reply to this message: I'll be late today,dm_reply,I'll be late today,
Say the report is ready,dm_send,the report is ready,
What are the main points we should discuss,ai_refine,what are the main points we should discuss,discussion points
Please make the roadmap italic,italic,the roadmap,
Remove this email,email_delete,,
Delete the current email,email_delete,,
Remove the chat,dm_delete,,
Send a message saying the client call is confirmed,dm_send,the client call is confirmed,
make it to italic,italic,it,
Summarize the key points of key discussion points,ai_refine,summarize the key points,discussion points
Underline customer relationship management,underline,customer relationship management,
Turn priority meeting objectives into clear talking points,ai_refine,turn into clear talking points,key meeting objectives
Delete the current conversation,dm_delete,,
set let me know to italicized,italic,let me know,
Make Welcome to the meeting bold,bold,Welcome to the meeting,
Reply with let's sync after the meeting,email_reply,let's sync after the meeting,
make welcome aboard to italic,italic,welcome aboard,
Remove this message,dm_delete,,
Apply underline to in the middle of it,underline,in the middle of it,
Book a table for two,unknown,,
Delete the previous sentence,prev_sentence_delete,,
make on top of it into underlined,underline,on top of it,
Remove this email,email_delete,,
Please make Please review this document. italic,italic,Please review this document.,
What has changed recently in the client relationship,ai_refine,what has changed recently in the client relationship,recent relationship developments
Underline how was your day,underline,how was your day,
What are the key relationship risks to flag,ai_refine,what are the key relationship risks to flag,relationship sensitivities
Delete this thread,dm_delete,,
Send the email saying we hit the quarterly target,email_send,we hit the quarterly target,
Search my chats for deep learning,dm_search,deep learning,
Set the client is happy to italic,italic,the client is happy,
set the launch date to bolded,bold,the launch date,
make in front of it bold,bold,in front of it,
underline how are you doing,underline,how are you doing,
Send it and say I'll be late today,email_send,I'll be late today,
Rewrite priority meeting objectives to be more concise,ai_refine,rewrite to be more concise,key meeting objectives
Say the server is back up,dm_send,the server is back up,
Delete this conversation,dm_delete,,
Unsend that,unknown,,
Apply underline to artificial intelligence,underline,artificial intelligence,
Trash this chat,dm_delete,,
Open my messages,navigate_dm,,
Delete the phrase customer experience,search_delete,customer experience,
"Make ""in the middle of it"" bold",bold,in the middle of it,
Remove the previous sentence,prev_sentence_delete,,
Compose an email with the subject the project plan,email_compose,the project plan,
Unsend that,unknown,,
make for now italic,italic,for now,
make financial report into italic,italic,financial report,
Send a reply saying let's sync after the meeting,email_reply,let's sync after the meeting,
Look up chats about important information,dm_search,important information,
Trash this chat,dm_delete,,
Reply to the email: I'll be late today,email_reply,I'll be late today,
Look up emails about machine learning,email_search,machine learning,
Please make in other words italic,italic,in other words,
Send it,unknown,,
"Make ""Today is a beautiful day."" italic",italic,Today is a beautiful day.,
Search for meeting notes in my inbox,email_search,meeting notes,
Make the launch date italic,italic,the launch date,
make in place of this into italic,italic,in place of this,
Delete the previous sentence,prev_sentence_delete,,
Forward this message,email_forward,,
Please review this document.,add_text,Please review this document.,
What should we prioritise for the meeting,ai_refine,what should we prioritise for the meeting,key meeting objectives
set as well as it to underline,underline,as well as it,
Who won the game?,unknown,,
Trash this email,email_delete,,
Move this email to trash,email_delete,,
"Make ""Introduction"" italic",italic,Introduction,
Reply saying let's sync after the meeting,dm_reply,let's sync after the meeting,
Set good evening to bold,bold,good evening,
Answer this email with the deploy is scheduled for tonight,email_reply,the deploy is scheduled for tonight,
Book a table for two,unknown,,
Summarise what we need to achieve in the meeting,ai_refine,summarise what we need to achieve in the meeting,key meeting objectives
Forward this email,email_forward,,
Send it and say the server is back up,email_send,the server is back up,
Italicize the roadmap,italic,the roadmap,
Delete Google,search_delete,Google,
Search messages for Amazon,dm_search,Amazon,
Send it,unknown,,
Find the chat about meeting notes,dm_search,meeting notes,
"Underline ""at the end of it""",underline,at the end of it,
Reply to this message: the report is ready,dm_reply,the report is ready,
Delete the last sentence,prev_sentence_delete,,
Look up emails about annual report,email_search,annual report,
"Delete ""Conclusion""",search_delete,Conclusion,
Remove the previous sentence,prev_sentence_delete,,
Underline good night,underline,good night,
Forward the current email,email_forward,,
Put Good morning everyone into the document,add_text,Good morning everyone,
Find the chat about artificial intelligence,dm_search,artificial intelligence,
make machine learning to italic,italic,machine learning,
Find the chat about annual report,dm_search,annual report,
Summarize the key points of main meeting objectives,ai_refine,summarize the key points,key meeting objectives
Navigate to email,navigate_email,,
Add This is a sample document,add_text,This is a sample document,
Find emails about annual report,email_search,annual report,
Find conversations about Apple,dm_search,Apple,
Please make the deadline is friday italic,italic,the deadline is friday,
Highlight the most significant pipeline deals to discuss,ai_refine,highlight the most significant,pipeline deals
Show me my emails,navigate_email,,
Draft an email about customer onboarding,email_compose,customer onboarding,
Search for Microsoft in my inbox,email_search,Microsoft,
"Delete ""meeting notes""",search_delete,meeting notes,
Search messages for Q3 results,dm_search,Q3 results,
Delete this email,email_delete,,
Delete customer relationship management,search_delete,customer relationship management,
Highlight recent relationship developments,ai_refine,highlight recent relationship developments,recent relationship developments
Please remove annual report,search_delete,annual report,
set Customer onboarding is complete. to bolded,bold,Customer onboarding is complete.,
make long time no see to bold,bold,long time no see,
Remove the previous sentence,prev_sentence_delete,,
Remove the previous sentence,prev_sentence_delete,,
Send this message: the server is back up,dm_send,the server is back up,
Italicize in place of this,italic,in place of this,
Delete it,unknown,,
"Make ""the deploy is ready"" italic",italic,the deploy is ready,
Set project plan to underlined,underline,project plan,
make we shipped the release to underlined,underline,we shipped the release,
Delete the previous sentence,prev_sentence_delete,,
Go to chat,navigate_dm,,
Strengthen key discussion points with clearer wording,ai_refine,strengthen with clearer wording,discussion points
Bold in place of it,bold,in place of it,
Delete this thread,dm_delete,,
Send a reply saying we hit the quarterly target,dm_reply,we hit the quarterly target,
make customer relationship management into underlined,underline,customer relationship management,
Go to my inbox of messages,navigate_dm,,
Send a chat message: we hit the quarterly target,dm_send,we hit the quarterly target,
Show me chats about customer onboarding,dm_search,customer onboarding,
Can you open chat for me?,navigate_dm,,
Delete this email,email_delete,,
Find the chat about Q3 results,dm_search,Q3 results,
Forward this email,email_forward,,
Artificial intelligence is changing the world.,add_text,Artificial intelligence is changing the world.,
Say please update the ticket,dm_send,please update the ticket,
Put Customer onboarding is complete. into the document,add_text,Customer onboarding is complete.,
Draft an email about roadmap planning,email_compose,roadmap planning,
What are the key relationship risks to flag,ai_refine,what are the key relationship risks to flag,relationship sensitivities
make we shipped the release bold,bold,we shipped the release,
Forward this message,email_forward,,
Begin a new email regarding the sprint review,email_compose,the sprint review,
Look up emails about customer experience,email_search,customer experience,
Show me my emails,navigate_email,,
Set the pricing table to bold,bold,the pricing table,
Message saying can you review my PR,dm_send,can you review my PR,
Write an email about roadmap planning,email_compose,roadmap planning,
Start a new email with the subject the annual report,email_compose,the annual report,
Send this message: the client call is confirmed,dm_send,the client call is confirmed,
Compose an email with the subject customer onboarding,email_compose,customer onboarding,
Erase Conclusion,search_delete,Conclusion,
Open my email,navigate_email,,
"Underline ""customer relationship management""",underline,customer relationship management,
Set in place of it to italic,italic,in place of it,
Write a new email titled budget approval,email_compose,budget approval,
Show me emails about Conclusion,email_search,Conclusion,
make Welcome to the meeting to italic,italic,Welcome to the meeting,
Find conversations about Apple,dm_search,Apple,
Show me my chats,navigate_dm,,
Turn pipeline deals into clear talking points,ai_refine,turn into clear talking points,pipeline deals
Search for annual report in my inbox,email_search,annual report,
Set customer experience to italic,italic,customer experience,
make good evening into underlined,underline,good evening,
Send the email saying the server is back up,email_send,the server is back up,
Open my email,navigate_email,,
"Make ""see you tomorrow"" italic",italic,see you tomorrow,
Look up emails about artificial intelligence,email_search,artificial intelligence,
make deep learning to italic,italic,deep learning,
Switch to email,navigate_email,,
Delete the phrase annual report,search_delete,annual report,
Send it and say I'll be late today,email_send,I'll be late today,
Strengthen points for discussion with clearer wording,ai_refine,strengthen with clearer wording,discussion points
Who won the game?,unknown,,
make instead of it into italic,italic,instead of it,
Finish and send with the text the server is back up,email_send,the server is back up,
Make in the middle of it bold,bold,in the middle of it,
Archive this thread,unknown,,
Delete the previous sentence,prev_sentence_delete,,
Flag the highest-value opportunities in the pipeline,ai_refine,flag the highest-value opportunities in the pipeline,pipeline deals
Delete the last sentence,prev_sentence_delete,,
Highlight recent relationship developments,ai_refine,highlight recent relationship developments,recent relationship developments
Open the chat page,navigate_dm,,
make Amazon to underlined,underline,Amazon,
Write an email about meeting notes,email_compose,meeting notes,
Find conversations about project plan,dm_search,project plan,
Send a reply saying the build is green,dm_reply,the build is green,
Remove this email,email_delete,,
Make it bold,bold,it,
Forward it,email_forward,,
Search my DMs for deep learning,dm_search,deep learning,
Archive this thread,unknown,,
Delete this chat,dm_delete,,
List any pending issues or complaints from this client,ai_refine,list any pending issues or complaints from this client,relationship sensitivities
Set Customer onboarding is complete. to bold,bold,Customer onboarding is complete.,
Send the email: I'll be late today,email_send,I'll be late today,
Forward this email to someone,email_forward,,
Flag the highest-value opportunities in the pipeline,ai_refine,flag the highest-value opportunities in the pipeline,pipeline deals
Trash this chat,dm_delete,,
Make good afternoon italic,italic,good afternoon,
"Send this email, the body is standup moved to 10am",email_send,standup moved to 10am,
Delete the last sentence,prev_sentence_delete,,
Delete this chat,dm_delete,,
Make in other words bold,bold,in other words,
Erase important information,search_delete,important information,
Send a chat message: the client call is confirmed,dm_send,the client call is confirmed,
Type Customer onboarding is complete.,add_text,Customer onboarding is complete.,
Take me to my inbox,navigate_email,,
Unsend that,unknown,,
Begin a new email regarding the sprint review,email_compose,the sprint review,
Open the email page,navigate_email,,
"Underline ""customer relationship management""",underline,customer relationship management,
Go to my inbox,navigate_email,,
Underline hello world,underline,hello world,
Reply with the server is back up,email_reply,the server is back up,
make customer relationship management into italic,italic,customer relationship management,
Which pipeline deals should we prioritise,ai_refine,which pipeline deals should we prioritise,pipeline deals
Find the chat about annual report,dm_search,annual report,
Go to my inbox of messages,navigate_dm,,
Insert Today is a beautiful day.,add_text,Today is a beautiful day.,
Play some music,unknown,,
Forward it,email_forward,,
Switch to email,navigate_email,,
Turn sensitive relationship issues into clear talking points,ai_refine,turn into clear talking points,relationship sensitivities
Remove this message,dm_delete,,
Say can you review my PR,dm_send,can you review my PR,
Add more detail and supporting context to priority meeting objectives,ai_refine,add more detail and supporting context,key meeting objectives
Throw this email away,email_delete,,
Please write Machine learning is useful.,add_text,Machine learning is useful.,
Add Please review this document.,add_text,Please review this document.,
Schedule a meeting,unknown,,
Look up chats about customer onboarding,dm_search,customer onboarding,
Forward this email to someone,email_forward,,
Answer this email with standup moved to 10am,email_reply,standup moved to 10am,
Send this email saying please update the ticket,email_send,please update the ticket,
Write please update the ticket,dm_send,please update the ticket,
make in the middle of it italic,italic,in the middle of it,
Play some music,unknown,,
Answer this email with can you review my PR,email_reply,can you review my PR,
"Make ""This is a sample document"" bold",bold,This is a sample document,
Identify the most important points in main meeting objectives,ai_refine,identify the most important points,key meeting objectives
Send this message: can you review my PR,dm_send,can you review my PR,
Write please update the ticket,dm_send,please update the ticket,
Make Good morning everyone italic,italic,Good morning everyone,
Insert The quick brown fox jumps over the lazy dog.,add_text,The quick brown fox jumps over the lazy dog.,
set the ticket is closed to bolded,bold,the ticket is closed,
Remove this message,dm_delete,,
Answer with the server is back up,dm_reply,the server is back up,
Draft an email about the sprint review,email_compose,the sprint review,
Set in place of this to italic,italic,in place of this,
make the onboarding flow to underlined,underline,the onboarding flow,
Flag any unresolved client concerns,ai_refine,flag any unresolved client concerns,relationship sensitivities
Please write Hello everyone,add_text,Hello everyone,
Make have a nice day bold,bold,have a nice day,
Delete the previous sentence,prev_sentence_delete,,
Send a reply saying the server is back up,email_reply,the server is back up,
Delete this message,email_delete,,
Send it and say I'll be late today,email_send,I'll be late today,
Remove the previous sentence,prev_sentence_delete,,
Search my DMs for Apple,dm_search,Apple,
Reply to this email: the report is ready,email_reply,the report is ready,
Put Customer onboarding is complete. into the document,add_text,Customer onboarding is complete.,
make in place of it to underlined,underline,in place of it,
Respond to this email with the server is back up,email_reply,the server is back up,
"Underline ""thanks so much""",underline,thanks so much,
Please make good night bold,bold,good night,
Answer with the deploy is scheduled for tonight,dm_reply,the deploy is scheduled for tonight,
Switch to email,navigate_email,,
Begin a new email regarding the security update,email_compose,the security update,
Identify the most important points in sensitive relationship issues,ai_refine,identify the most important points,relationship sensitivities
Open the chat page,navigate_dm,,
Post the message standup moved to 10am,dm_send,standup moved to 10am,
Show me chats about machine learning,dm_search,machine learning,
Delete the last sentence,prev_sentence_delete,,
Can you open chat for me?,navigate_dm,,
Delete the last sentence,prev_sentence_delete,,
Remove this message,dm_delete,,
make This is a sample document into underlined,underline,This is a sample document,
Strengthen discussion points with clearer wording,ai_refine,strengthen with clearer wording,discussion points
Forward this message,email_forward,,
Italicize Welcome to the meeting,italic,Welcome to the meeting,
make have a nice day italic,italic,have a nice day,
Forward the current email,email_forward,,
Add Customer onboarding is complete.,add_text,Customer onboarding is complete.,
Delete the current email,email_delete,,
Flag the main risks in key relationship risks,ai_refine,flag the main risks,relationship sensitivities
Open my inbox,navigate_email,,
Navigate to email,navigate_email,,
Please make by the way italic,italic,by the way,
set the deploy is ready to italicized,italic,the deploy is ready,
Bold nice to meet you,bold,nice to meet you,
Remove the previous sentence,prev_sentence_delete,,
What's on my calendar?,unknown,,
Show me emails about Amazon,email_search,Amazon,
Flag the main risks in high-value pipeline opportunities,ai_refine,flag the main risks,pipeline deals
Reply with please update the ticket,dm_reply,please update the ticket,
Identify the most important points in latest relationship developments,ai_refine,identify the most important points,recent relationship developments
Delete the last sentence,prev_sentence_delete,,
underline next steps,underline,next steps,
Delete important information,search_delete,important information,
underline this is urgent,underline,this is urgent,
Reply with we hit the quarterly target,email_reply,we hit the quarterly target,
Reply to this chat with the client call is confirmed,dm_reply,the client call is confirmed,
Throw this email away,email_delete,,
Type Machine learning is useful.,add_text,Machine learning is useful.,
Make key relationship risks more concise and impactful,ai_refine,make more concise and impactful,relationship sensitivities
Make take care italic,italic,take care,
Flag the highest-value opportunities in the pipeline,ai_refine,flag the highest-value opportunities in the pipeline,pipeline deals
set how are you doing to underline,underline,how are you doing,
Set those to bold,bold,those,
Throw this email away,email_delete,,
make The quick brown fox jumps over the lazy dog. to italic,italic,The quick brown fox jumps over the lazy dog.,
Make welcome aboard italic,italic,welcome aboard,
Delete this thread,dm_delete,,
set important information to bolded,bold,important information,
Delete the previous sentence,prev_sentence_delete,,
Send a chat message: please update the ticket,dm_send,please update the ticket,
set how have you been to italicized,italic,how have you been,
Please underline in place of it,underline,in place of it,
Type The project starts tomorrow.,add_text,The project starts tomorrow.,
Summarise what we need to achieve in the meeting,ai_refine,summarise what we need to achieve in the meeting,key meeting objectives
What time is it?,unknown,,
set great job to italicized,italic,great job,
Send it and say the server is back up,email_send,the server is back up,
Please write The project starts tomorrow.,add_text,The project starts tomorrow.,
"Delete ""Q3 results""",search_delete,Q3 results,
Strengthen points for discussion with clearer wording,ai_refine,strengthen with clearer wording,discussion points
Send this message: we hit the quarterly target,dm_send,we hit the quarterly target,
Search my email for project plan,email_search,project plan,
Begin a new email regarding budget approval,email_compose,budget approval,
set let me know to bolded,bold,let me know,
Set our new policy to italic,italic,our new policy,
Make Q3 results italic,italic,Q3 results,
"Underline ""good morning""",underline,good morning,
Write an email about the sprint review,email_compose,the sprint review,
Tell me a joke,unknown,,
underline Hello everyone,underline,Hello everyone,
Forward it,email_forward,,
Highlight the most significant pipeline deals to discuss,ai_refine,highlight the most significant,pipeline deals
Make annual report bold,bold,annual report,
Remove the previous sentence,prev_sentence_delete,,
Search my email for meeting notes,email_search,meeting notes,
Flag the highest-value opportunities in the pipeline,ai_refine,flag the highest-value opportunities in the pipeline,pipeline deals
Search my email for customer relationship management,email_search,customer relationship management,
"Make ""Customer onboarding is complete."" bold",bold,Customer onboarding is complete.,
What time is it?,unknown,,
Finish and send with the text the server is back up,email_send,the server is back up,
Go to email,navigate_email,,
make it to italic,italic,it,
Forward this message,email_forward,,
Delete the previous sentence,prev_sentence_delete,,
Make relationship concerns more concise and impactful,ai_refine,make more concise and impactful,relationship sensitivities
"Delete ""Microsoft""",search_delete,Microsoft,
What time is it?,unknown,,
set the ticket is closed to bolded,bold,the ticket is closed,
"Underline ""The project starts tomorrow.""",underline,The project starts tomorrow.,
Reply with the report is ready,email_reply,the report is ready,
What are the main points we should discuss,ai_refine,what are the main points we should discuss,discussion points
Set Customer onboarding is complete. to bold,bold,Customer onboarding is complete.,
set Hello everyone to italicized,italic,Hello everyone,
Post the message please update the ticket,dm_send,please update the ticket,
Forward the current email,email_forward,,
Delete this chat,dm_delete,,
set keep it up to underline,underline,keep it up,
Delete the current conversation,dm_delete,,
"Make ""the build is green"" italic",italic,the build is green,
Finish and send with the text lunch at noon,email_send,lunch at noon,
Begin a new email regarding Q3 results,email_compose,Q3 results,
"Make ""Artificial intelligence is changing the world."" italic",italic,Artificial intelligence is changing the world.,
make the deploy is ready italic,italic,the deploy is ready,
Respond with standup moved to 10am,dm_reply,standup moved to 10am,
Reply to this chat with can you review my PR,dm_reply,can you review my PR,
Switch to email,navigate_email,,
"Delete ""Google""",search_delete,Google,
Reply with the deploy is scheduled for tonight,dm_reply,the deploy is scheduled for tonight,
Forward the current email,email_forward,,
Open the chat page,navigate_dm,,
Set great job to italic,italic,great job,
Please remove Q3 results,search_delete,Q3 results,
Throw this email away,email_delete,,
Answer with please update the ticket,dm_reply,please update the ticket,
Apply underline to the API key,underline,the API key,
Go to email,navigate_email,,
Draft an email about meeting notes,email_compose,meeting notes,
Answer with we hit the quarterly target,dm_reply,we hit the quarterly target,
make have a nice day into underlined,underline,have a nice day,
Delete the previous sentence,prev_sentence_delete,,
Message saying lunch at noon,dm_send,lunch at noon,
Compose an email about contract renewal,email_compose,contract renewal,
Can you open email for me?,navigate_email,,
Highlight the key items in client relationship risks,ai_refine,highlight the key items,relationship sensitivities
Send this message: the report is ready,dm_send,the report is ready,
Navigate to email,navigate_email,,
Write Hello everyone,add_text,Hello everyone,
Forward this email to someone,email_forward,,
Move this email to trash,email_delete,,
Please write Hello everyone,add_text,Hello everyone,
Reply to this email saying the deploy is scheduled for tonight,email_reply,the deploy is scheduled for tonight,
Set keep it up to italic,italic,keep it up,
make by the way to italic,italic,by the way,
Find the email about machine learning,email_search,machine learning,
make at the end of it italic,italic,at the end of it,
make the client is happy to italic,italic,the client is happy,
Delete customer experience,search_delete,customer experience,
Delete the phrase Microsoft,search_delete,Microsoft,
Make this section more concise and impactful for client relationship risks,ai_refine,make this section more concise and impactful,relationship sensitivities
Begin a new email regarding meeting notes,email_compose,meeting notes,
List any pending issues or complaints from this client,ai_refine,list any pending issues or complaints from this client,relationship sensitivities
set artificial intelligence to bolded,bold,artificial intelligence,
"Send this email, the body is I'll be late today",email_send,I'll be late today,
Delete the previous sentence,prev_sentence_delete,,
Make good evening italic,italic,good evening,
Delete the phrase meeting notes,search_delete,meeting notes,
Remove this email,email_delete,,
"Make ""that"" bold",bold,that,
Make this section more concise and impactful for meeting objectives,ai_refine,make this section more concise and impactful,key meeting objectives
Reply to this email saying the server is back up,email_reply,the server is back up,
Please write The project starts tomorrow.,add_text,The project starts tomorrow.,
Find the chat about Amazon,dm_search,Amazon,
Highlight recent relationship developments,ai_refine,highlight recent relationship developments,recent relationship developments
Delete this message,email_delete,,
make how have you been bold,bold,how have you been,
Delete this conversation,dm_delete,,
New email about Q3 results,email_compose,Q3 results,
Put The quick brown fox jumps over the lazy dog. into the document,add_text,The quick brown fox jumps over the lazy dog.,
Remove the previous sentence,prev_sentence_delete,,
Search my email for Introduction,email_search,Introduction,
Who won the game?,unknown,,
Send this email on,email_forward,,
Send a chat message: we hit the quarterly target,dm_send,we hit the quarterly target,
Reply to the email: the client call is confirmed,email_reply,the client call is confirmed,
Switch to email,navigate_email,,
Remove the previous sentence,prev_sentence_delete,,
What relationship risks should I flag,ai_refine,what relationship risks should I flag,relationship sensitivities
Can you open email for me?,navigate_email,,
Search my email for deep learning,email_search,deep learning,
Add Good morning everyone,add_text,Good morning everyone,
Respond with the deploy is scheduled for tonight,dm_reply,the deploy is scheduled for tonight,
"Delete ""deep learning""",search_delete,deep learning,
Look up chats about Apple,dm_search,Apple,
Put The quick brown fox jumps over the lazy dog. into the document,add_text,The quick brown fox jumps over the lazy dog.,
What's on my calendar?,unknown,,
Strengthen relationship concerns with clearer wording,ai_refine,strengthen with clearer wording,relationship sensitivities
Identify the most important points in key meeting objectives,ai_refine,identify the most important points,key meeting objectives
Make this section more concise and impactful for high-value pipeline opportunities,ai_refine,make this section more concise and impactful,pipeline deals
Write Artificial intelligence is changing the world.,add_text,Artificial intelligence is changing the world.,
Navigate to email,navigate_email,,
Make recent relationship developments more concise and impactful,ai_refine,make more concise and impactful,recent relationship developments
Write standup moved to 10am,dm_send,standup moved to 10am,
Send this email on,email_forward,,
Show me my emails,navigate_email,,
"Make ""the bug is fixed"" bold",bold,the bug is fixed,
Today is a beautiful day.,add_text,Today is a beautiful day.,
Delete the current email,email_delete,,
Write a new email titled the security update,email_compose,the security update,
Summarise what we need to achieve in the meeting,ai_refine,summarise what we need to achieve in the meeting,key meeting objectives
Delete the last sentence,prev_sentence_delete,,
Open the chat page,navigate_dm,,
Forward the current email,email_forward,,
Look up chats about Amazon,dm_search,Amazon,
make we shipped the release into bold,bold,we shipped the release,
Delete financial report,search_delete,financial report,
Move this email to trash,email_delete,,
set Amazon to italicized,italic,Amazon,
make these to bold,bold,these,
set you're welcome to underline,underline,you're welcome,
Remove the chat,dm_delete,,
"Make ""Hello everyone"" italic",italic,Hello everyone,
Find conversations about project plan,dm_search,project plan,
Forward the current email,email_forward,,
Delete this conversation,dm_delete,,
What's on my calendar?,unknown,,
underline Introduction,underline,Introduction,
Please underline Introduction,underline,Introduction,
What are the main points we should discuss,ai_refine,what are the main points we should discuss,discussion points
"Make ""at the end of it"" bold",bold,at the end of it,
Forward the current email,email_forward,,
Finish and send with the text let's sync after the meeting,email_send,let's sync after the meeting,
What should we prioritise for the meeting,ai_refine,what should we prioritise for the meeting,key meeting objectives
Forward the current email,email_forward,,
make in place of it into bold,bold,in place of it,
Turn sensitive relationship issues into clear talking points,ai_refine,turn into clear talking points,relationship sensitivities
Search my DMs for annual report,dm_search,annual report,
Search my chats for Google,dm_search,Google,
Delete the last sentence,prev_sentence_delete,,
Delete the last sentence,prev_sentence_delete,,
Forward this email,email_forward,,
Underline machine learning,underline,machine learning,
Show me chats about financial report,dm_search,financial report,
make financial report into underlined,underline,financial report,
What should we prioritise for the meeting,ai_refine,what should we prioritise for the meeting,key meeting objectives
Send this email saying the build is green,email_send,the build is green,
Look up emails about Google,email_search,Google,
Delete the last sentence,prev_sentence_delete,,
Mark everything as read,unknown,,
Italicize at the end of it,italic,at the end of it,
Insert Machine learning is useful.,add_text,Machine learning is useful.,
Reply to this email: the report is ready,email_reply,the report is ready,
set good afternoon to underline,underline,good afternoon,
Send the email saying please update the ticket,email_send,please update the ticket,
Summarise what we need to achieve in the meeting,ai_refine,summarise what we need to achieve in the meeting,key meeting objectives
Set it to underlined,underline,it,
Send this email saying standup moved to 10am,email_send,standup moved to 10am,
set The project starts tomorrow. to italicized,italic,The project starts tomorrow.,
Rewrite sensitive relationship issues to be more concise,ai_refine,rewrite to be more concise,relationship sensitivities
Set in place of this to italic,italic,in place of this,
Write Welcome to the meeting,add_text,Welcome to the meeting,
Insert This is a sample document,add_text,This is a sample document,
Remove this email,email_delete,,
Write an email about the sprint review,email_compose,the sprint review,
Which pipeline deals should we prioritise,ai_refine,which pipeline deals should we prioritise,pipeline deals
Delete this conversation,dm_delete,,
Please make Today is a beautiful day. italic,italic,Today is a beautiful day.,
The project starts tomorrow.,add_text,The project starts tomorrow.,
Please make the design doc italic,italic,the design doc,
set in the meantime to italicized,italic,in the meantime,
What has changed recently in the client relationship,ai_refine,what has changed recently in the client relationship,recent relationship developments
Open the chat page,navigate_dm,,
Reply to this email: I'll be late today,email_reply,I'll be late today,
Reply with please update the ticket,dm_reply,please update the ticket,
Please remove Google,search_delete,Google,
Please make that bold,bold,that,
Send a message saying standup moved to 10am,dm_send,standup moved to 10am,
Reply with the server is back up,email_reply,the server is back up,
set hello everyone to underline,underline,hello everyone,
make this italic,italic,this,
Can you open chat for me?,navigate_dm,,
Delete this thread,dm_delete,,
Delete this message,email_delete,,
Say please update the ticket,dm_send,please update the ticket,
Delete the previous sentence,prev_sentence_delete,,
Flag the highest-value opportunities in the pipeline,ai_refine,flag the highest-value opportunities in the pipeline,pipeline deals
Send a chat message: we hit the quarterly target,dm_send,we hit the quarterly target,
Delete this email,email_delete,,
make instead of it italic,italic,instead of it,
Set how was your day to bold,bold,how was your day,
set the server is down to italicized,italic,the server is down,
Go to email,navigate_email,,
Answer with lunch at noon,dm_reply,lunch at noon,
Reply to this email saying standup moved to 10am,email_reply,standup moved to 10am,
Send the build is green,dm_send,the build is green,
Summarise the key points of priority discussion topics,ai_refine,summarise the key points,discussion points
set this is urgent to bolded,bold,this is urgent,
Answer this email with the server is back up,email_reply,the server is back up,
Please make what's up italic,italic,what's up,
make Customer onboarding is complete. into underlined,underline,Customer onboarding is complete.,
Please remove artificial intelligence,search_delete,artificial intelligence,
Trash this email,email_delete,,
Open my messages,navigate_dm,,
Delete the phrase customer onboarding,search_delete,customer onboarding,
What has changed recently in the client relationship,ai_refine,what has changed recently in the client relationship,recent relationship developments
Delete the last sentence,prev_sentence_delete,,
Reply to this email: the deploy is scheduled for tonight,email_reply,the deploy is scheduled for tonight,
Look up emails about Introduction,email_search,Introduction,
Delete the last sentence,prev_sentence_delete,,
"Make ""them"" bold",bold,them,
Take me to my inbox,navigate_email,,
Send a message saying I'll be late today,dm_send,I'll be late today,
Open the chat page,navigate_dm,,
Delete the previous sentence,prev_sentence_delete,,
Insert Customer onboarding is complete.,add_text,Customer onboarding is complete.,
Send a reply saying I'll be late today,dm_reply,I'll be late today,
Please remove Google,search_delete,Google,
"Make ""these"" italic",italic,these,
Delete the current email,email_delete,,
Look up emails about financial report,email_search,financial report,
Set Machine learning is useful. to italic,italic,Machine learning is useful.,
Remove the previous sentence,prev_sentence_delete,,
Please underline the launch date,underline,the launch date,
Delete the current conversation,dm_delete,,
Reply saying the deploy is scheduled for tonight,dm_reply,the deploy is scheduled for tonight,
Please make see you tomorrow italic,italic,see you tomorrow,
Make artificial intelligence bold,bold,artificial intelligence,
Answer with let's sync after the meeting,dm_reply,let's sync after the meeting,
Send this email on,email_forward,,
Flag any unresolved client concerns,ai_refine,flag any unresolved client concerns,relationship sensitivities
Open the messenger,navigate_dm,,
Delete this email,email_delete,,
Delete Conclusion,search_delete,Conclusion,
Trash this email,email_delete,,
Find the chat about customer relationship management,dm_search,customer relationship management,
"Underline ""annual report""",underline,annual report,
Archive this thread,unknown,,
"Underline ""that""",underline,that,
Set meeting notes to underlined,underline,meeting notes,
Insert The project starts tomorrow.,add_text,The project starts tomorrow.,
Open my messages,navigate_dm,,
Archive this thread,unknown,,
Erase annual report,search_delete,annual report,
Delete the previous sentence,prev_sentence_delete,,
Answer with standup moved to 10am,dm_reply,standup moved to 10am,
Look up chats about Q3 results,dm_search,Q3 results,
Apply underline to good afternoon,underline,good afternoon,
Forward the current email,email_forward,,
Show me my chats,navigate_dm,,
Reply to this email: standup moved to 10am,email_reply,standup moved to 10am,
Call alice,unknown,,
make Introduction to italic,italic,Introduction,
Search messages for Amazon,dm_search,Amazon,
Identify the most important points in key relationship risks,ai_refine,identify the most important points,relationship sensitivities
Reply saying the client call is confirmed,dm_reply,the client call is confirmed,
"Delete ""Google""",search_delete,Google,
make customer relationship management italic,italic,customer relationship management,
Throw this email away,email_delete,,
make deep learning bold,bold,deep learning,
Forward this message,email_forward,,
Reply to this message: lunch at noon,dm_reply,lunch at noon,
Search my DMs for Apple,dm_search,Apple,
Write an email about customer onboarding,email_compose,customer onboarding,
make the bug is fixed to bold,bold,the bug is fixed,
Who won the game?,unknown,,
Set the meeting is at noon to underlined,underline,the meeting is at noon,
Highlight recent relationship developments for discussion points,ai_refine,highlight recent relationship developments,discussion points
Open the chat page,navigate_dm,,
Please remove machine learning,search_delete,machine learning,
Please remove deep learning,search_delete,deep learning,
Erase important information,search_delete,important information,
Make in place of it bold,bold,in place of it,
Make this section more concise and impactful for new relationship developments,ai_refine,make this section more concise and impactful,recent relationship developments
Look up emails about customer experience,email_search,customer experience,
Search for Microsoft in my inbox,email_search,Microsoft,
Take me to my inbox,navigate_email,,
Compose an email with the subject the annual report,email_compose,the annual report,
underline in place of this,underline,in place of this,
Archive this thread,unknown,,
set the design doc to bolded,bold,the design doc,
Set them to italic,italic,them,
Summarise the key points of sensitive relationship issues,ai_refine,summarise the key points,relationship sensitivities
Send this email on,email_forward,,
Delete this thread,dm_delete,,
Play some music,unknown,,
Forward this message,email_forward,,
Please make good afternoon bold,bold,good afternoon,
Delete the phrase Apple,search_delete,Apple,
Respond to this email with please update the ticket,email_reply,please update the ticket,
Delete the current email,email_delete,,
Search my inbox for important information,email_search,important information,
make deep learning to bold,bold,deep learning,
Remove the chat,dm_delete,,
Highlight the most significant pipeline deals to discuss,ai_refine,highlight the most significant,pipeline deals
Delete this thread,dm_delete,,
Post the message the report is ready,dm_send,the report is ready,
Delete this thread,dm_delete,,
Reply to this message: the build is green,dm_reply,the build is green,
Start a new email with the subject the sprint review,email_compose,the sprint review,
Respond with the client call is confirmed,dm_reply,the client call is confirmed,
Reply to this message: can you review my PR,dm_reply,can you review my PR,
Reply to this email saying please update the ticket,email_reply,please update the ticket,
Set Conclusion to bold,bold,Conclusion,
Reply saying the deploy is scheduled for tonight,dm_reply,the deploy is scheduled for tonight,
Can you open chat for me?,navigate_dm,,
Rewrite most significant pipeline deals to be more concise,ai_refine,rewrite to be more concise,pipeline deals
Go to my inbox,navigate_email,,
"Underline ""on the other hand""",underline,on the other hand,
Italicize the launch date,italic,the launch date,
Forward it,email_forward,,
Send this email saying can you review my PR,email_send,can you review my PR,
Respond to this email with the deploy is scheduled for tonight,email_reply,the deploy is scheduled for tonight,
Make customer relationship management italic,italic,customer relationship management,
Finish and send with the text the report is ready,email_send,the report is ready,
"Make ""Good morning everyone"" italic",italic,Good morning everyone,
Delete this message,email_delete,,
Trash this email,email_delete,,
Delete this message,email_delete,,
Find the chat about customer relationship management,dm_search,customer relationship management,
Trash this chat,dm_delete,,
Write the deploy is scheduled for tonight,dm_send,the deploy is scheduled for tonight,
set important information to underline,underline,important information,
set Please review this document. to italicized,italic,Please review this document.,
Flag the main risks in points for discussion,ai_refine,flag the main risks,discussion points
make the ticket is closed to italic,italic,the ticket is closed,
Reply saying standup moved to 10am,dm_reply,standup moved to 10am,
set The project starts tomorrow. to underline,underline,The project starts tomorrow.,
"Make ""our new policy"" italic",italic,our new policy,
Trash this chat,dm_delete,,
Delete the previous sentence,prev_sentence_delete,,
Write This is a sample document,add_text,This is a sample document,
Switch to email,navigate_email,,
Delete this message,email_delete,,
Forward it,email_forward,,
Begin a new email regarding contract renewal,email_compose,contract renewal,
Search messages for Introduction,dm_search,Introduction,
Start a new email with the subject contract renewal,email_compose,contract renewal,
Please make thanks so much bold,bold,thanks so much,
Highlight the most significant priority meeting objectives to discuss,ai_refine,highlight the most significant,key meeting objectives
set good afternoon to italicized,italic,good afternoon,
Trash this chat,dm_delete,,
"Delete ""Amazon""",search_delete,Amazon,
Show me emails about financial report,email_search,financial report,
Reply with the client call is confirmed,dm_reply,the client call is confirmed,
Take me to my inbox,navigate_email,,
Draft an email about meeting notes,email_compose,meeting notes,
Answer with the server is back up,dm_reply,the server is back up,
Erase Conclusion,search_delete,Conclusion,
Find the chat about deep learning,dm_search,deep learning,
Set Artificial intelligence is changing the world. to bold,bold,Artificial intelligence is changing the world.,
Open the chat page,navigate_dm,,
Answer this email with standup moved to 10am,email_reply,standup moved to 10am,
Send it,unknown,,
Who won the game?,unknown,,
Please remove Apple,search_delete,Apple,
Send I'll be late today,dm_send,I'll be late today,
Send this message: we hit the quarterly target,dm_send,we hit the quarterly target,
Search my email for customer onboarding,email_search,customer onboarding,
Delete this message,email_delete,,
Take me to my inbox,navigate_email,,
Send it,unknown,,
Set annual report to underlined,underline,annual report,
Highlight recent relationship developments,ai_refine,highlight recent relationship developments,recent relationship developments
Write The project starts tomorrow.,add_text,The project starts tomorrow.,
Remove this email,email_delete,,
Add Welcome to the meeting,add_text,Welcome to the meeting,
Delete this email,email_delete,,
Delete this email,email_delete,,
make the deadline is friday to underlined,underline,the deadline is friday,
Reply to the email: the report is ready,email_reply,the report is ready,
Begin a new email regarding the sprint review,email_compose,the sprint review,
Draft an email about meeting notes,email_compose,meeting notes,
Find the chat about artificial intelligence,dm_search,artificial intelligence,
Write please update the ticket,dm_send,please update the ticket,
Insert Customer onboarding is complete.,add_text,Customer onboarding is complete.,
Switch to messages,navigate_dm,,
Forward the current email,email_forward,,
Delete this conversation,dm_delete,,
Go to my inbox,navigate_email,,
make the final report into bold,bold,the final report,
Erase project plan,search_delete,project plan,
Delete the previous sentence,prev_sentence_delete,,
"Underline ""the build is green""",underline,the build is green,
Set Apple to underlined,underline,Apple,
Delete this chat,dm_delete,,
Go to chat,navigate_dm,,
Set these to underlined,underline,these,
Flag any unresolved client concerns,ai_refine,flag any unresolved client concerns,relationship sensitivities
make the meeting is at noon into underlined,underline,the meeting is at noon,
Find the email about Microsoft,email_search,Microsoft,
Reply to the email: let's sync after the meeting,email_reply,let's sync after the meeting,
Delete meeting notes,search_delete,meeting notes,
"Make ""meeting notes"" italic",italic,meeting notes,
set keep it up to italicized,italic,keep it up,
Remove the previous sentence,prev_sentence_delete,,
Please underline the client is happy,underline,the client is happy,
Turn the important items into discussion points,ai_refine,turn the important items into discussion points,discussion points
Delete this conversation,dm_delete,,
Navigate to messages,navigate_dm,,
make you're welcome to bold,bold,you're welcome,
Remove the previous sentence,prev_sentence_delete,,
Which pipeline deals should we prioritise,ai_refine,which pipeline deals should we prioritise,pipeline deals
Delete the last sentence,prev_sentence_delete,,
Summarise the key points of topics to discuss,ai_refine,summarise the key points,discussion points
Write an email about the project plan,email_compose,the project plan,
make Amazon to bold,bold,Amazon,
Flag the main risks in critical meeting objectives,ai_refine,flag the main risks,key meeting objectives
Send the email with the message the build is green,email_send,the build is green,
Switch to messages,navigate_dm,,
Highlight recent relationship developments for discussion points,ai_refine,highlight recent relationship developments,discussion points
Search my email for customer relationship management,email_search,customer relationship management,
Remove the previous sentence,prev_sentence_delete,,
Add The project starts tomorrow.,add_text,The project starts tomorrow.,
"Delete ""customer relationship management""",search_delete,customer relationship management,
Delete this conversation,dm_delete,,
Please underline see you tomorrow,underline,see you tomorrow,
make the meeting is at noon italic,italic,the meeting is at noon,
make you're welcome into underlined,underline,you're welcome,
Write let's sync after the meeting,dm_send,let's sync after the meeting,
Send a reply saying the client call is confirmed,dm_reply,the client call is confirmed,
Reply to this email saying the deploy is scheduled for tonight,email_reply,the deploy is scheduled for tonight,
Send the email with the message the deploy is scheduled for tonight,email_send,the deploy is scheduled for tonight,
Type and send the deploy is scheduled for tonight,dm_send,the deploy is scheduled for tonight,
Look up chats about customer experience,dm_search,customer experience,
Open the email page,navigate_email,,
Delete the previous sentence,prev_sentence_delete,,
underline well done,underline,well done,
Delete the phrase machine learning,search_delete,machine learning,
Respond with I'll be late today,dm_reply,I'll be late today,
Send a reply saying the server is back up,email_reply,the server is back up,
Send the email with the message the server is back up,email_send,the server is back up,
make Apple into italic,italic,Apple,
Answer this email with the deploy is scheduled for tonight,email_reply,the deploy is scheduled for tonight,
Delete the previous sentence,prev_sentence_delete,,
Write Welcome to the meeting,add_text,Welcome to the meeting,
Summarize the key points of client relationship risks,ai_refine,summarize the key points,relationship sensitivities
Go to my inbox,navigate_email,,
set the bug is fixed to bolded,bold,the bug is fixed,
Bold Good morning everyone,bold,Good morning everyone,
List any pending issues or complaints from this client,ai_refine,list any pending issues or complaints from this client,relationship sensitivities
underline artificial intelligence,underline,artificial intelligence,
What are the main points we should discuss,ai_refine,what are the main points we should discuss,discussion points
Send a message saying the report is ready,dm_send,the report is ready,
Can you open chat for me?,navigate_dm,,
Delete this conversation,dm_delete,,
"Make ""This is a sample document"" italic",italic,This is a sample document,
Find the email about machine learning,email_search,machine learning,
Tell me a joke,unknown,,
"Make ""see you tomorrow"" italic",italic,see you tomorrow,
Put Quarterly earnings are up 10%. into the document,add_text,Quarterly earnings are up 10%.,
What time is it?,unknown,,
Put Hello everyone into the document,add_text,Hello everyone,
Summarise what we need to achieve in the meeting,ai_refine,summarise what we need to achieve in the meeting,key meeting objectives
Begin a new email regarding budget approval,email_compose,budget approval,
Today is a beautiful day.,add_text,Today is a beautiful day.,
Mark everything as read,unknown,,
Apply underline to customer experience,underline,customer experience,
Answer with let's sync after the meeting,dm_reply,let's sync after the meeting,
Go to my inbox,navigate_email,,
Remove the previous sentence,prev_sentence_delete,,
Tell me a joke,unknown,,
Search messages for Amazon,dm_search,Amazon,
Forward the current email,email_forward,,
Which pipeline deals should we prioritise,ai_refine,which pipeline deals should we prioritise,pipeline deals
Make Amazon bold,bold,Amazon,
Delete this conversation,dm_delete,,
Go to my inbox of messages,navigate_dm,,
Please make artificial intelligence bold,bold,artificial intelligence,
Draft an email about contract renewal,email_compose,contract renewal,
"Underline ""nice to meet you""",underline,nice to meet you,
Begin a new email regarding the project plan,email_compose,the project plan,
Send a reply saying let's sync after the meeting,email_reply,let's sync after the meeting,
Look up chats about customer experience,dm_search,customer experience,
Reply to this chat with the report is ready,dm_reply,the report is ready,
Rewrite priority pipeline deals to be more concise,ai_refine,rewrite to be more concise,pipeline deals
Find the email about meeting notes,email_search,meeting notes,
Add useful context to recent client relationship changes,ai_refine,add useful context,recent relationship developments
Delete the last sentence,prev_sentence_delete,,
Delete the previous sentence,prev_sentence_delete,,
Remove this email,email_delete,,
Mark everything as read,unknown,,
Go to email,navigate_email,,
Switch to messages,navigate_dm,,
Write a new email titled budget approval,email_compose,budget approval,
Finish and send with the text the server is back up,email_send,the server is back up,
Forward the current email,email_forward,,
"Make ""important information"" italic",italic,important information,
Forward this email to someone,email_forward,,
Delete the last sentence,prev_sentence_delete,,
Show me emails about meeting notes,email_search,meeting notes,
Message saying standup moved to 10am,dm_send,standup moved to 10am,
Bold the pricing table,bold,the pricing table,
Archive this thread,unknown,,
Please make instead of this bold,bold,instead of this,
Write a new email titled contract renewal,email_compose,contract renewal,
Delete this thread,dm_delete,,
Remove the chat,dm_delete,,
Flag any unresolved client concerns,ai_refine,flag any unresolved client concerns,relationship sensitivities
Play some music,unknown,,
Trash this email,email_delete,,
Type and send the report is ready,dm_send,the report is ready,
Search my chats for artificial intelligence,dm_search,artificial intelligence,
underline artificial intelligence,underline,artificial intelligence,
Show me my chats,navigate_dm,,
Begin a new email regarding the annual report,email_compose,the annual report,
Trash this email,email_delete,,
Make hello world italic,italic,hello world,
Delete the last sentence,prev_sentence_delete,,
Open my inbox,navigate_email,,
Remove the previous sentence,prev_sentence_delete,,
Take me to my DMs,navigate_dm,,
Remove this email,email_delete,,
Post the message let's sync after the meeting,dm_send,let's sync after the meeting,
Forward the current email,email_forward,,
Show me chats about Conclusion,dm_search,Conclusion,
make Today is a beautiful day. into underlined,underline,Today is a beautiful day.,
Please remove customer onboarding,search_delete,customer onboarding,
Find the chat about project plan,dm_search,project plan,
What is the weather today?,unknown,,
Reply to the email: the report is ready,email_reply,the report is ready,
Find conversations about machine learning,dm_search,machine learning,
Set Q3 results to underlined,underline,Q3 results,
Forward this email,email_forward,,
Strengthen priority pipeline deals with clearer wording,ai_refine,strengthen with clearer wording,pipeline deals
Add useful context to client relationship risks,ai_refine,add useful context,relationship sensitivities
Delete customer onboarding,search_delete,customer onboarding,
Add more detail and supporting context to topics to discuss,ai_refine,add more detail and supporting context,discussion points
Reply saying the report is ready,dm_reply,the report is ready,
Italicize let me know,italic,let me know,
Send the email with the message the report is ready,email_send,the report is ready,
Compose an email about budget approval,email_compose,budget approval,
Start a new email with the subject budget approval,email_compose,budget approval,
make customer relationship management italic,italic,customer relationship management,
Forward this email to someone,email_forward,,
Highlight recent relationship developments,ai_refine,highlight recent relationship developments,recent relationship developments
Set keep it up to underlined,underline,keep it up,
Delete this email,email_delete,,
Add more detail and supporting context to key deals in the pipeline,ai_refine,add more detail and supporting context,pipeline deals
make long time no see bold,bold,long time no see,
Respond to this email with the deploy is scheduled for tonight,email_reply,the deploy is scheduled for tonight,
Search my email for Amazon,email_search,Amazon,
Put Quarterly earnings are up 10%. into the document,add_text,Quarterly earnings are up 10%.,
"Make ""Customer onboarding is complete."" italic",italic,Customer onboarding is complete.,
Reply to this message: standup moved to 10am,dm_reply,standup moved to 10am,
Archive this thread,unknown,,
Finish and send with the text the build is green,email_send,the build is green,
make good morning to underlined,underline,good morning,
make next steps to italic,italic,next steps,
Highlight recent relationship developments,ai_refine,highlight recent relationship developments,recent relationship developments
Delete the last sentence,prev_sentence_delete,,
Show me emails about customer onboarding,email_search,customer onboarding,
Delete the phrase machine learning,search_delete,machine learning,
make Q3 results italic,italic,Q3 results,
Search messages for customer experience,dm_search,customer experience,
Underline Introduction,underline,Introduction,
Highlight the most significant most significant pipeline deals to discuss,ai_refine,highlight the most significant,pipeline deals
Send the email: I'll be late today,email_send,I'll be late today,
Find conversations about Amazon,dm_search,Amazon,
Summarise what we need to achieve in the meeting,ai_refine,summarise what we need to achieve in the meeting,key meeting objectives
Italicize Machine learning is useful.,italic,Machine learning is useful.,
Type Artificial intelligence is changing the world.,add_text,Artificial intelligence is changing the world.,
Send the email saying can you review my PR,email_send,can you review my PR,
underline please review this,underline,please review this,
Send the email with the message the client call is confirmed,email_send,the client call is confirmed,
Start a new email with the subject the project plan,email_compose,the project plan,
Write an email about the project plan,email_compose,the project plan,
Finish and send with the text we hit the quarterly target,email_send,we hit the quarterly target,
Strengthen key deals in the pipeline with clearer wording,ai_refine,strengthen with clearer wording,pipeline deals
Reply with standup moved to 10am,email_reply,standup moved to 10am,
Please remove meeting notes,search_delete,meeting notes,
Delete the last sentence,prev_sentence_delete,,
Turn priority discussion topics into clear talking points,ai_refine,turn into clear talking points,discussion points
Play some music,unknown,,
Set nice to meet you to italic,italic,nice to meet you,
Search my chats for customer experience,dm_search,customer experience,
Send the email: the server is back up,email_send,the server is back up,
Look up emails about Introduction,email_search,Introduction,
Remove the chat,dm_delete,,
Send it and say I'll be late today,email_send,I'll be late today,
Bold artificial intelligence,bold,artificial intelligence,
"Delete ""Introduction""",search_delete,Introduction,
List any pending issues or complaints from this client,ai_refine,list any pending issues or complaints from this client,relationship sensitivities
Summarize the key points of client relationship risks,ai_refine,summarize the key points,relationship sensitivities
Remove the previous sentence,prev_sentence_delete,,
What's on my calendar?,unknown,,
make how are you into underlined,underline,how are you,
Highlight recent relationship developments for discussion points,ai_refine,highlight recent relationship developments,discussion points
Finish and send with the text can you review my PR,email_send,can you review my PR,
Reply to the email: the report is ready,email_reply,the report is ready,
Please make Conclusion bold,bold,Conclusion,
What should we prioritise for the meeting,ai_refine,what should we prioritise for the meeting,key meeting objectives
Apply underline to the deploy is ready,underline,the deploy is ready,
Highlight recent relationship developments for discussion points,ai_refine,highlight recent relationship developments,discussion points
make how's it going into bold,bold,how's it going,
Show me emails about Q3 results,email_search,Q3 results,
Reply to this email: the report is ready,email_reply,the report is ready,
Send this message: standup moved to 10am,dm_send,standup moved to 10am,
Respond to this email with I'll be late today,email_reply,I'll be late today,
Summarise what we need to achieve in the meeting,ai_refine,summarise what we need to achieve in the meeting,key meeting objectives
make instead of it italic,italic,instead of it,
Delete the previous sentence,prev_sentence_delete,,
Send this email on,email_forward,,
Search my DMs for Microsoft,dm_search,Microsoft,
Remove this email,email_delete,,
Archive this thread,unknown,,
Go to email,navigate_email,,
Respond to this email with the client call is confirmed,email_reply,the client call is confirmed,
make let me know into underlined,underline,let me know,
Search messages for project plan,dm_search,project plan,
Delete project plan,search_delete,project plan,
Delete the phrase important information,search_delete,important information,
Book a table for two,unknown,,
Search my DMs for deep learning,dm_search,deep learning,
Delete it,unknown,,
Post the message standup moved to 10am,dm_send,standup moved to 10am,
Italicize good morning,italic,good morning,
Finish and send with the text can you review my PR,email_send,can you review my PR,
set let me know to italicized,italic,let me know,
Look up chats about Google,dm_search,Google,
Which pipeline deals should we prioritise,ai_refine,which pipeline deals should we prioritise,pipeline deals
Erase machine learning,search_delete,machine learning,
Please underline at the end of it,underline,at the end of it,
Make recent client developments more concise and impactful,ai_refine,make more concise and impactful,recent relationship developments
Play some music,unknown,,
Switch to email,navigate_email,,
Search my inbox for Conclusion,email_search,Conclusion,
Post the message standup moved to 10am,dm_send,standup moved to 10am,
Look up chats about Q3 results,dm_search,Q3 results,
Mark everything as read,unknown,,
Can you open chat for me?,navigate_dm,,
Search my email for Introduction,email_search,Introduction,
Search messages for Q3 results,dm_search,Q3 results,
Take me to my DMs,navigate_dm,,
Search my chats for Introduction,dm_search,Introduction,
Delete this conversation,dm_delete,,
Switch to messages,navigate_dm,,
set this is urgent to italicized,italic,this is urgent,
Type Machine learning is useful.,add_text,Machine learning is useful.,
Add more detail and supporting context to recent client relationship changes,ai_refine,add more detail and supporting context,recent relationship developments
Italicize machine learning,italic,machine learning,
Forward this message,email_forward,,
Show me emails about Amazon,email_search,Amazon,
Send a reply saying the server is back up,email_reply,the server is back up,
Bold in place of this,bold,in place of this,
Open the email page,navigate_email,,
Post the message I'll be late today,dm_send,I'll be late today,
Set how have you been to italic,italic,how have you been,
Delete this conversation,dm_delete,,
set on top of it to bolded,bold,on top of it,
Send it and say I'll be late today,email_send,I'll be late today,
Send a reply saying can you review my PR,dm_reply,can you review my PR,
Please make Introduction italic,italic,Introduction,
Highlight the key items in pipeline deals,ai_refine,highlight the key items,pipeline deals
Put Artificial intelligence is changing the world. into the document,add_text,Artificial intelligence is changing the world.,
Archive this thread,unknown,,
Put Today is a beautiful day. into the document,add_text,Today is a beautiful day.,
Say the report is ready,dm_send,the report is ready,
Highlight recent relationship developments for discussion points,ai_refine,highlight recent relationship developments,discussion points
Delete the current email,email_delete,,
make the launch date to underlined,underline,the launch date,
Turn the important items into discussion points,ai_refine,turn the important items into discussion points,discussion points
Set Good morning everyone to italic,italic,Good morning everyone,
Go to email,navigate_email,,
"Delete ""Apple""",search_delete,Apple,
Send the client call is confirmed,dm_send,the client call is confirmed,
Can you open chat for me?,navigate_dm,,
Send this email on,email_forward,,
Set in place of that to italic,italic,in place of that,
Forward this message,email_forward,,
Send the email saying the client call is confirmed,email_send,the client call is confirmed,
Start a new email with the subject meeting notes,email_compose,meeting notes,
Bold how was your day,bold,how was your day,
Make this is urgent bold,bold,this is urgent,
Write an email about the sprint review,email_compose,the sprint review,
Please remove Conclusion,search_delete,Conclusion,
Reply to this email saying the report is ready,email_reply,the report is ready,
Please make The quick brown fox jumps over the lazy dog. bold,bold,The quick brown fox jumps over the lazy dog.,
Forward the current email,email_forward,,
Delete the last sentence,prev_sentence_delete,,
Trash this email,email_delete,,
set thank you to italicized,italic,thank you,
What should we prioritise for the meeting,ai_refine,what should we prioritise for the meeting,key meeting objectives
Send the email: lunch at noon,email_send,lunch at noon,
Forward this email,email_forward,,
Strengthen priority pipeline deals with clearer wording,ai_refine,strengthen with clearer wording,pipeline deals
Forward this email to someone,email_forward,,
Find the chat about customer onboarding,dm_search,customer onboarding,
make in place of that to italic,italic,in place of that,
Delete the last sentence,prev_sentence_delete,,
Unsend that,unknown,,
Answer this email with please update the ticket,email_reply,please update the ticket,
Underline annual report,underline,annual report,
Delete the phrase Google,search_delete,Google,
Search my DMs for Amazon,dm_search,Amazon,
Write lunch at noon,dm_send,lunch at noon,
Strengthen topics to discuss with clearer wording,ai_refine,strengthen with clearer wording,discussion points
set how have you been to bolded,bold,how have you been,
Show me chats about customer relationship management,dm_search,customer relationship management,
Navigate to email,navigate_email,,
make Introduction to bold,bold,Introduction,
Send a reply saying the build is green,email_reply,the build is green,
set we shipped the release to italicized,italic,we shipped the release,
make next steps into italic,italic,next steps,
Set Apple to underlined,underline,Apple,
What is the weather today?,unknown,,
Search for artificial intelligence in my inbox,email_search,artificial intelligence,
Go to my inbox of messages,navigate_dm,,
Show me my chats,navigate_dm,,
Remove the previous sentence,prev_sentence_delete,,
"Send this email, the body is the client call is confirmed",email_send,the client call is confirmed,
Apply underline to how was your day,underline,how was your day,
Go to email,navigate_email,,
Answer this email with the server is back up,email_reply,the server is back up,
Show me chats about Microsoft,dm_search,Microsoft,
Rewrite relationship concerns to be more concise,ai_refine,rewrite to be more concise,relationship sensitivities
Delete the previous sentence,prev_sentence_delete,,
Take me to my DMs,navigate_dm,,
Remove this email,email_delete,,
make Artificial intelligence is changing the world. to bold,bold,Artificial intelligence is changing the world.,
Identify the most important points in key discussion points,ai_refine,identify the most important points,discussion points
make the design doc into italic,italic,the design doc,
Reply to this email: we hit the quarterly target,email_reply,we hit the quarterly target,
Delete the current conversation,dm_delete,,
Navigate to email,navigate_email,,
make you're welcome to underlined,underline,you're welcome,
Delete the current conversation,dm_delete,,
Open the chat page,navigate_dm,,
Open my messages,navigate_dm,,
make in front of it bold,bold,in front of it,
Reply to the email: I'll be late today,email_reply,I'll be late today,
Please remove financial report,search_delete,financial report,
Send this email on,email_forward,,
Delete it,unknown,,
Remove the previous sentence,prev_sentence_delete,,
What are the main points we should discuss,ai_refine,what are the main points we should discuss,discussion points
Insert This is a sample document,add_text,This is a sample document,
Delete this email,email_delete,,
List any pending issues or complaints from this client,ai_refine,list any pending issues or complaints from this client,relationship sensitivities
Erase customer experience,search_delete,customer experience,
make Conclusion italic,italic,Conclusion,
Remove the chat,dm_delete,,
Compose an email about the project plan,email_compose,the project plan,
Send a reply saying the server is back up,dm_reply,the server is back up,
Set Please review this document. to underlined,underline,Please review this document.,
Find conversations about Amazon,dm_search,Amazon,
Forward this email,email_forward,,
make Please review this document. to italic,italic,Please review this document.,
Show me chats about customer experience,dm_search,customer experience,
Forward this email,email_forward,,
make the server is down to bold,bold,the server is down,
Summarise what we need to achieve in the meeting,ai_refine,summarise what we need to achieve in the meeting,key meeting objectives
Reply with the report is ready,email_reply,the report is ready,
Set Google to bold,bold,Google,
Erase annual report,search_delete,annual report,
Send the email with the message let's sync after the meeting,email_send,let's sync after the meeting,
Look up emails about customer onboarding,email_search,customer onboarding,
Set nice to meet you to bold,bold,nice to meet you,
Reply with the server is back up,email_reply,the server is back up,
Draft an email about customer onboarding,email_compose,customer onboarding,
"Send this email, the body is the build is green",email_send,the build is green,
Show me my emails,navigate_email,,
Delete this message,email_delete,,
What are the main points we should discuss,ai_refine,what are the main points we should discuss,discussion points
Respond to this email with the build is green,email_reply,the build is green,
Who won the game?,unknown,,
Apply underline to good evening,underline,good evening,
Delete the previous sentence,prev_sentence_delete,,
Send a reply saying please update the ticket,email_reply,please update the ticket,
Remove this message,dm_delete,,
Open my email,navigate_email,,
Bold the build is green,bold,the build is green,
Delete this thread,dm_delete,,
Delete the previous sentence,prev_sentence_delete,,
Erase meeting notes,search_delete,meeting notes,
Summarize the key points of critical meeting objectives,ai_refine,summarize the key points,key meeting objectives
"Underline ""instead of it""",underline,instead of it,
Send this message: the report is ready,dm_send,the report is ready,
Navigate to messages,navigate_dm,,
Summarise the key points of recent client developments,ai_refine,summarise the key points,recent relationship developments
Set how was your day to underlined,underline,how was your day,
Reply to this message: the server is back up,dm_reply,the server is back up,
"Make ""in place of it"" italic",italic,in place of it,
Reply to this message: lunch at noon,dm_reply,lunch at noon,
Search messages for Conclusion,dm_search,Conclusion,
Start a new email with the subject roadmap planning,email_compose,roadmap planning,
set by the way to italicized,italic,by the way,
Make this section more concise and impactful for relationship concerns,ai_refine,make this section more concise and impactful,relationship sensitivities
Delete this message,email_delete,,
Search my email for customer relationship management,email_search,customer relationship management,
Can you open email for me?,navigate_email,,
Delete the current email,email_delete,,
Send the email: the client call is confirmed,email_send,the client call is confirmed,
Put Quarterly earnings are up 10%. into the document,add_text,Quarterly earnings are up 10%.,
Please make Machine learning is useful. italic,italic,Machine learning is useful.,
Find the chat about deep learning,dm_search,deep learning,
Forward this email,email_forward,,
set in place of it to italicized,italic,in place of it,
"Make ""the deploy is ready"" bold",bold,the deploy is ready,
What time is it?,unknown,,
Customer onboarding is complete.,add_text,Customer onboarding is complete.,
Go to email,navigate_email,,
Search my DMs for Apple,dm_search,Apple,
make how are you doing into underlined,underline,how are you doing,
Apply underline to that,underline,that,
"Make ""the onboarding flow"" italic",italic,the onboarding flow,
Reply to this email: the build is green,email_reply,the build is green,
Draft an email about roadmap planning,email_compose,roadmap planning,
Delete the previous sentence,prev_sentence_delete,,
Forward it,email_forward,,
Finish and send with the text let's sync after the meeting,email_send,let's sync after the meeting,
Highlight the most significant new relationship developments to discuss,ai_refine,highlight the most significant,recent relationship developments
Look up chats about important information,dm_search,important information,
"Underline ""Machine learning is useful.""",underline,Machine learning is useful.,
Delete this chat,dm_delete,,
Set the launch date to bold,bold,the launch date,
Search messages for project plan,dm_search,project plan,
Reply to the email: we hit the quarterly target,email_reply,we hit the quarterly target,
Send this email on,email_forward,,
Reply to the email: the client call is confirmed,email_reply,the client call is confirmed,
Reply saying we hit the quarterly target,dm_reply,we hit the quarterly target,
Find emails about Introduction,email_search,Introduction,
Delete this email,email_delete,,
Send the email saying the client call is confirmed,email_send,the client call is confirmed,
Search my inbox for Amazon,email_search,Amazon,
Search messages for Google,dm_search,Google,
Send a chat message: the server is back up,dm_send,the server is back up,
Please underline Machine learning is useful.,underline,Machine learning is useful.,
Go to my inbox,navigate_email,,
Compose an email about the annual report,email_compose,the annual report,
Identify the most important points in key relationship risks,ai_refine,identify the most important points,relationship sensitivities
Please remove Google,search_delete,Google,
Remove the previous sentence,prev_sentence_delete,,
Forward this message,email_forward,,
Erase annual report,search_delete,annual report,
make Introduction into italic,italic,Introduction,
Trash this email,email_delete,,
Set you're welcome to italic,italic,you're welcome,
Open my messages,navigate_dm,,
Show me emails about Introduction,email_search,Introduction,
Remove the previous sentence,prev_sentence_delete,,
Apply underline to in the middle of it,underline,in the middle of it,
Open my messages,navigate_dm,,
"Send this email, the body is can you review my PR",email_send,can you review my PR,
Navigate to email,navigate_email,,
Search my email for important information,email_search,important information,
Show me chats about meeting notes,dm_search,meeting notes,
"Make ""Quarterly earnings are up 10%."" italic",italic,Quarterly earnings are up 10%.,
Throw this email away,email_delete,,
Reply saying can you review my PR,dm_reply,can you review my PR,
Delete the current conversation,dm_delete,,
What is the weather today?,unknown,,
Open the messenger,navigate_dm,,
What should we prioritise for the meeting,ai_refine,what should we prioritise for the meeting,key meeting objectives
Move this email to trash,email_delete,,
Search my inbox for annual report,email_search,annual report,
Send this message: the report is ready,dm_send,the report is ready,
Insert Welcome to the meeting,add_text,Welcome to the meeting,
Reply to this email saying can you review my PR,email_reply,can you review my PR,
Show me chats about Q3 results,dm_search,Q3 results,
Send this message: standup moved to 10am,dm_send,standup moved to 10am,
Search my DMs for deep learning,dm_search,deep learning,
Send can you review my PR,dm_send,can you review my PR,
Send the email with the message I'll be late today,email_send,I'll be late today,
Call bob,unknown,,
What relationship risks should I flag,ai_refine,what relationship risks should I flag,relationship sensitivities
Remove the previous sentence,prev_sentence_delete,,
Set in place of it to bold,bold,in place of it,
Delete the current email,email_delete,,
Please remove customer onboarding,search_delete,customer onboarding,
Switch to messages,navigate_dm,,
Write an email about customer onboarding,email_compose,customer onboarding,
What should we prioritise for the meeting,ai_refine,what should we prioritise for the meeting,key meeting objectives
Unsend that,unknown,,
Flag the main risks in critical meeting objectives,ai_refine,flag the main risks,key meeting objectives
Strengthen priority pipeline deals with clearer wording,ai_refine,strengthen with clearer wording,pipeline deals
Delete the phrase project plan,search_delete,project plan,
Delete the last sentence,prev_sentence_delete,,
Please make the launch date italic,italic,the launch date,
Move this email to trash,email_delete,,
What are the key relationship risks to flag,ai_refine,what are the key relationship risks to flag,relationship sensitivities
Highlight the key items in main meeting objectives,ai_refine,highlight the key items,key meeting objectives
Reply to this message: can you review my PR,dm_reply,can you review my PR,
Search my inbox for project plan,email_search,project plan,
"Delete ""customer onboarding""",search_delete,customer onboarding,
Rewrite client relationship risks to be more concise,ai_refine,rewrite to be more concise,relationship sensitivities
Open my inbox,navigate_email,,
Put The quick brown fox jumps over the lazy dog. into the document,add_text,The quick brown fox jumps over the lazy dog.,
Search messages for Microsoft,dm_search,Microsoft,
Search my email for annual report,email_search,annual report,
Please underline Apple,underline,Apple,
Highlight recent relationship developments for discussion points,ai_refine,highlight recent relationship developments,discussion points
Write Customer onboarding is complete.,add_text,Customer onboarding is complete.,
Respond with I'll be late today,dm_reply,I'll be late today,
Forward this email to someone,email_forward,,
make Introduction to underlined,underline,Introduction,
Go to email,navigate_email,,
Draft an email about budget approval,email_compose,budget approval,
Delete this chat,dm_delete,,
Find the email about project plan,email_search,project plan,
Say we hit the quarterly target,dm_send,we hit the quarterly target,
Show me emails about customer onboarding,email_search,customer onboarding,
Search messages for customer onboarding,dm_search,customer onboarding,
Bold The quick brown fox jumps over the lazy dog.,bold,The quick brown fox jumps over the lazy dog.,
Delete the phrase customer onboarding,search_delete,customer onboarding,
Set Please review this document. to bold,bold,Please review this document.,
"Make ""in place of it"" italic",italic,in place of it,
Search my chats for annual report,dm_search,annual report,
What's on my calendar?,unknown,,
Send this message: can you review my PR,dm_send,can you review my PR,
Post the message please update the ticket,dm_send,please update the ticket,
Throw this email away,email_delete,,
Forward this email to someone,email_forward,,
Underline hello everyone,underline,hello everyone,
Set artificial intelligence to italic,italic,artificial intelligence,
Delete the current conversation,dm_delete,,
Send a reply saying standup moved to 10am,dm_reply,standup moved to 10am,
Reply with I'll be late today,email_reply,I'll be late today,
Send a chat message: the client call is confirmed,dm_send,the client call is confirmed,
Find the chat about deep learning,dm_search,deep learning,
Forward it,email_forward,,
Delete the previous sentence,prev_sentence_delete,,
Delete the last sentence,prev_sentence_delete,,
Delete this conversation,dm_delete,,
Delete it,unknown,,
Underline the onboarding flow,underline,the onboarding flow,
Go to my inbox,navigate_email,,
Move this email to trash,email_delete,,
Highlight the most significant critical meeting objectives to discuss,ai_refine,highlight the most significant,key meeting objectives
Put Quarterly earnings are up 10%. into the document,add_text,Quarterly earnings are up 10%.,
Make This is a sample document italic,italic,This is a sample document,
Forward this message,email_forward,,
"Make ""next steps"" bold",bold,next steps,
Erase project plan,search_delete,project plan,
Please make Good morning everyone italic,italic,Good morning everyone,
make the deploy is ready to bold,bold,the deploy is ready,
Send the email saying the deploy is scheduled for tonight,email_send,the deploy is scheduled for tonight,
Send the email saying the server is back up,email_send,the server is back up,
Erase Conclusion,search_delete,Conclusion,
Mark everything as read,unknown,,
Compose an email about meeting notes,email_compose,meeting notes,
Reply saying standup moved to 10am,dm_reply,standup moved to 10am,
Begin a new email regarding the sprint review,email_compose,the sprint review,
Remove the previous sentence,prev_sentence_delete,,
Search messages for Conclusion,dm_search,Conclusion,
New email about customer onboarding,email_compose,customer onboarding,
Highlight the most significant priority meeting objectives to discuss,ai_refine,highlight the most significant,key meeting objectives
Draft an email about the sprint review,email_compose,the sprint review,
Flag the highest-value opportunities in the pipeline,ai_refine,flag the highest-value opportunities in the pipeline,pipeline deals
make great job to italic,italic,great job,
Set meeting notes to underlined,underline,meeting notes,
Send it and say I'll be late today,email_send,I'll be late today,
Delete the current conversation,dm_delete,,
Delete the previous sentence,prev_sentence_delete,,
Look up chats about important information,dm_search,important information,
Compose an email with the subject the security update,email_compose,the security update,
Remove this message,dm_delete,,
Strengthen recent client relationship changes with clearer wording,ai_refine,strengthen with clearer wording,recent relationship developments
Delete the previous sentence,prev_sentence_delete,,
Navigate to email,navigate_email,,
Write an email about roadmap planning,email_compose,roadmap planning,
Play some music,unknown,,
Insert Today is a beautiful day.,add_text,Today is a beautiful day.,
Send this message: the report is ready,dm_send,the report is ready,
Make this is urgent bold,bold,this is urgent,
Please underline in the middle of it,underline,in the middle of it,
Erase annual report,search_delete,annual report,
Find conversations about deep learning,dm_search,deep learning,
What has changed recently in the client relationship,ai_refine,what has changed recently in the client relationship,recent relationship developments
Can you open email for me?,navigate_email,,
Good morning everyone,add_text,Good morning everyone,
Reply with can you review my PR,dm_reply,can you review my PR,
Add more detail and supporting context to sensitive relationship issues,ai_refine,add more detail and supporting context,relationship sensitivities
set Microsoft to bolded,bold,Microsoft,
Reply with the report is ready,dm_reply,the report is ready,
Delete Google,search_delete,Google,
What is the weather today?,unknown,,
Which pipeline deals should we prioritise,ai_refine,which pipeline deals should we prioritise,pipeline deals
set those to bolded,bold,those,
Write This is a sample document,add_text,This is a sample document,
Send the email with the message let's sync after the meeting,email_send,let's sync after the meeting,
Show me emails about Conclusion,email_search,Conclusion,
Switch to messages,navigate_dm,,
Find the chat about annual report,dm_search,annual report,
Rewrite sensitive relationship issues to be more concise,ai_refine,rewrite to be more concise,relationship sensitivities
Find the email about Google,email_search,Google,
Highlight recent relationship developments,ai_refine,highlight recent relationship developments,recent relationship developments
make good night bold,bold,good night,
Show me my chats,navigate_dm,,
Open my email,navigate_email,,
Switch to messages,navigate_dm,,
Rewrite meeting objectives to be more concise,ai_refine,rewrite to be more concise,key meeting objectives
Show me my emails,navigate_email,,
Flag the highest-value opportunities in the pipeline,ai_refine,flag the highest-value opportunities in the pipeline,pipeline deals
What time is it?,unknown,,
make Google to underlined,underline,Google,
Send the email with the message the server is back up,email_send,the server is back up,
Look up chats about customer relationship management,dm_search,customer relationship management,
Set by the way to italic,italic,by the way,
make in the middle of it into italic,italic,in the middle of it,
"Make ""welcome aboard"" bold",bold,welcome aboard,
Please underline customer onboarding,underline,customer onboarding,
Italicize Customer onboarding is complete.,italic,Customer onboarding is complete.,
Send the email: can you review my PR,email_send,can you review my PR,
Send the email saying lunch at noon,email_send,lunch at noon,
Find emails about Amazon,email_search,Amazon,
Who won the game?,unknown,,
Please make let me know bold,bold,let me know,
Please make these bold,bold,these,
make our new policy into italic,italic,our new policy,
make the bug is fixed to bold,bold,the bug is fixed,
Send a reply saying the build is green,email_reply,the build is green,
Take me to my inbox,navigate_email,,
Forward the current email,email_forward,,
Say the server is back up,dm_send,the server is back up,
make long time no see to italic,italic,long time no see,
Search my chats for customer experience,dm_search,customer experience,
Search for important information in my inbox,email_search,important information,
make instead of this bold,bold,instead of this,
make important information to bold,bold,important information,
Set at the end of it to bold,bold,at the end of it,
Search my inbox for Conclusion,email_search,Conclusion,
Look up emails about Apple,email_search,Apple,
Navigate to email,navigate_email,,
Flag the highest-value opportunities in the pipeline,ai_refine,flag the highest-value opportunities in the pipeline,pipeline deals
Please underline the roadmap,underline,the roadmap,
Mark everything as read,unknown,,
Forward this email,email_forward,,
Remove the previous sentence,prev_sentence_delete,,
"Send this email, the body is the build is green",email_send,the build is green,
make Hello everyone bold,bold,Hello everyone,
Show me my emails,navigate_email,,
Delete the previous sentence,prev_sentence_delete,,
Type and send the client call is confirmed,dm_send,the client call is confirmed,
Delete this conversation,dm_delete,,
Reply with the server is back up,dm_reply,the server is back up,
Throw this email away,email_delete,,
Strengthen latest relationship developments with clearer wording,ai_refine,strengthen with clearer wording,recent relationship developments
What has changed recently in the client relationship,ai_refine,what has changed recently in the client relationship,recent relationship developments
Reply to this email saying can you review my PR,email_reply,can you review my PR,
Please remove customer onboarding,search_delete,customer onboarding,
What relationship risks should I flag,ai_refine,what relationship risks should I flag,relationship sensitivities
Open the chat page,navigate_dm,,
Please write The project starts tomorrow.,add_text,The project starts tomorrow.,
Remove the previous sentence,prev_sentence_delete,,
Highlight recent relationship developments,ai_refine,highlight recent relationship developments,recent relationship developments
Turn the important items into discussion points,ai_refine,turn the important items into discussion points,discussion points
Throw this email away,email_delete,,
Italicize long time no see,italic,long time no see,
Send a message saying standup moved to 10am,dm_send,standup moved to 10am,
Open the email page,navigate_email,,
Delete Apple,search_delete,Apple,
Search my email for customer relationship management,email_search,customer relationship management,
make good afternoon to bold,bold,good afternoon,
Forward this message,email_forward,,
Delete the current email,email_delete,,
Search for customer experience in my inbox,email_search,customer experience,
Make welcome aboard italic,italic,welcome aboard,
Send a chat message: lunch at noon,dm_send,lunch at noon,
What are the main points we should discuss,ai_refine,what are the main points we should discuss,discussion points
Finish and send with the text the client call is confirmed,email_send,the client call is confirmed,
Remove the previous sentence,prev_sentence_delete,,
Say the deploy is scheduled for tonight,dm_send,the deploy is scheduled for tonight,
Please make welcome aboard bold,bold,welcome aboard,
Add useful context to relationship sensitivities,ai_refine,add useful context,relationship sensitivities
Bold for now,bold,for now,
Remove the previous sentence,prev_sentence_delete,,
Reply to the email: lunch at noon,email_reply,lunch at noon,
"Make ""how have you been"" bold",bold,how have you been,
Set the client is happy to bold,bold,the client is happy,
Show me my chats,navigate_dm,,
Navigate to email,navigate_email,,
Remove the previous sentence,prev_sentence_delete,,
Forward the current email,email_forward,,
make Google into bold,bold,Google,
Trash this chat,dm_delete,,
New email about roadmap planning,email_compose,roadmap planning,
What is the weather today?,unknown,,
Send a reply saying we hit the quarterly target,email_reply,we hit the quarterly target,
set Amazon to italicized,italic,Amazon,
Write The project starts tomorrow.,add_text,The project starts tomorrow.,
Respond with I'll be late today,dm_reply,I'll be late today,
set deep learning to bolded,bold,deep learning,
Show me emails about Amazon,email_search,Amazon,
Switch to email,navigate_email,,
Delete customer onboarding,search_delete,customer onboarding,
Delete this thread,dm_delete,,
Compose an email with the subject the sprint review,email_compose,the sprint review,
Show me chats about Google,dm_search,Google,
Delete it,unknown,,
Highlight the most significant priority meeting objectives to discuss,ai_refine,highlight the most significant,key meeting objectives
Look up emails about Microsoft,email_search,Microsoft,
Insert The project starts tomorrow.,add_text,The project starts tomorrow.,
Write an email about the project plan,email_compose,the project plan,
Search for financial report in my inbox,email_search,financial report,
Make artificial intelligence italic,italic,artificial intelligence,
Delete this email,email_delete,,
Highlight the most significant high-value pipeline opportunities to discuss,ai_refine,highlight the most significant,pipeline deals
Finish and send with the text let's sync after the meeting,email_send,let's sync after the meeting,
Open the chat page,navigate_dm,,
Delete this chat,dm_delete,,
Delete this email,email_delete,,
Remove this message,dm_delete,,
Trash this email,email_delete,,
Send the email with the message the report is ready,email_send,the report is ready,
Write a new email titled the security update,email_compose,the security update,
Take me to my inbox,navigate_email,,
"Make ""them"" bold",bold,them,
Rewrite pipeline deals to be more concise,ai_refine,rewrite to be more concise,pipeline deals
Remove the previous sentence,prev_sentence_delete,,
Please remove Apple,search_delete,Apple,
Highlight recent relationship developments,ai_refine,highlight recent relationship developments,recent relationship developments
Reply to this chat with please update the ticket,dm_reply,please update the ticket,
make the meeting is at noon into bold,bold,the meeting is at noon,
Add Artificial intelligence is changing the world.,add_text,Artificial intelligence is changing the world.,
"Delete ""Introduction""",search_delete,Introduction,
Please make the quarterly review bold,bold,the quarterly review,
Please make how was your day italic,italic,how was your day,
Delete the previous sentence,prev_sentence_delete,,
Summarize the key points of key relationship risks,ai_refine,summarize the key points,relationship sensitivities
Go to my inbox,navigate_email,,
Underline Introduction,underline,Introduction,
Show me my chats,navigate_dm,,
Apply underline to the roadmap,underline,the roadmap,
This is a sample document,add_text,This is a sample document,
make see you soon into italic,italic,see you soon,
Turn critical meeting objectives into clear talking points,ai_refine,turn into clear talking points,key meeting objectives
Reply with lunch at noon,email_reply,lunch at noon,
Please underline keep it up,underline,keep it up,
set Customer onboarding is complete. to underline,underline,Customer onboarding is complete.,
Reply with let's sync after the meeting,email_reply,let's sync after the meeting,
Switch to email,navigate_email,,
make customer onboarding italic,italic,customer onboarding,
make Machine learning is useful. into italic,italic,Machine learning is useful.,
Send this email on,email_forward,,
set Customer onboarding is complete. to bolded,bold,Customer onboarding is complete.,
The quick brown fox jumps over the lazy dog.,add_text,The quick brown fox jumps over the lazy dog.,
Find conversations about Q3 results,dm_search,Q3 results,
Message saying the server is back up,dm_send,the server is back up,
Identify the most important points in key discussion points,ai_refine,identify the most important points,discussion points
set the launch date to underline,underline,the launch date,
Send the email saying can you review my PR,email_send,can you review my PR,
Trash this chat,dm_delete,,
Send the email: I'll be late today,email_send,I'll be late today,
make in front of it into underlined,underline,in front of it,
Summarise the key points of key relationship risks,ai_refine,summarise the key points,relationship sensitivities
Send the email: I'll be late today,email_send,I'll be late today,
Trash this email,email_delete,,
Send it,unknown,,
Send the email with the message the report is ready,email_send,the report is ready,
Find the email about machine learning,email_search,machine learning,
Forward this message,email_forward,,
make the deadline is friday into italic,italic,the deadline is friday,
Show me emails about customer onboarding,email_search,customer onboarding,
Search my inbox for deep learning,email_search,deep learning,
make that bold,bold,that,
Search my chats for Microsoft,dm_search,Microsoft,
Open my inbox,navigate_email,,
make the build is green bold,bold,the build is green,
Reply to this chat with the server is back up,dm_reply,the server is back up,
Go to my inbox of messages,navigate_dm,,
Add Artificial intelligence is changing the world.,add_text,Artificial intelligence is changing the world.,
Who won the game?,unknown,,
underline the server is down,underline,the server is down,
Italicize customer relationship management,italic,customer relationship management,
Forward this email to someone,email_forward,,
Delete the previous sentence,prev_sentence_delete,,
What relationship risks should I flag,ai_refine,what relationship risks should I flag,relationship sensitivities
Show me emails about project plan,email_search,project plan,
Find the email about important information,email_search,important information,
make the roadmap into italic,italic,the roadmap,
Begin a new email regarding the project plan,email_compose,the project plan,
Show me chats about deep learning,dm_search,deep learning,
"Make ""hello world"" bold",bold,hello world,
set the bug is fixed to underline,underline,the bug is fixed,
make our new policy bold,bold,our new policy,
make The project starts tomorrow. to italic,italic,The project starts tomorrow.,
Forward this email,email_forward,,
Send this email saying I'll be late today,email_send,I'll be late today,
Open my inbox,navigate_email,,
Start a new email with the subject budget approval,email_compose,budget approval,
underline in front of it,underline,in front of it,
Compose an email about the annual report,email_compose,the annual report,
Set how was your day to underlined,underline,how was your day,
Remove the previous sentence,prev_sentence_delete,,
Delete this email,email_delete,,
List any pending issues or complaints from this client,ai_refine,list any pending issues or complaints from this client,relationship sensitivities
Delete the last sentence,prev_sentence_delete,,
Open my email,navigate_email,,
Summarize the key points of relationship concerns,ai_refine,summarize the key points,relationship sensitivities
Strengthen sensitive relationship issues with clearer wording,ai_refine,strengthen with clearer wording,relationship sensitivities
Open my messages,navigate_dm,,
What is the weather today?,unknown,,
make customer relationship management to italic,italic,customer relationship management,
Insert Welcome to the meeting,add_text,Welcome to the meeting,
Italicize deep learning,italic,deep learning,
Respond to this email with the build is green,email_reply,the build is green,
Find the chat about meeting notes,dm_search,meeting notes,
Erase customer relationship management,search_delete,customer relationship management,
List any pending issues or complaints from this client,ai_refine,list any pending issues or complaints from this client,relationship sensitivities
Reply saying can you review my PR,dm_reply,can you review my PR,
Send this message: we hit the quarterly target,dm_send,we hit the quarterly target,
Write an email about customer onboarding,email_compose,customer onboarding,
Begin a new email regarding meeting notes,email_compose,meeting notes,
Make this section more concise and impactful for recent relationship developments,ai_refine,make this section more concise and impactful,recent relationship developments
Italicize Q3 results,italic,Q3 results,
Delete the last sentence,prev_sentence_delete,,
Reply to this message: the deploy is scheduled for tonight,dm_reply,the deploy is scheduled for tonight,
Strengthen topics to discuss with clearer wording,ai_refine,strengthen with clearer wording,discussion points
Unsend that,unknown,,
Send this message: we hit the quarterly target,dm_send,we hit the quarterly target,
underline Hello everyone,underline,Hello everyone,
Strengthen relationship sensitivities with clearer wording,ai_refine,strengthen with clearer wording,relationship sensitivities
Show me chats about Conclusion,dm_search,Conclusion,
Remove the previous sentence,prev_sentence_delete,,
Reply to this message: the deploy is scheduled for tonight,dm_reply,the deploy is scheduled for tonight,
Erase customer relationship management,search_delete,customer relationship management,
Send this email on,email_forward,,
Throw this email away,email_delete,,
Erase Microsoft,search_delete,Microsoft,
Make customer relationship management italic,italic,customer relationship management,
Highlight recent relationship developments for discussion points,ai_refine,highlight recent relationship developments,discussion points
Make see you tomorrow bold,bold,see you tomorrow,
Respond to this email with the client call is confirmed,email_reply,the client call is confirmed,
Delete it,unknown,,
Delete the last sentence,prev_sentence_delete,,
Delete the current conversation,dm_delete,,
Strengthen latest relationship developments with clearer wording,ai_refine,strengthen with clearer wording,recent relationship developments
Make financial report italic,italic,financial report,
Message saying lunch at noon,dm_send,lunch at noon,
Add Quarterly earnings are up 10%.,add_text,Quarterly earnings are up 10%.,
Delete this email,email_delete,,
Message saying we hit the quarterly target,dm_send,we hit the quarterly target,
Reply to this email: the report is ready,email_reply,the report is ready,
Navigate to email,navigate_email,,
"Make ""the API key"" italic",italic,the API key,
Put Today is a beautiful day. into the document,add_text,Today is a beautiful day.,
"Send this email, the body is we hit the quarterly target",email_send,we hit the quarterly target,
Show me my chats,navigate_dm,,
set our new policy to bolded,bold,our new policy,
Please make well done italic,italic,well done,
Delete the previous sentence,prev_sentence_delete,,
Find the chat about customer experience,dm_search,customer experience,
Summarise what we need to achieve in the meeting,ai_refine,summarise what we need to achieve in the meeting,key meeting objectives
Open my messages,navigate_dm,,
Search messages for Microsoft,dm_search,Microsoft,
Set on the other hand to italic,italic,on the other hand,
Highlight the key items in critical meeting objectives,ai_refine,highlight the key items,key meeting objectives
Respond to this email with the client call is confirmed,email_reply,the client call is confirmed,
make let me know to bold,bold,let me know,
Go to my inbox of messages,navigate_dm,,
Open the chat page,navigate_dm,,
What's on my calendar?,unknown,,
"Underline ""the final report""",underline,the final report,
"Delete ""Conclusion""",search_delete,Conclusion,
Delete this message,email_delete,,
Highlight the key items in client relationship risks,ai_refine,highlight the key items,relationship sensitivities
Send I'll be late today,dm_send,I'll be late today,
Find the chat about machine learning,dm_search,machine learning,
Set good afternoon to underlined,underline,good afternoon,
Archive this thread,unknown,,
Summarise the key points of key deals in the pipeline,ai_refine,summarise the key points,pipeline deals
Erase deep learning,search_delete,deep learning,
make This is a sample document bold,bold,This is a sample document,
Delete this conversation,dm_delete,,
Search my inbox for customer experience,email_search,customer experience,
Highlight the key items in points for discussion,ai_refine,highlight the key items,discussion points
Find the chat about Q3 results,dm_search,Q3 results,
Search for artificial intelligence in my inbox,email_search,artificial intelligence,
make have a nice day into italic,italic,have a nice day,
Send the email: I'll be late today,email_send,I'll be late today,
make financial report to underlined,underline,financial report,
Make this is urgent italic,italic,this is urgent,
set Quarterly earnings are up 10%. to italicized,italic,Quarterly earnings are up 10%.,
Open my inbox,navigate_email,,
What has changed recently in the client relationship,ai_refine,what has changed recently in the client relationship,recent relationship developments
Delete this thread,dm_delete,,
Send the email with the message the deploy is scheduled for tonight,email_send,the deploy is scheduled for tonight,
Respond to this email with the build is green,email_reply,the build is green,
Remove this message,dm_delete,,
Archive this thread,unknown,,
Reply with the server is back up,email_reply,the server is back up,
Say lunch at noon,dm_send,lunch at noon,
Write can you review my PR,dm_send,can you review my PR,
List any pending issues or complaints from this client,ai_refine,list any pending issues or complaints from this client,relationship sensitivities
"Make ""Google"" italic",italic,Google,
Respond with let's sync after the meeting,dm_reply,let's sync after the meeting,
Highlight the key items in high-value pipeline opportunities,ai_refine,highlight the key items,pipeline deals
Forward the current email,email_forward,,
Delete the previous sentence,prev_sentence_delete,,
Message saying the deploy is scheduled for tonight,dm_send,the deploy is scheduled for tonight,
Please underline keep it up,underline,keep it up,
Book a table for two,unknown,,
Search my chats for financial report,dm_search,financial report,
Find conversations about customer experience,dm_search,customer experience,
Which pipeline deals should we prioritise,ai_refine,which pipeline deals should we prioritise,pipeline deals
Delete this message,email_delete,,
What should we prioritise for the meeting,ai_refine,what should we prioritise for the meeting,key meeting objectives
Remove the previous sentence,prev_sentence_delete,,
"Underline ""next steps""",underline,next steps,
Please make instead of it italic,italic,instead of it,
Search for customer relationship management in my inbox,email_search,customer relationship management,
Forward this message,email_forward,,
Delete this chat,dm_delete,,
Search my DMs for Q3 results,dm_search,Q3 results,
set in the meantime to italicized,italic,in the meantime,
Reply to this message: we hit the quarterly target,dm_reply,we hit the quarterly target,
Delete this email,email_delete,,
Finish and send with the text the client call is confirmed,email_send,the client call is confirmed,
Turn client relationship risks into clear talking points,ai_refine,turn into clear talking points,relationship sensitivities
Highlight the most significant most significant pipeline deals to discuss,ai_refine,highlight the most significant,pipeline deals
"Make ""see you soon"" bold",bold,see you soon,
Highlight the most significant main meeting objectives to discuss,ai_refine,highlight the most significant,key meeting objectives
Send it and say the client call is confirmed,email_send,the client call is confirmed,
"Underline ""well done""",underline,well done,
make the deploy is ready to bold,bold,the deploy is ready,
Please make the bug is fixed bold,bold,the bug is fixed,
Reply to the email: the deploy is scheduled for tonight,email_reply,the deploy is scheduled for tonight,
Send it and say standup moved to 10am,email_send,standup moved to 10am,
make in the meantime bold,bold,in the meantime,
set Introduction to italicized,italic,Introduction,
Send the email with the message the build is green,email_send,the build is green,
Insert This is a sample document,add_text,This is a sample document,
"Make ""the launch date"" italic",italic,the launch date,
Send it,unknown,,
Trash this email,email_delete,,
Switch to email,navigate_email,,
Send a message saying standup moved to 10am,dm_send,standup moved to 10am,
make our new policy italic,italic,our new policy,
Find conversations about financial report,dm_search,financial report,
Compose an email with the subject contract renewal,email_compose,contract renewal,
Reply saying the deploy is scheduled for tonight,dm_reply,the deploy is scheduled for tonight,
Write an email about roadmap planning,email_compose,roadmap planning,
Schedule a meeting,unknown,,
make Microsoft into underlined,underline,Microsoft,
Reply to this message: the build is green,dm_reply,the build is green,
Compose an email with the subject budget approval,email_compose,budget approval,
Remove the previous sentence,prev_sentence_delete,,
Send the email: lunch at noon,email_send,lunch at noon,
make how are you doing into underlined,underline,how are you doing,
Make the bug is fixed bold,bold,the bug is fixed,
Reply to this chat with let's sync after the meeting,dm_reply,let's sync after the meeting,
Apply underline to how have you been,underline,how have you been,
Send a reply saying the report is ready,dm_reply,the report is ready,
Add more detail and supporting context to relationship sensitivities,ai_refine,add more detail and supporting context,relationship sensitivities
Summarize the key points of priority discussion topics,ai_refine,summarize the key points,discussion points
Search messages for Amazon,dm_search,Amazon,
Search my DMs for Amazon,dm_search,Amazon,
Reply with standup moved to 10am,dm_reply,standup moved to 10am,
What time is it?,unknown,,
Show me chats about Apple,dm_search,Apple,
Move this email to trash,email_delete,,
Reply to the email: I'll be late today,email_reply,I'll be late today,
Identify the most important points in priority discussion topics,ai_refine,identify the most important points,discussion points
Remove the previous sentence,prev_sentence_delete,,
Send it and say the client call is confirmed,email_send,the client call is confirmed,
"Make ""the ticket is closed"" bold",bold,the ticket is closed,
Send the email: can you review my PR,email_send,can you review my PR,
What are the key relationship risks to flag,ai_refine,what are the key relationship risks to flag,relationship sensitivities
Take me to my DMs,navigate_dm,,
Send the email saying the deploy is scheduled for tonight,email_send,the deploy is scheduled for tonight,
Search my email for Conclusion,email_search,Conclusion,
Send a reply saying can you review my PR,email_reply,can you review my PR,
Remove the chat,dm_delete,,
Find emails about financial report,email_search,financial report,
Open my inbox,navigate_email,,
Remove the previous sentence,prev_sentence_delete,,
Reply to this email: the report is ready,email_reply,the report is ready,
Search my email for customer onboarding,email_search,customer onboarding,
Search for important information in my inbox,email_search,important information,
Set this is urgent to underlined,underline,this is urgent,
Show me my chats,navigate_dm,,
"Underline ""The quick brown fox jumps over the lazy dog.""",underline,The quick brown fox jumps over the lazy dog.,
make hello everyone to italic,italic,hello everyone,
Delete the current conversation,dm_delete,,
Send this email saying the server is back up,email_send,the server is back up,
Please remove Introduction,search_delete,Introduction,
Answer this email with let's sync after the meeting,email_reply,let's sync after the meeting,
Write Quarterly earnings are up 10%.,add_text,Quarterly earnings are up 10%.,
Make the design doc bold,bold,the design doc,
Respond with I'll be late today,dm_reply,I'll be late today,
Send the email: the server is back up,email_send,the server is back up,
Reply with the deploy is scheduled for tonight,email_reply,the deploy is scheduled for tonight,
Reply to this email: the server is back up,email_reply,the server is back up,
Delete the previous sentence,prev_sentence_delete,,
Summarise what we need to achieve in the meeting,ai_refine,summarise what we need to achieve in the meeting,key meeting objectives
Draft an email about the project plan,email_compose,the project plan,
Search my inbox for financial report,email_search,financial report,
Show me emails about Google,email_search,Google,
Add Artificial intelligence is changing the world.,add_text,Artificial intelligence is changing the world.,
Delete this email,email_delete,,
Look up emails about Q3 results,email_search,Q3 results,
"Make ""our new policy"" italic",italic,our new policy,
underline it,underline,it,
underline in place of that,underline,in place of that,
Trash this chat,dm_delete,,
What's on my calendar?,unknown,,
make on the other hand italic,italic,on the other hand,
Highlight the most significant pipeline deals to discuss,ai_refine,highlight the most significant,pipeline deals
Add Today is a beautiful day.,add_text,Today is a beautiful day.,
Type Welcome to the meeting,add_text,Welcome to the meeting,
Remove the previous sentence,prev_sentence_delete,,
Forward this email,email_forward,,
New email about roadmap planning,email_compose,roadmap planning,
Please remove customer experience,search_delete,customer experience,
Compose an email about roadmap planning,email_compose,roadmap planning,
Trash this email,email_delete,,
Flag the main risks in relationship sensitivities,ai_refine,flag the main risks,relationship sensitivities
Forward it,email_forward,,
Turn relationship sensitivities into clear talking points,ai_refine,turn into clear talking points,relationship sensitivities
Trash this email,email_delete,,
Answer this email with I'll be late today,email_reply,I'll be late today,
Highlight recent relationship developments for discussion points,ai_refine,highlight recent relationship developments,discussion points
make hello world italic,italic,hello world,
"Underline ""good evening""",underline,good evening,
Highlight recent relationship developments for discussion points,ai_refine,highlight recent relationship developments,discussion points
Can you open chat for me?,navigate_dm,,
make well done into underlined,underline,well done,
Go to my inbox of messages,navigate_dm,,
make Good morning everyone into italic,italic,Good morning everyone,
Delete the previous sentence,prev_sentence_delete,,
Navigate to email,navigate_email,,
Add useful context to key discussion points,ai_refine,add useful context,discussion points
Take me to my DMs,navigate_dm,,
Open my inbox,navigate_email,,
Delete Google,search_delete,Google,
Go to my inbox of messages,navigate_dm,,
Highlight recent relationship developments for discussion points,ai_refine,highlight recent relationship developments,discussion points
Trash this chat,dm_delete,,
Answer this email with let's sync after the meeting,email_reply,let's sync after the meeting,
Unsend that,unknown,,
Reply to this email saying the server is back up,email_reply,the server is back up,
Forward it,email_forward,,
"Delete ""artificial intelligence""",search_delete,artificial intelligence,
Find emails about Apple,email_search,Apple,
Compose an email about customer onboarding,email_compose,customer onboarding,
Forward this message,email_forward,,
Respond with we hit the quarterly target,dm_reply,we hit the quarterly target,
Reply to the email: let's sync after the meeting,email_reply,let's sync after the meeting,
Make that bold,bold,that,
Send a reply saying can you review my PR,dm_reply,can you review my PR,
Make see you soon italic,italic,see you soon,
Please underline the ticket is closed,underline,the ticket is closed,
underline the client is happy,underline,the client is happy,
Delete meeting notes,search_delete,meeting notes,
Reply with can you review my PR,dm_reply,can you review my PR,
set you're welcome to underline,underline,you're welcome,
Make the server is down bold,bold,the server is down,
Draft an email about customer onboarding,email_compose,customer onboarding,
Please make Google bold,bold,Google,
Write a new email titled the annual report,email_compose,the annual report,
Italicize how was your day,italic,how was your day,
Which pipeline deals should we prioritise,ai_refine,which pipeline deals should we prioritise,pipeline deals
Highlight the most significant topics to discuss to discuss,ai_refine,highlight the most significant,discussion points
"Make ""let me know"" italic",italic,let me know,
"Underline ""for now""",underline,for now,
Make the launch date italic,italic,the launch date,
Trash this chat,dm_delete,,
Search my email for deep learning,email_search,deep learning,
Answer with the report is ready,dm_reply,the report is ready,
Send this email saying lunch at noon,email_send,lunch at noon,
Remove this email,email_delete,,
Message saying let's sync after the meeting,dm_send,let's sync after the meeting,
Trash this email,email_delete,,
Archive this thread,unknown,,
Send a message saying the report is ready,dm_send,the report is ready,
Forward this message,email_forward,,
Please make the server is down bold,bold,the server is down,
Delete this message,email_delete,,
Bold project plan,bold,project plan,
Delete this email,email_delete,,
Start a new email with the subject Q3 results,email_compose,Q3 results,
Which pipeline deals should we prioritise,ai_refine,which pipeline deals should we prioritise,pipeline deals
Send this email on,email_forward,,
Erase Conclusion,search_delete,Conclusion,
Please make how's it going bold,bold,how's it going,
Delete this thread,dm_delete,,
Find the email about customer onboarding,email_search,customer onboarding,
Reply to this email: please update the ticket,email_reply,please update the ticket,
Add more detail and supporting context to most significant pipeline deals,ai_refine,add more detail and supporting context,pipeline deals
Show me my emails,navigate_email,,
Send a reply saying lunch at noon,email_reply,lunch at noon,
Summarise what we need to achieve in the meeting,ai_refine,summarise what we need to achieve in the meeting,key meeting objectives
Forward this email,email_forward,,
Compose an email about the annual report,email_compose,the annual report,
Trash this chat,dm_delete,,
make meeting notes to underlined,underline,meeting notes,
Remove this message,dm_delete,,
Forward this email to someone,email_forward,,
Archive this thread,unknown,,
Which pipeline deals should we prioritise,ai_refine,which pipeline deals should we prioritise,pipeline deals
Erase Amazon,search_delete,Amazon,
Write an email about the annual report,email_compose,the annual report,
Reply with let's sync after the meeting,dm_reply,let's sync after the meeting,
Show me emails about customer experience,email_search,customer experience,
Send the email saying we hit the quarterly target,email_send,we hit the quarterly target,
Begin a new email regarding budget approval,email_compose,budget approval,
Delete this message,email_delete,,
Write let's sync after the meeting,dm_send,let's sync after the meeting,
Make hello world bold,bold,hello world,
Delete this thread,dm_delete,,
Search my DMs for Conclusion,dm_search,Conclusion,
Answer this email with please update the ticket,email_reply,please update the ticket,
Find the email about important information,email_search,important information,
Open the messenger,navigate_dm,,
Reply to this chat with the server is back up,dm_reply,the server is back up,
Reply with the build is green,dm_reply,the build is green,
Delete the current conversation,dm_delete,,
Reply to this message: I'll be late today,dm_reply,I'll be late today,
Forward it,email_forward,,
set the client is happy to italicized,italic,the client is happy,
make that into bold,bold,that,
Search my chats for Conclusion,dm_search,Conclusion,
Schedule a meeting,unknown,,
Write an email about Q3 results,email_compose,Q3 results,
Please underline it,underline,it,
make the quarterly review into italic,italic,the quarterly review,
make see you soon into italic,italic,see you soon,
"Delete ""Conclusion""",search_delete,Conclusion,
Go to my inbox of messages,navigate_dm,,
Summarise the key points of priority discussion topics,ai_refine,summarise the key points,discussion points
Bold meeting notes,bold,meeting notes,
"Underline ""these""",underline,these,
Summarise the key points of recent relationship developments,ai_refine,summarise the key points,recent relationship developments
Throw this email away,email_delete,,
Delete this conversation,dm_delete,,
Send a message saying the client call is confirmed,dm_send,the client call is confirmed,
Summarise the key points of critical meeting objectives,ai_refine,summarise the key points,key meeting objectives
Delete this message,email_delete,,
Open the chat page,navigate_dm,,
Underline the onboarding flow,underline,the onboarding flow,
Call carol,unknown,,
Message saying I'll be late today,dm_send,I'll be late today,
Strengthen key deals in the pipeline with clearer wording,ai_refine,strengthen with clearer wording,pipeline deals
This is a sample document,add_text,This is a sample document,
Add useful context to relationship concerns,ai_refine,add useful context,relationship sensitivities
Please underline in the middle of it,underline,in the middle of it,
Find the email about Apple,email_search,Apple,
Search my DMs for artificial intelligence,dm_search,artificial intelligence,
Please remove Q3 results,search_delete,Q3 results,
Mark everything as read,unknown,,
"Delete ""financial report""",search_delete,financial report,
Remove the chat,dm_delete,,
Switch to email,navigate_email,,
Begin a new email regarding the security update,email_compose,the security update,
set these to bolded,bold,these,
Remove the chat,dm_delete,,
Forward the current email,email_forward,,
Send the email with the message let's sync after the meeting,email_send,let's sync after the meeting,
Send this message: standup moved to 10am,dm_send,standup moved to 10am,
Summarise the key points of recent client developments,ai_refine,summarise the key points,recent relationship developments
Set long time no see to bold,bold,long time no see,
Delete the phrase artificial intelligence,search_delete,artificial intelligence,
Play some music,unknown,,
Message saying standup moved to 10am,dm_send,standup moved to 10am,
Compose an email with the subject the annual report,email_compose,the annual report,
Underline the security patch,underline,the security patch,
Find emails about Apple,email_search,Apple,
Make hello everyone italic,italic,hello everyone,
make those bold,bold,those,
make nice to meet you bold,bold,nice to meet you,
Today is a beautiful day.,add_text,Today is a beautiful day.,
Search my inbox for Amazon,email_search,Amazon,
make thank you to bold,bold,thank you,
Make how was your day bold,bold,how was your day,
What relationship risks should I flag,ai_refine,what relationship risks should I flag,relationship sensitivities
Open the messenger,navigate_dm,,
Go to email,navigate_email,,
Please remove project plan,search_delete,project plan,
make keep it up into underlined,underline,keep it up,
Forward this email,email_forward,,
Reply to this email: standup moved to 10am,email_reply,standup moved to 10am,
Underline the security patch,underline,the security patch,
Type and send we hit the quarterly target,dm_send,we hit the quarterly target,
Turn priority pipeline deals into clear talking points,ai_refine,turn into clear talking points,pipeline deals
Highlight the key items in priority discussion topics,ai_refine,highlight the key items,discussion points
Find emails about customer relationship management,email_search,customer relationship management,
Send it,unknown,,
Turn recent client relationship changes into clear talking points,ai_refine,turn into clear talking points,recent relationship developments
Switch to messages,navigate_dm,,
Book a table for two,unknown,,
Send a reply saying let's sync after the meeting,dm_reply,let's sync after the meeting,
Search messages for customer onboarding,dm_search,customer onboarding,
Please underline good night,underline,good night,
Trash this email,email_delete,,
Reply to this email: can you review my PR,email_reply,can you review my PR,
Apply underline to you're welcome,underline,you're welcome,
Throw this email away,email_delete,,
Highlight the key items in pipeline deals,ai_refine,highlight the key items,pipeline deals
Find emails about Q3 results,email_search,Q3 results,
Search my chats for Introduction,dm_search,Introduction,
Set financial report to bold,bold,financial report,
Forward this message,email_forward,,
Reply to this message: lunch at noon,dm_reply,lunch at noon,
What's on my calendar?,unknown,,
Go to chat,navigate_dm,,
Archive this thread,unknown,,
Set welcome aboard to bold,bold,welcome aboard,
Please make good evening bold,bold,good evening,
Delete the previous sentence,prev_sentence_delete,,
Flag the main risks in discussion points,ai_refine,flag the main risks,discussion points
Forward this message,email_forward,,
Bold Welcome to the meeting,bold,Welcome to the meeting,
make machine learning bold,bold,machine learning,
Respond with the deploy is scheduled for tonight,dm_reply,the deploy is scheduled for tonight,
Answer with let's sync after the meeting,dm_reply,let's sync after the meeting,
Show me chats about Conclusion,dm_search,Conclusion,
Underline in other words,underline,in other words,
Italicize project plan,italic,project plan,
"Make ""instead of this"" bold",bold,instead of this,
Post the message let's sync after the meeting,dm_send,let's sync after the meeting,
Play some music,unknown,,
Remove this email,email_delete,,
Respond with the report is ready,dm_reply,the report is ready,
Respond with lunch at noon,dm_reply,lunch at noon,
Delete the phrase customer onboarding,search_delete,customer onboarding,
Trash this email,email_delete,,
"Underline ""in the middle of it""",underline,in the middle of it,
Send the server is back up,dm_send,the server is back up,
make Customer onboarding is complete. bold,bold,Customer onboarding is complete.,
What time is it?,unknown,,
"Make ""that"" italic",italic,that,
Delete the current conversation,dm_delete,,
"Delete ""annual report""",search_delete,annual report,
Turn the important items into discussion points,ai_refine,turn the important items into discussion points,discussion points
Delete this chat,dm_delete,,
Show me my emails,navigate_email,,
Show me my chats,navigate_dm,,
Add useful context to high-value pipeline opportunities,ai_refine,add useful context,pipeline deals
Search my inbox for Google,email_search,Google,
Go to email,navigate_email,,
Answer this email with the build is green,email_reply,the build is green,
What are the main points we should discuss,ai_refine,what are the main points we should discuss,discussion points
Put Today is a beautiful day. into the document,add_text,Today is a beautiful day.,
Send a chat message: lunch at noon,dm_send,lunch at noon,
Remove the previous sentence,prev_sentence_delete,,
Send a reply saying the server is back up,email_reply,the server is back up,
Reply to this email: the client call is confirmed,email_reply,the client call is confirmed,
make you're welcome to underlined,underline,you're welcome,
Artificial intelligence is changing the world.,add_text,Artificial intelligence is changing the world.,
What time is it?,unknown,,
Reply to this message: please update the ticket,dm_reply,please update the ticket,
Search my chats for deep learning,dm_search,deep learning,
Reply with standup moved to 10am,email_reply,standup moved to 10am,
Turn the important items into discussion points,ai_refine,turn the important items into discussion points,discussion points
Throw this email away,email_delete,,
Find the email about artificial intelligence,email_search,artificial intelligence,
Highlight the most significant pipeline deals to discuss,ai_refine,highlight the most significant,pipeline deals
make the launch date into bold,bold,the launch date,
Summarize the key points of topics to discuss,ai_refine,summarize the key points,discussion points
Add Customer onboarding is complete.,add_text,Customer onboarding is complete.,
set project plan to bolded,bold,project plan,
Rewrite key discussion points to be more concise,ai_refine,rewrite to be more concise,discussion points
set Artificial intelligence is changing the world. to bolded,bold,Artificial intelligence is changing the world.,
Go to my inbox,navigate_email,,
Respond with the deploy is scheduled for tonight,dm_reply,the deploy is scheduled for tonight,
Forward this email,email_forward,,
Please make on the other hand italic,italic,on the other hand,
Move this email to trash,email_delete,,
Set Welcome to the meeting to italic,italic,Welcome to the meeting,
Reply to this email saying the report is ready,email_reply,the report is ready,
Forward this email to someone,email_forward,,
What's on my calendar?,unknown,,
Add This is a sample document,add_text,This is a sample document,
Set the security patch to italic,italic,the security patch,
Flag the highest-value opportunities in the pipeline,ai_refine,flag the highest-value opportunities in the pipeline,pipeline deals
Switch to email,navigate_email,,
Reply with the build is green,dm_reply,the build is green,
New email about the project plan,email_compose,the project plan,
Delete this thread,dm_delete,,
underline annual report,underline,annual report,
"Make ""Welcome to the meeting"" bold",bold,Welcome to the meeting,
Forward the current email,email_forward,,
Add Good morning everyone,add_text,Good morning everyone,
Delete this message,email_delete,,
Send it and say the report is ready,email_send,the report is ready,
Open the messenger,navigate_dm,,
Go to my inbox of messages,navigate_dm,,
"Delete ""customer experience""",search_delete,customer experience,
Open my messages,navigate_dm,,
Send a message saying let's sync after the meeting,dm_send,let's sync after the meeting,
Open my inbox,navigate_email,,
Reply to this email saying we hit the quarterly target,email_reply,we hit the quarterly target,
Post the message the report is ready,dm_send,the report is ready,
Remove the previous sentence,prev_sentence_delete,,
Find conversations about Apple,dm_search,Apple,
Please make hello world italic,italic,hello world,
Send this email on,email_forward,,
Insert Good morning everyone,add_text,Good morning everyone,
Delete this chat,dm_delete,,
Set this is urgent to underlined,underline,this is urgent,
Delete the previous sentence,prev_sentence_delete,,
Reply to this email: lunch at noon,email_reply,lunch at noon,
What's on my calendar?,unknown,,
Answer with I'll be late today,dm_reply,I'll be late today,
Show me chats about machine learning,dm_search,machine learning,
Forward this email to someone,email_forward,,
Respond with we hit the quarterly target,dm_reply,we hit the quarterly target,
Send this email on,email_forward,,
Highlight the most significant pipeline deals to discuss,ai_refine,highlight the most significant,pipeline deals
Finish and send with the text standup moved to 10am,email_send,standup moved to 10am,
Navigate to email,navigate_email,,
Highlight the most significant sensitive relationship issues to discuss,ai_refine,highlight the most significant,relationship sensitivities
Delete the current conversation,dm_delete,,
Forward the current email,email_forward,,
Answer this email with I'll be late today,email_reply,I'll be late today,
Go to my inbox of messages,navigate_dm,,
Underline Artificial intelligence is changing the world.,underline,Artificial intelligence is changing the world.,
Rewrite meeting objectives to be more concise,ai_refine,rewrite to be more concise,key meeting objectives
Message saying I'll be late today,dm_send,I'll be late today,
Say the client call is confirmed,dm_send,the client call is confirmed,
Reply to this chat with standup moved to 10am,dm_reply,standup moved to 10am,
Say standup moved to 10am,dm_send,standup moved to 10am,
Set well done to underlined,underline,well done,
Switch to messages,navigate_dm,,
Make this section more concise and impactful for recent client relationship changes,ai_refine,make this section more concise and impactful,recent relationship developments
"Underline ""Please review this document.""",underline,Please review this document.,
Turn the important items into discussion points,ai_refine,turn the important items into discussion points,discussion points
Bold on the other hand,bold,on the other hand,
Reply to the email: the deploy is scheduled for tonight,email_reply,the deploy is scheduled for tonight,
Send the email: the client call is confirmed,email_send,the client call is confirmed,
Please make these bold,bold,these,
Forward this message,email_forward,,
Forward the current email,email_forward,,
Reply saying can you review my PR,dm_reply,can you review my PR,
Put Quarterly earnings are up 10%. into the document,add_text,Quarterly earnings are up 10%.,
What's on my calendar?,unknown,,
make our new policy to bold,bold,our new policy,
Delete this thread,dm_delete,,
Reply with can you review my PR,dm_reply,can you review my PR,
Delete the current email,email_delete,,
set the build is green to italicized,italic,the build is green,
make Quarterly earnings are up 10%. to bold,bold,Quarterly earnings are up 10%.,
Add useful context to high-value pipeline opportunities,ai_refine,add useful context,pipeline deals
Say the build is green,dm_send,the build is green,
Please write Hello everyone,add_text,Hello everyone,
Make Q3 results italic,italic,Q3 results,
Archive this thread,unknown,,
Type The project starts tomorrow.,add_text,The project starts tomorrow.,
What are the key relationship risks to flag,ai_refine,what are the key relationship risks to flag,relationship sensitivities
Find the email about artificial intelligence,email_search,artificial intelligence,
make hello everyone into italic,italic,hello everyone,
Please underline how have you been,underline,how have you been,
"Delete ""Apple""",search_delete,Apple,
make the build is green into bold,bold,the build is green,
Find the chat about Introduction,dm_search,Introduction,
Summarize the key points of recent relationship developments,ai_refine,summarize the key points,recent relationship developments
set good afternoon to italicized,italic,good afternoon,
make in place of that italic,italic,in place of that,
Answer with please update the ticket,dm_reply,please update the ticket,
Take me to my DMs,navigate_dm,,
Show me emails about financial report,email_search,financial report,
Draft an email about the sprint review,email_compose,the sprint review,
What's on my calendar?,unknown,,
Send a chat message: standup moved to 10am,dm_send,standup moved to 10am,
Flag the highest-value opportunities in the pipeline,ai_refine,flag the highest-value opportunities in the pipeline,pipeline deals
Show me my emails,navigate_email,,
Remove the chat,dm_delete,,
make them to italic,italic,them,
Say the build is green,dm_send,the build is green,
Delete it,unknown,,
Remove this message,dm_delete,,
Navigate to email,navigate_email,,
Please underline Hello everyone,underline,Hello everyone,
Highlight the most significant pipeline deals to discuss,ai_refine,highlight the most significant,pipeline deals
Search my DMs for Microsoft,dm_search,Microsoft,
Archive this thread,unknown,,
Find emails about Amazon,email_search,Amazon,
Send it and say can you review my PR,email_send,can you review my PR,
Send this email saying please update the ticket,email_send,please update the ticket,
Go to chat,navigate_dm,,
Highlight recent relationship developments,ai_refine,highlight recent relationship developments,recent relationship developments
Delete the current conversation,dm_delete,,
Move this email to trash,email_delete,,
Send this email on,email_forward,,
Send a message saying let's sync after the meeting,dm_send,let's sync after the meeting,
Forward this email to someone,email_forward,,
set in front of it to underline,underline,in front of it,
List any pending issues or complaints from this client,ai_refine,list any pending issues or complaints from this client,relationship sensitivities
Erase customer onboarding,search_delete,customer onboarding,
Start a new email with the subject the project plan,email_compose,the project plan,
Reply with standup moved to 10am,email_reply,standup moved to 10am,
Send the email: the server is back up,email_send,the server is back up,
Delete the current email,email_delete,,
Italicize our new policy,italic,our new policy,
Respond to this email with can you review my PR,email_reply,can you review my PR,
Respond to this email with the report is ready,email_reply,the report is ready,
Remove this email,email_delete,,
Trash this chat,dm_delete,,
Move this email to trash,email_delete,,
Play some music,unknown,,
Respond with the deploy is scheduled for tonight,dm_reply,the deploy is scheduled for tonight,
Put Today is a beautiful day. into the document,add_text,Today is a beautiful day.,
Delete the last sentence,prev_sentence_delete,,
Bold the security patch,bold,the security patch,
"Underline ""deep learning""",underline,deep learning,
Type Please review this document.,add_text,Please review this document.,
Forward this email to someone,email_forward,,
Navigate to email,navigate_email,,
make the deploy is ready to underlined,underline,the deploy is ready,
What are the key relationship risks to flag,ai_refine,what are the key relationship risks to flag,relationship sensitivities
Send it and say standup moved to 10am,email_send,standup moved to 10am,
Make meeting objectives more concise and impactful,ai_refine,make more concise and impactful,key meeting objectives
Highlight recent relationship developments for discussion points,ai_refine,highlight recent relationship developments,discussion points
"Make ""Amazon"" italic",italic,Amazon,
Delete the phrase important information,search_delete,important information,
Answer with please update the ticket,dm_reply,please update the ticket,
Write Machine learning is useful.,add_text,Machine learning is useful.,
Summarize the key points of priority meeting objectives,ai_refine,summarize the key points,key meeting objectives
Answer with lunch at noon,dm_reply,lunch at noon,
Delete the phrase customer relationship management,search_delete,customer relationship management,
Insert Customer onboarding is complete.,add_text,Customer onboarding is complete.,
Delete the last sentence,prev_sentence_delete,,
"Make ""next steps"" italic",italic,next steps,
Send the email saying we hit the quarterly target,email_send,we hit the quarterly target,
Mark everything as read,unknown,,
Send the email: the report is ready,email_send,the report is ready,
make those to bold,bold,those,
Make in place of this bold,bold,in place of this,
Finish and send with the text lunch at noon,email_send,lunch at noon,
Forward the current email,email_forward,,
Turn new relationship developments into clear talking points,ai_refine,turn into clear talking points,recent relationship developments
Reply to the email: please update the ticket,email_reply,please update the ticket,
Forward the current email,email_forward,,
Trash this chat,dm_delete,,
Send it and say we hit the quarterly target,email_send,we hit the quarterly target,
Remove the chat,dm_delete,,
New email about the security update,email_compose,the security update,
Compose an email about contract renewal,email_compose,contract renewal,
Identify the most important points in meeting objectives,ai_refine,identify the most important points,key meeting objectives
Flag the main risks in key deals in the pipeline,ai_refine,flag the main risks,pipeline deals
make the launch date into bold,bold,the launch date,
Please make that italic,italic,that,
Respond to this email with I'll be late today,email_reply,I'll be late today,
Look up chats about Conclusion,dm_search,Conclusion,
Forward it,email_forward,,
Book a table for two,unknown,,
Open the messenger,navigate_dm,,
Apply underline to keep it up,underline,keep it up,
Delete the last sentence,prev_sentence_delete,,
Send a chat message: can you review my PR,dm_send,can you review my PR,
"Make ""important information"" italic",italic,important information,
Italicize that,italic,that,
Send the client call is confirmed,dm_send,the client call is confirmed,
Send a reply saying the report is ready,dm_reply,the report is ready,
Delete the last sentence,prev_sentence_delete,,
"Underline ""keep it up""",underline,keep it up,
Summarize the key points of relationship sensitivities,ai_refine,summarize the key points,relationship sensitivities
Show me chats about Microsoft,dm_search,Microsoft,
Please write Quarterly earnings are up 10%.,add_text,Quarterly earnings are up 10%.,
Delete the previous sentence,prev_sentence_delete,,
make the meeting is at noon to underlined,underline,the meeting is at noon,
Flag the main risks in new relationship developments,ai_refine,flag the main risks,recent relationship developments
Answer with the server is back up,dm_reply,the server is back up,
Reply to the email: the deploy is scheduled for tonight,email_reply,the deploy is scheduled for tonight,
Add useful context to key meeting objectives,ai_refine,add useful context,key meeting objectives
Forward the current email,email_forward,,
Make the bug is fixed italic,italic,the bug is fixed,
Search my email for Apple,email_search,Apple,
set Please review this document. to bolded,bold,Please review this document.,
Add more detail and supporting context to new relationship developments,ai_refine,add more detail and supporting context,recent relationship developments
"Make ""as well as it"" italic",italic,as well as it,
set it to underline,underline,it,
Please write Today is a beautiful day.,add_text,Today is a beautiful day.,
Draft an email about the sprint review,email_compose,the sprint review,
Send a reply saying I'll be late today,email_reply,I'll be late today,
make instead of this into underlined,underline,instead of this,
"Delete ""customer relationship management""",search_delete,customer relationship management,
Send it,unknown,,
Which pipeline deals should we prioritise,ai_refine,which pipeline deals should we prioritise,pipeline deals
Reply to this email: the report is ready,email_reply,the report is ready,
Italicize how was your day,italic,how was your day,
Delete the last sentence,prev_sentence_delete,,
What is the weather today?,unknown,,
Summarise the key points of points for discussion,ai_refine,summarise the key points,discussion points
Forward the current email,email_forward,,
Make this section more concise and impactful for most significant pipeline deals,ai_refine,make this section more concise and impactful,pipeline deals
"Send this email, the body is we hit the quarterly target",email_send,we hit the quarterly target,
"Send this email, the body is the client call is confirmed",email_send,the client call is confirmed,
make in the middle of it bold,bold,in the middle of it,
"Underline ""how's it going""",underline,how's it going,
Highlight the most significant pipeline deals to discuss,ai_refine,highlight the most significant,pipeline deals
Forward this email,email_forward,,
make welcome aboard italic,italic,welcome aboard,
Find emails about Q3 results,email_search,Q3 results,
Highlight the key items in discussion points,ai_refine,highlight the key items,discussion points
make for now into underlined,underline,for now,
Delete the last sentence,prev_sentence_delete,,
Delete machine learning,search_delete,machine learning,
What time is it?,unknown,,
set we shipped the release to italicized,italic,we shipped the release,
Set Microsoft to italic,italic,Microsoft,
Artificial intelligence is changing the world.,add_text,Artificial intelligence is changing the world.,
Machine learning is useful.,add_text,Machine learning is useful.,
Forward this email to someone,email_forward,,
set the launch date to underline,underline,the launch date,
Find the email about meeting notes,email_search,meeting notes,
Can you open email for me?,navigate_email,,
Remove this email,email_delete,,
Highlight the key items in sensitive relationship issues,ai_refine,highlight the key items,relationship sensitivities
Flag the highest-value opportunities in the pipeline,ai_refine,flag the highest-value opportunities in the pipeline,pipeline deals
Summarize the key points of priority pipeline deals,ai_refine,summarize the key points,pipeline deals
Flag the highest-value opportunities in the pipeline,ai_refine,flag the highest-value opportunities in the pipeline,pipeline deals
Add more detail and supporting context to discussion points,ai_refine,add more detail and supporting context,discussion points
Make this section more concise and impactful for discussion points,ai_refine,make this section more concise and impactful,discussion points
make Conclusion into bold,bold,Conclusion,
Respond with can you review my PR,dm_reply,can you review my PR,
Please make good evening italic,italic,good evening,
Set instead of it to italic,italic,instead of it,
Show me my chats,navigate_dm,,
Turn new relationship developments into clear talking points,ai_refine,turn into clear talking points,recent relationship developments
set this is urgent to bolded,bold,this is urgent,
Forward it,email_forward,,
Remove the previous sentence,prev_sentence_delete,,
Delete customer onboarding,search_delete,customer onboarding,
Rewrite priority pipeline deals to be more concise,ai_refine,rewrite to be more concise,pipeline deals
Send it and say can you review my PR,email_send,can you review my PR,
Search my chats for customer onboarding,dm_search,customer onboarding,
What is the weather today?,unknown,,
Add more detail and supporting context to discussion points,ai_refine,add more detail and supporting context,discussion points
Please make how have you been bold,bold,how have you been,
Erase Apple,search_delete,Apple,
Add useful context to relationship concerns,ai_refine,add useful context,relationship sensitivities
Forward this email,email_forward,,
Make by the way bold,bold,by the way,
What are the key relationship risks to flag,ai_refine,what are the key relationship risks to flag,relationship sensitivities
Search for Conclusion in my inbox,email_search,Conclusion,
Reply to this email: we hit the quarterly target,email_reply,we hit the quarterly target,
Delete the phrase Q3 results,search_delete,Q3 results,
"Send this email, the body is let's sync after the meeting",email_send,let's sync after the meeting,
Add useful context to key relationship risks,ai_refine,add useful context,relationship sensitivities
Send this message: please update the ticket,dm_send,please update the ticket,
Send the email with the message can you review my PR,email_send,can you review my PR,
set the pricing table to bolded,bold,the pricing table,
Tell me a joke,unknown,,
make machine learning bold,bold,machine learning,
Search my chats for meeting notes,dm_search,meeting notes,
Make machine learning italic,italic,machine learning,
Identify the most important points in recent client developments,ai_refine,identify the most important points,recent relationship developments
What relationship risks should I flag,ai_refine,what relationship risks should I flag,relationship sensitivities
make Q3 results to italic,italic,Q3 results,
Remove the chat,dm_delete,,
Remove the previous sentence,prev_sentence_delete,,
Can you open chat for me?,navigate_dm,,
Send this email saying I'll be late today,email_send,I'll be late today,
Message saying the server is back up,dm_send,the server is back up,
Respond with please update the ticket,dm_reply,please update the ticket,
Reply to this chat with let's sync after the meeting,dm_reply,let's sync after the meeting,
make the build is green to underlined,underline,the build is green,
"Make ""good night"" italic",italic,good night,
Highlight the key items in latest relationship developments,ai_refine,highlight the key items,recent relationship developments
What is the weather today?,unknown,,
Tell me a joke,unknown,,
Strengthen key meeting objectives with clearer wording,ai_refine,strengthen with clearer wording,key meeting objectives
Reply to this email saying let's sync after the meeting,email_reply,let's sync after the meeting,
Delete this conversation,dm_delete,,
Tell me a joke,unknown,,
Delete the current conversation,dm_delete,,
Delete financial report,search_delete,financial report,
"Delete ""project plan""",search_delete,project plan,
make the launch date into italic,italic,the launch date,
Turn key relationship risks into clear talking points,ai_refine,turn into clear talking points,relationship sensitivities
Search my inbox for deep learning,email_search,deep learning,
"Make ""Introduction"" bold",bold,Introduction,
Apply underline to take care,underline,take care,
Start a new email with the subject Q3 results,email_compose,Q3 results,
"Send this email, the body is the deploy is scheduled for tonight",email_send,the deploy is scheduled for tonight,
Flag any unresolved client concerns,ai_refine,flag any unresolved client concerns,relationship sensitivities
"Send this email, the body is the build is green",email_send,the build is green,
Make thanks so much italic,italic,thanks so much,
Turn the important items into discussion points,ai_refine,turn the important items into discussion points,discussion points
Please make Quarterly earnings are up 10%. italic,italic,Quarterly earnings are up 10%.,
make the server is down to italic,italic,the server is down,
Compose an email about the annual report,email_compose,the annual report,
Delete this thread,dm_delete,,
Reply to this email: the report is ready,email_reply,the report is ready,
Go to email,navigate_email,,
Erase Conclusion,search_delete,Conclusion,
make for now italic,italic,for now,
What time is it?,unknown,,
Answer this email with the report is ready,email_reply,the report is ready,
Unsend that,unknown,,
What relationship risks should I flag,ai_refine,what relationship risks should I flag,relationship sensitivities
"Make ""it"" bold",bold,it,
Delete the phrase deep learning,search_delete,deep learning,
Set our new policy to italic,italic,our new policy,
Summarise what we need to achieve in the meeting,ai_refine,summarise what we need to achieve in the meeting,key meeting objectives
Remove this email,email_delete,,
Draft an email about contract renewal,email_compose,contract renewal,
Please remove Introduction,search_delete,Introduction,
Please underline Hello everyone,underline,Hello everyone,
Answer this email with I'll be late today,email_reply,I'll be late today,
Underline good evening,underline,good evening,
Highlight recent relationship developments for discussion points,ai_refine,highlight recent relationship developments,discussion points
set the quarterly review to bolded,bold,the quarterly review,
Make those italic,italic,those,
Draft an email about the annual report,email_compose,the annual report,
make good morning into bold,bold,good morning,
"Make ""Artificial intelligence is changing the world."" bold",bold,Artificial intelligence is changing the world.,
"Delete ""Microsoft""",search_delete,Microsoft,
What time is it?,unknown,,
Flag the highest-value opportunities in the pipeline,ai_refine,flag the highest-value opportunities in the pipeline,pipeline deals
set good night to bolded,bold,good night,
"Make ""please review this"" italic",italic,please review this,
Make this section more concise and impactful for priority discussion topics,ai_refine,make this section more concise and impactful,discussion points
Reply to this email saying the client call is confirmed,email_reply,the client call is confirmed,
Show me chats about Conclusion,dm_search,Conclusion,
Set project plan to italic,italic,project plan,
Search for Q3 results in my inbox,email_search,Q3 results,
Type and send lunch at noon,dm_send,lunch at noon,
Search messages for annual report,dm_search,annual report,
set Welcome to the meeting to bolded,bold,Welcome to the meeting,
Open my inbox,navigate_email,,
Open my messages,navigate_dm,,
Open the email page,navigate_email,,
Reply to this message: standup moved to 10am,dm_reply,standup moved to 10am,
Highlight recent relationship developments,ai_refine,highlight recent relationship developments,recent relationship developments
Set long time no see to underlined,underline,long time no see,
Delete this message,email_delete,,
Remove the previous sentence,prev_sentence_delete,,
Send it and say lunch at noon,email_send,lunch at noon,
"Underline ""the bug is fixed""",underline,the bug is fixed,
Type and send the server is back up,dm_send,the server is back up,
set how was your day to bolded,bold,how was your day,
Post the message the report is ready,dm_send,the report is ready,
Flag the highest-value opportunities in the pipeline,ai_refine,flag the highest-value opportunities in the pipeline,pipeline deals
Delete the current email,email_delete,,
Add Today is a beautiful day.,add_text,Today is a beautiful day.,
Find conversations about Google,dm_search,Google,
Forward this email to someone,email_forward,,
Make priority discussion topics more concise and impactful,ai_refine,make more concise and impactful,discussion points
Navigate to email,navigate_email,,
Delete the last sentence,prev_sentence_delete,,
Add useful context to pipeline deals,ai_refine,add useful context,pipeline deals
Put Good morning everyone into the document,add_text,Good morning everyone,
Go to my inbox of messages,navigate_dm,,
Can you open chat for me?,navigate_dm,,
Highlight the most significant pipeline deals to discuss,ai_refine,highlight the most significant,pipeline deals
"Underline ""by the way""",underline,by the way,
Delete this thread,dm_delete,,
Remove the previous sentence,prev_sentence_delete,,
What are the key relationship risks to flag,ai_refine,what are the key relationship risks to flag,relationship sensitivities
Go to chat,navigate_dm,,
Make new relationship developments more concise and impactful,ai_refine,make more concise and impactful,recent relationship developments
set Amazon to bolded,bold,Amazon,
Italicize Customer onboarding is complete.,italic,Customer onboarding is complete.,
"Make ""well done"" italic",italic,well done,
Search my DMs for Introduction,dm_search,Introduction,
make these bold,bold,these,
Delete the current conversation,dm_delete,,
Open the email page,navigate_email,,
Bold how have you been,bold,how have you been,
Strengthen main meeting objectives with clearer wording,ai_refine,strengthen with clearer wording,key meeting objectives
Delete the current conversation,dm_delete,,
Please underline annual report,underline,annual report,
make in other words bold,bold,in other words,
"Make ""the bug is fixed"" italic",italic,the bug is fixed,
set that to underline,underline,that,
Please make them bold,bold,them,
Make this section more concise and impactful for pipeline deals,ai_refine,make this section more concise and impactful,pipeline deals
Forward this email to someone,email_forward,,
Please remove financial report,search_delete,financial report,
Delete the previous sentence,prev_sentence_delete,,
Please make those italic,italic,those,
Delete the previous sentence,prev_sentence_delete,,
Remove this email,email_delete,,
make financial report into underlined,underline,financial report,
Type Quarterly earnings are up 10%.,add_text,Quarterly earnings are up 10%.,
Italicize see you tomorrow,italic,see you tomorrow,
Send the email: the deploy is scheduled for tonight,email_send,the deploy is scheduled for tonight,
Please review this document.,add_text,Please review this document.,
Show me chats about Microsoft,dm_search,Microsoft,
Delete the previous sentence,prev_sentence_delete,,
Remove the previous sentence,prev_sentence_delete,,
Rewrite key discussion points to be more concise,ai_refine,rewrite to be more concise,discussion points
Open the chat page,navigate_dm,,
Go to my inbox,navigate_email,,
Apply underline to how are you,underline,how are you,
make deep learning into bold,bold,deep learning,
Send can you review my PR,dm_send,can you review my PR,
Open my messages,navigate_dm,,
Please make the customer list italic,italic,the customer list,
Can you open chat for me?,navigate_dm,,
"Underline ""the design doc""",underline,the design doc,
What are the main points we should discuss,ai_refine,what are the main points we should discuss,discussion points
Delete this email,email_delete,,
Highlight recent relationship developments,ai_refine,highlight recent relationship developments,recent relationship developments
Find the chat about customer onboarding,dm_search,customer onboarding,
Go to my inbox,navigate_email,,
What is the weather today?,unknown,,
Trash this email,email_delete,,
Delete annual report,search_delete,annual report,
Please write Please review this document.,add_text,Please review this document.,
Please write Machine learning is useful.,add_text,Machine learning is useful.,
Delete Amazon,search_delete,Amazon,
Set great job to underlined,underline,great job,
List any pending issues or complaints from this client,ai_refine,list any pending issues or complaints from this client,relationship sensitivities
Delete this email,email_delete,,
Show me my emails,navigate_email,,
Find the email about Apple,email_search,Apple,
Say please update the ticket,dm_send,please update the ticket,
Search my chats for meeting notes,dm_search,meeting notes,
make the final report to bold,bold,the final report,
Search my inbox for Conclusion,email_search,Conclusion,
Erase customer relationship management,search_delete,customer relationship management,
make in the meantime bold,bold,in the meantime,
What are the key relationship risks to flag,ai_refine,what are the key relationship risks to flag,relationship sensitivities
Move this email to trash,email_delete,,
Say the report is ready,dm_send,the report is ready,
Delete project plan,search_delete,project plan,
Please make how's it going italic,italic,how's it going,
Reply to this email: the build is green,email_reply,the build is green,
Highlight the most significant pipeline deals to discuss,ai_refine,highlight the most significant,pipeline deals
Remove the previous sentence,prev_sentence_delete,,
What relationship risks should I flag,ai_refine,what relationship risks should I flag,relationship sensitivities
Remove this email,email_delete,,
Write Hello everyone,add_text,Hello everyone,
set how have you been to italicized,italic,how have you been,
Open the chat page,navigate_dm,,
Search my inbox for customer onboarding,email_search,customer onboarding,
Compose an email about the sprint review,email_compose,the sprint review,
Search my email for customer relationship management,email_search,customer relationship management,
Delete Conclusion,search_delete,Conclusion,
Post the message lunch at noon,dm_send,lunch at noon,
Throw this email away,email_delete,,
Flag any unresolved client concerns,ai_refine,flag any unresolved client concerns,relationship sensitivities
Switch to email,navigate_email,,
Delete this conversation,dm_delete,,
Move this email to trash,email_delete,,
Say the client call is confirmed,dm_send,the client call is confirmed,
Please underline in the middle of it,underline,in the middle of it,
make the customer list to bold,bold,the customer list,
Delete this thread,dm_delete,,
Reply to this message: lunch at noon,dm_reply,lunch at noon,
Find the email about financial report,email_search,financial report,
Please underline as well as it,underline,as well as it,
Highlight the key items in topics to discuss,ai_refine,highlight the key items,discussion points
Reply with we hit the quarterly target,email_reply,we hit the quarterly target,
Remove the previous sentence,prev_sentence_delete,,
Delete this thread,dm_delete,,
List any pending issues or complaints from this client,ai_refine,list any pending issues or complaints from this client,relationship sensitivities
Remove the previous sentence,prev_sentence_delete,,
make good morning to italic,italic,good morning,
set good morning to underline,underline,good morning,
set good night to italicized,italic,good night,
Send a chat message: lunch at noon,dm_send,lunch at noon,
Send a reply saying the client call is confirmed,dm_reply,the client call is confirmed,
Forward this message,email_forward,,
set Machine learning is useful. to underline,underline,Machine learning is useful.,
"Delete ""customer onboarding""",search_delete,customer onboarding,
"Make ""welcome aboard"" italic",italic,welcome aboard,
Flag the main risks in key deals in the pipeline,ai_refine,flag the main risks,pipeline deals
Send a reply saying the build is green,dm_reply,the build is green,
Delete the previous sentence,prev_sentence_delete,,
What is the weather today?,unknown,,
make how are you into italic,italic,how are you,
Apply underline to them,underline,them,
Highlight the most significant pipeline deals to discuss,ai_refine,highlight the most significant,pipeline deals
set as well as it to italicized,italic,as well as it,
Send a reply saying the build is green,dm_reply,the build is green,
Mark everything as read,unknown,,
Delete the current email,email_delete,,
Which pipeline deals should we prioritise,ai_refine,which pipeline deals should we prioritise,pipeline deals
Delete this thread,dm_delete,,
Reply to the email: let's sync after the meeting,email_reply,let's sync after the meeting,
Search for annual report in my inbox,email_search,annual report,
Send the report is ready,dm_send,the report is ready,
Forward this email,email_forward,,
underline good night,underline,good night,
make hello everyone bold,bold,hello everyone,
Flag the main risks in key relationship risks,ai_refine,flag the main risks,relationship sensitivities
Search my email for project plan,email_search,project plan,
set welcome aboard to bolded,bold,welcome aboard,
Forward it,email_forward,,
Make how's it going italic,italic,how's it going,
Look up emails about Apple,email_search,Apple,
Open the chat page,navigate_dm,,
Strengthen meeting objectives with clearer wording,ai_refine,strengthen with clearer wording,key meeting objectives
Unsend that,unknown,,
Type Hello everyone,add_text,Hello everyone,
underline in place of that,underline,in place of that,
make good morning into bold,bold,good morning,
Set hello everyone to bold,bold,hello everyone,
Take me to my inbox,navigate_email,,
set the onboarding flow to italicized,italic,the onboarding flow,
Answer this email with please update the ticket,email_reply,please update the ticket,
Hello everyone,add_text,Hello everyone,
Put This is a sample document into the document,add_text,This is a sample document,
Delete this thread,dm_delete,,
Underline Hello everyone,underline,Hello everyone,
Search my inbox for machine learning,email_search,machine learning,
set the client is happy to underline,underline,the client is happy,
Make this section more concise and impactful for relationship sensitivities,ai_refine,make this section more concise and impactful,relationship sensitivities
Schedule a meeting,unknown,,
Forward the current email,email_forward,,
New email about the project plan,email_compose,the project plan,
Reply to this chat with the deploy is scheduled for tonight,dm_reply,the deploy is scheduled for tonight,
Show me my emails,navigate_email,,
Remove this message,dm_delete,,
Message saying I'll be late today,dm_send,I'll be late today,
Post the message the server is back up,dm_send,the server is back up,
Play some music,unknown,,
Italicize The quick brown fox jumps over the lazy dog.,italic,The quick brown fox jumps over the lazy dog.,
Show me chats about deep learning,dm_search,deep learning,
Reply to this email: the server is back up,email_reply,the server is back up,
Go to chat,navigate_dm,,
Forward this email to someone,email_forward,,
Make the meeting is at noon bold,bold,the meeting is at noon,
Begin a new email regarding customer onboarding,email_compose,customer onboarding,
Erase meeting notes,search_delete,meeting notes,
Delete this chat,dm_delete,,
Delete it,unknown,,
Identify the most important points in relationship concerns,ai_refine,identify the most important points,relationship sensitivities
Reply to this chat with can you review my PR,dm_reply,can you review my PR,
Please write The project starts tomorrow.,add_text,The project starts tomorrow.,
Find conversations about Introduction,dm_search,Introduction,
Find the email about meeting notes,email_search,meeting notes,
Please make see you soon italic,italic,see you soon,
Add useful context to key meeting objectives,ai_refine,add useful context,key meeting objectives
Remove the chat,dm_delete,,
make on top of it bold,bold,on top of it,
Forward this email,email_forward,,
"Underline ""please review this""",underline,please review this,
Delete the previous sentence,prev_sentence_delete,,
Answer this email with the server is back up,email_reply,the server is back up,
Forward this message,email_forward,,
Set how have you been to underlined,underline,how have you been,
make see you soon italic,italic,see you soon,
Message saying standup moved to 10am,dm_send,standup moved to 10am,
Set them to underlined,underline,them,
Find the chat about Introduction,dm_search,Introduction,
Trash this chat,dm_delete,,
Finish and send with the text lunch at noon,email_send,lunch at noon,
Delete Introduction,search_delete,Introduction,
Summarise the key points of key relationship risks,ai_refine,summarise the key points,relationship sensitivities
This is a sample document,add_text,This is a sample document,
Start a new email with the subject the sprint review,email_compose,the sprint review,
Open the email page,navigate_email,,
Delete the previous sentence,prev_sentence_delete,,
Delete the previous sentence,prev_sentence_delete,,
Please write Machine learning is useful.,add_text,Machine learning is useful.,
Search my inbox for annual report,email_search,annual report,
Add useful context to key relationship risks,ai_refine,add useful context,relationship sensitivities
Flag the main risks in key meeting objectives,ai_refine,flag the main risks,key meeting objectives
Send the email saying let's sync after the meeting,email_send,let's sync after the meeting,
Search my email for customer experience,email_search,customer experience,
Forward this message,email_forward,,
Erase Microsoft,search_delete,Microsoft,
Show me emails about customer experience,email_search,customer experience,
Delete this thread,dm_delete,,
Delete this message,email_delete,,
Send the email saying please update the ticket,email_send,please update the ticket,
Open my inbox,navigate_email,,
make customer relationship management bold,bold,customer relationship management,
Reply with the deploy is scheduled for tonight,email_reply,the deploy is scheduled for tonight,
Set customer relationship management to underlined,underline,customer relationship management,
Put This is a sample document into the document,add_text,This is a sample document,
Send a message saying I'll be late today,dm_send,I'll be late today,
Look up chats about Google,dm_search,Google,
Archive this thread,unknown,,
Trash this chat,dm_delete,,
Italicize for now,italic,for now,
Post the message I'll be late today,dm_send,I'll be late today,
Underline customer relationship management,underline,customer relationship management,
Delete the current conversation,dm_delete,,
underline The project starts tomorrow.,underline,The project starts tomorrow.,
"Make ""see you tomorrow"" bold",bold,see you tomorrow,
Insert This is a sample document,add_text,This is a sample document,
Begin a new email regarding the sprint review,email_compose,the sprint review,
Please make customer onboarding bold,bold,customer onboarding,
Remove the chat,dm_delete,,
Make The project starts tomorrow. italic,italic,The project starts tomorrow.,
Search my DMs for Microsoft,dm_search,Microsoft,
Delete this thread,dm_delete,,
make great job into bold,bold,great job,
Please make let me know bold,bold,let me know,
Send a reply saying lunch at noon,dm_reply,lunch at noon,
Send the email with the message the server is back up,email_send,the server is back up,
Delete this conversation,dm_delete,,
make that to underlined,underline,that,
Identify the most important points in critical meeting objectives,ai_refine,identify the most important points,key meeting objectives
Tell me a joke,unknown,,
Remove the previous sentence,prev_sentence_delete,,
Make recent relationship developments more concise and impactful,ai_refine,make more concise and impactful,recent relationship developments
Type and send the client call is confirmed,dm_send,the client call is confirmed,
Delete the phrase customer experience,search_delete,customer experience,
Forward this message,email_forward,,
Write a new email titled the sprint review,email_compose,the sprint review,
Forward this email,email_forward,,
Message saying the client call is confirmed,dm_send,the client call is confirmed,
Show me my chats,navigate_dm,,
Find the chat about customer experience,dm_search,customer experience,
Summarize the key points of meeting objectives,ai_refine,summarize the key points,key meeting objectives
Send a reply saying I'll be late today,dm_reply,I'll be late today,
Search my chats for customer relationship management,dm_search,customer relationship management,
Remove the previous sentence,prev_sentence_delete,,
make nice to meet you bold,bold,nice to meet you,
Add Please review this document.,add_text,Please review this document.,
Draft an email about roadmap planning,email_compose,roadmap planning,
Delete this email,email_delete,,
Good morning everyone,add_text,Good morning everyone,
Respond with standup moved to 10am,dm_reply,standup moved to 10am,
Delete this conversation,dm_delete,,
make the client is happy bold,bold,the client is happy,
Make welcome aboard bold,bold,welcome aboard,
make Please review this document. into bold,bold,Please review this document.,
make Amazon to bold,bold,Amazon,
Open my email,navigate_email,,
Please underline the pricing table,underline,the pricing table,
What's on my calendar?,unknown,,
Delete the previous sentence,prev_sentence_delete,,
Please make it bold,bold,it,
Type Customer onboarding is complete.,add_text,Customer onboarding is complete.,
Delete the current conversation,dm_delete,,
Book a table for two,unknown,,
Forward this email,email_forward,,
Please write The quick brown fox jumps over the lazy dog.,add_text,The quick brown fox jumps over the lazy dog.,
Highlight recent relationship developments,ai_refine,highlight recent relationship developments,recent relationship developments
Type The quick brown fox jumps over the lazy dog.,add_text,The quick brown fox jumps over the lazy dog.,
Find the chat about customer onboarding,dm_search,customer onboarding,
underline how are you doing,underline,how are you doing,
Mark everything as read,unknown,,
Open my inbox,navigate_email,,
make in place of this into italic,italic,in place of this,
"Send this email, the body is the client call is confirmed",email_send,the client call is confirmed,
Forward the current email,email_forward,,
Respond with the client call is confirmed,dm_reply,the client call is confirmed,
make in other words to underlined,underline,in other words,
Write This is a sample document,add_text,This is a sample document,
Make The quick brown fox jumps over the lazy dog. italic,italic,The quick brown fox jumps over the lazy dog.,
make the final report to italic,italic,the final report,
set the quarterly review to underline,underline,the quarterly review,
Delete the last sentence,prev_sentence_delete,,
Set the customer list to underlined,underline,the customer list,
Send this email saying the report is ready,email_send,the report is ready,
List any pending issues or complaints from this client,ai_refine,list any pending issues or complaints from this client,relationship sensitivities
List any pending issues or complaints from this client,ai_refine,list any pending issues or complaints from this client,relationship sensitivities
Navigate to email,navigate_email,,
Send a reply saying the report is ready,email_reply,the report is ready,
Post the message can you review my PR,dm_send,can you review my PR,
New email about Q3 results,email_compose,Q3 results,
Apply underline to Good morning everyone,underline,Good morning everyone,
Make Conclusion bold,bold,Conclusion,
Open my messages,navigate_dm,,
Search my DMs for Introduction,dm_search,Introduction,
Trash this chat,dm_delete,,
make keep it up to bold,bold,keep it up,
Set welcome aboard to italic,italic,welcome aboard,
Search my email for Google,email_search,Google,
Move this email to trash,email_delete,,
Reply to this email saying the report is ready,email_reply,the report is ready,
Make Amazon italic,italic,Amazon,
make the client is happy italic,italic,the client is happy,
Delete this email,email_delete,,
Reply saying we hit the quarterly target,dm_reply,we hit the quarterly target,
Write a new email titled the annual report,email_compose,the annual report,
What has changed recently in the client relationship,ai_refine,what has changed recently in the client relationship,recent relationship developments
make machine learning to italic,italic,machine learning,
Search for Q3 results in my inbox,email_search,Q3 results,
Highlight the key items in sensitive relationship issues,ai_refine,highlight the key items,relationship sensitivities
Please make take care italic,italic,take care,
Send it and say lunch at noon,email_send,lunch at noon,
Write The quick brown fox jumps over the lazy dog.,add_text,The quick brown fox jumps over the lazy dog.,
Open my inbox,navigate_email,,
Send a chat message: the server is back up,dm_send,the server is back up,
set see you soon to italicized,italic,see you soon,
"Send this email, the body is can you review my PR",email_send,can you review my PR,
Switch to email,navigate_email,,
Start a new email with the subject customer onboarding,email_compose,customer onboarding,
Call dave,unknown,,
Take me to my inbox,navigate_email,,
Reply to this email: the server is back up,email_reply,the server is back up,
Take me to my DMs,navigate_dm,,
Highlight the most significant pipeline deals to discuss,ai_refine,highlight the most significant,pipeline deals
Delete the last sentence,prev_sentence_delete,,
Show me chats about Introduction,dm_search,Introduction,
Trash this email,email_delete,,
Reply to this chat with I'll be late today,dm_reply,I'll be late today,
Set Please review this document. to underlined,underline,Please review this document.,
Set the design doc to bold,bold,the design doc,
Remove the previous sentence,prev_sentence_delete,,
Delete this thread,dm_delete,,
What has changed recently in the client relationship,ai_refine,what has changed recently in the client relationship,recent relationship developments
Write lunch at noon,dm_send,lunch at noon,
set in other words to bolded,bold,in other words,
Please remove important information,search_delete,important information,
make the bug is fixed to underlined,underline,the bug is fixed,
Send a reply saying the build is green,email_reply,the build is green,
Take me to my inbox,navigate_email,,
Send a reply saying can you review my PR,dm_reply,can you review my PR,
make it into italic,italic,it,
Apply underline to by the way,underline,by the way,
Highlight recent relationship developments for discussion points,ai_refine,highlight recent relationship developments,discussion points
Set Q3 results to italic,italic,Q3 results,
Can you open email for me?,navigate_email,,
What relationship risks should I flag,ai_refine,what relationship risks should I flag,relationship sensitivities
Search my chats for financial report,dm_search,financial report,
Please make instead of it bold,bold,instead of it,
Apply underline to good evening,underline,good evening,
Show me chats about Apple,dm_search,Apple,
Finish and send with the text let's sync after the meeting,email_send,let's sync after the meeting,
Draft an email about the annual report,email_compose,the annual report,
Make annual report italic,italic,annual report,
Switch to messages,navigate_dm,,
Delete machine learning,search_delete,machine learning,
Put Artificial intelligence is changing the world. into the document,add_text,Artificial intelligence is changing the world.,
Go to email,navigate_email,,
Reply to this email saying the deploy is scheduled for tonight,email_reply,the deploy is scheduled for tonight,
set the security patch to italicized,italic,the security patch,
Reply with the build is green,email_reply,the build is green,
Respond with the report is ready,dm_reply,the report is ready,
Unsend that,unknown,,
Write the client call is confirmed,dm_send,the client call is confirmed,
Reply to this chat with the client call is confirmed,dm_reply,the client call is confirmed,
Search my email for important information,email_search,important information,
Delete Microsoft,search_delete,Microsoft,
Make this section more concise and impactful for new relationship developments,ai_refine,make this section more concise and impactful,recent relationship developments
Send a reply saying we hit the quarterly target,dm_reply,we hit the quarterly target,
Search my inbox for annual report,email_search,annual report,
"Underline ""how have you been""",underline,how have you been,
Reply to this email: the build is green,email_reply,the build is green,
make in place of that italic,italic,in place of that,
Send I'll be late today,dm_send,I'll be late today,
Forward this email,email_forward,,
set that to bolded,bold,that,
Navigate to email,navigate_email,,
Reply to this email saying I'll be late today,email_reply,I'll be late today,
make keep it up to underlined,underline,keep it up,
make see you tomorrow into underlined,underline,see you tomorrow,
Delete Google,search_delete,Google,
Find conversations about customer relationship management,dm_search,customer relationship management,
"Make ""deep learning"" bold",bold,deep learning,
make the customer list bold,bold,the customer list,
Please remove customer relationship management,search_delete,customer relationship management,
Set the security patch to italic,italic,the security patch,
Make the roadmap italic,italic,the roadmap,
Search my chats for deep learning,dm_search,deep learning,
Erase important information,search_delete,important information,
Set good afternoon to italic,italic,good afternoon,
Make the deadline is friday italic,italic,the deadline is friday,
Forward it,email_forward,,
Call alice,unknown,,
Open my email,navigate_email,,
Send the email with the message let's sync after the meeting,email_send,let's sync after the meeting,
Reply to this chat with can you review my PR,dm_reply,can you review my PR,
Search my DMs for customer relationship management,dm_search,customer relationship management,
Make this section more concise and impactful for meeting objectives,ai_refine,make this section more concise and impactful,key meeting objectives
Write a new email titled meeting notes,email_compose,meeting notes,
make those into italic,italic,those,
Set how are you doing to underlined,underline,how are you doing,
Forward this email to someone,email_forward,,
Italicize the deadline is friday,italic,the deadline is friday,
What has changed recently in the client relationship,ai_refine,what has changed recently in the client relationship,recent relationship developments
Find emails about customer onboarding,email_search,customer onboarding,
Highlight the most significant pipeline deals to discuss,ai_refine,highlight the most significant,pipeline deals
Look up emails about machine learning,email_search,machine learning,
Bold in place of that,bold,in place of that,
Reply to this message: the report is ready,dm_reply,the report is ready,
Highlight the most significant meeting objectives to discuss,ai_refine,highlight the most significant,key meeting objectives
What are the key relationship risks to flag,ai_refine,what are the key relationship risks to flag,relationship sensitivities
Send it and say the client call is confirmed,email_send,the client call is confirmed,
Compose an email with the subject customer onboarding,email_compose,customer onboarding,
Remove the previous sentence,prev_sentence_delete,,
Which pipeline deals should we prioritise,ai_refine,which pipeline deals should we prioritise,pipeline deals
Forward this message,email_forward,,
Make the API key bold,bold,the API key,
Add useful context to new relationship developments,ai_refine,add useful context,recent relationship developments
Apply underline to them,underline,them,
Make have a nice day italic,italic,have a nice day,
set Please review this document. to bolded,bold,Please review this document.,
Remove the previous sentence,prev_sentence_delete,,
Search messages for meeting notes,dm_search,meeting notes,
make the design doc italic,italic,the design doc,
Search for Amazon in my inbox,email_search,Amazon,
Send the email with the message we hit the quarterly target,email_send,we hit the quarterly target,
Delete this thread,dm_delete,,
Remove this email,email_delete,,
Finish and send with the text standup moved to 10am,email_send,standup moved to 10am,
Delete customer experience,search_delete,customer experience,
set for now to underline,underline,for now,
"Make ""on top of it"" bold",bold,on top of it,
Delete the previous sentence,prev_sentence_delete,,
Switch to messages,navigate_dm,,
Remove the previous sentence,prev_sentence_delete,,
Highlight recent relationship developments,ai_refine,highlight recent relationship developments,recent relationship developments
Which pipeline deals should we prioritise,ai_refine,which pipeline deals should we prioritise,pipeline deals
Delete the previous sentence,prev_sentence_delete,,
Identify the most important points in client relationship risks,ai_refine,identify the most important points,relationship sensitivities
What should we prioritise for the meeting,ai_refine,what should we prioritise for the meeting,key meeting objectives
Answer with let's sync after the meeting,dm_reply,let's sync after the meeting,
Navigate to messages,navigate_dm,,
Write a new email titled meeting notes,email_compose,meeting notes,
Draft an email about roadmap planning,email_compose,roadmap planning,
Search my inbox for customer relationship management,email_search,customer relationship management,
Can you open chat for me?,navigate_dm,,
Send this message: the server is back up,dm_send,the server is back up,
Insert Quarterly earnings are up 10%.,add_text,Quarterly earnings are up 10%.,
Draft an email about the sprint review,email_compose,the sprint review,
Send the deploy is scheduled for tonight,dm_send,the deploy is scheduled for tonight,
Delete Q3 results,search_delete,Q3 results,
Apply underline to The quick brown fox jumps over the lazy dog.,underline,The quick brown fox jumps over the lazy dog.,
Italicize let me know,italic,let me know,
Delete the phrase important information,search_delete,important information,
make the roadmap to underlined,underline,the roadmap,
Type Machine learning is useful.,add_text,Machine learning is useful.,
Remove the previous sentence,prev_sentence_delete,,
Please make we shipped the release bold,bold,we shipped the release,
Delete the last sentence,prev_sentence_delete,,
make the ticket is closed to underlined,underline,the ticket is closed,
Go to my inbox,navigate_email,,
Begin a new email regarding roadmap planning,email_compose,roadmap planning,
Send a reply saying can you review my PR,email_reply,can you review my PR,
Find the email about machine learning,email_search,machine learning,
Forward it,email_forward,,
Delete the previous sentence,prev_sentence_delete,,
Which pipeline deals should we prioritise,ai_refine,which pipeline deals should we prioritise,pipeline deals
Turn points for discussion into clear talking points,ai_refine,turn into clear talking points,discussion points
underline the design doc,underline,the design doc,
Move this email to trash,email_delete,,
Highlight the most significant latest relationship developments to discuss,ai_refine,highlight the most significant,recent relationship developments
Delete this email,email_delete,,
make Introduction into bold,bold,Introduction,
Go to my inbox,navigate_email,,
Show me chats about Google,dm_search,Google,
Reply with can you review my PR,email_reply,can you review my PR,
Trash this chat,dm_delete,,
Send a message saying I'll be late today,dm_send,I'll be late today,
Open the chat page,navigate_dm,,
Compose an email with the subject roadmap planning,email_compose,roadmap planning,
make artificial intelligence into italic,italic,artificial intelligence,
Open the messenger,navigate_dm,,
make customer relationship management to bold,bold,customer relationship management,
Send a chat message: please update the ticket,dm_send,please update the ticket,
Set long time no see to bold,bold,long time no see,
Open the messenger,navigate_dm,,
make the client is happy to italic,italic,the client is happy,
Send a reply saying please update the ticket,dm_reply,please update the ticket,
Delete the phrase customer relationship management,search_delete,customer relationship management,
Add useful context to key meeting objectives,ai_refine,add useful context,key meeting objectives
Delete the phrase project plan,search_delete,project plan,
Search my email for Google,email_search,Google,
set in the middle of it to italicized,italic,in the middle of it,
Erase Apple,search_delete,Apple,
Please make Google bold,bold,Google,
Show me chats about machine learning,dm_search,machine learning,
Put Customer onboarding is complete. into the document,add_text,Customer onboarding is complete.,
Respond with the client call is confirmed,dm_reply,the client call is confirmed,
Delete the phrase Microsoft,search_delete,Microsoft,
Switch to messages,navigate_dm,,
Delete the previous sentence,prev_sentence_delete,,
What is the weather today?,unknown,,
Delete the previous sentence,prev_sentence_delete,,
"Send this email, the body is please update the ticket",email_send,please update the ticket,
Summarize the key points of key relationship risks,ai_refine,summarize the key points,relationship sensitivities
Find the chat about important information,dm_search,important information,
Delete this chat,dm_delete,,
Make project plan italic,italic,project plan,
Delete the previous sentence,prev_sentence_delete,,
Forward this email,email_forward,,
underline good evening,underline,good evening,
Please remove meeting notes,search_delete,meeting notes,
Please remove important information,search_delete,important information,
Send the email with the message I'll be late today,email_send,I'll be late today,
Search messages for Introduction,dm_search,Introduction,
Finish and send with the text the report is ready,email_send,the report is ready,
make how have you been into underlined,underline,how have you been,
Highlight the key items in recent client developments,ai_refine,highlight the key items,recent relationship developments
Remove the chat,dm_delete,,
Respond to this email with the deploy is scheduled for tonight,email_reply,the deploy is scheduled for tonight,
Find conversations about annual report,dm_search,annual report,
Highlight recent relationship developments,ai_refine,highlight recent relationship developments,recent relationship developments
make for now into underlined,underline,for now,
Show me my chats,navigate_dm,,
Make by the way bold,bold,by the way,
Summarize the key points of priority discussion topics,ai_refine,summarize the key points,discussion points
Delete the current conversation,dm_delete,,
New email about the project plan,email_compose,the project plan,
Message saying let's sync after the meeting,dm_send,let's sync after the meeting,
Reply to this message: can you review my PR,dm_reply,can you review my PR,
Remove this email,email_delete,,
Add useful context to meeting objectives,ai_refine,add useful context,key meeting objectives
Can you open chat for me?,navigate_dm,,
Delete this thread,dm_delete,,
make Please review this document. to underlined,underline,Please review this document.,
Turn the important items into discussion points,ai_refine,turn the important items into discussion points,discussion points
make important information to bold,bold,important information,
Respond with we hit the quarterly target,dm_reply,we hit the quarterly target,
make let me know to italic,italic,let me know,
Make Machine learning is useful. italic,italic,Machine learning is useful.,
Send this email on,email_forward,,
Reply to this email: can you review my PR,email_reply,can you review my PR,
Compose an email about roadmap planning,email_compose,roadmap planning,
Erase customer onboarding,search_delete,customer onboarding,
Please remove machine learning,search_delete,machine learning,
Find conversations about Introduction,dm_search,Introduction,
make The project starts tomorrow. italic,italic,The project starts tomorrow.,
Book a table for two,unknown,,
Erase deep learning,search_delete,deep learning,
Go to my inbox of messages,navigate_dm,,
Set Machine learning is useful. to bold,bold,Machine learning is useful.,
Make Today is a beautiful day. bold,bold,Today is a beautiful day.,
Reply to the email: please update the ticket,email_reply,please update the ticket,
Forward this message,email_forward,,
Find emails about Introduction,email_search,Introduction,
make good night into underlined,underline,good night,
Send the email with the message please update the ticket,email_send,please update the ticket,
Identify the most important points in recent relationship developments,ai_refine,identify the most important points,recent relationship developments
Post the message lunch at noon,dm_send,lunch at noon,
Remove this email,email_delete,,
"Send this email, the body is the server is back up",email_send,the server is back up,
make the ticket is closed to italic,italic,the ticket is closed,
Send this email saying standup moved to 10am,email_send,standup moved to 10am,
make the client is happy into underlined,underline,the client is happy,
Flag the main risks in points for discussion,ai_refine,flag the main risks,discussion points
Show me emails about deep learning,email_search,deep learning,
Send the email saying standup moved to 10am,email_send,standup moved to 10am,
Put Customer onboarding is complete. into the document,add_text,Customer onboarding is complete.,
Erase Amazon,search_delete,Amazon,
Search messages for Microsoft,dm_search,Microsoft,
Find the chat about Microsoft,dm_search,Microsoft,
Draft an email about the sprint review,email_compose,the sprint review,
Message saying the server is back up,dm_send,the server is back up,
make well done to bold,bold,well done,
Search messages for Amazon,dm_search,Amazon,
Forward this email,email_forward,,
Show me chats about Google,dm_search,Google,
Look up emails about customer experience,email_search,customer experience,
Make hello world italic,italic,hello world,
Type and send the build is green,dm_send,the build is green,
Show me chats about important information,dm_search,important information,
Write a new email titled the sprint review,email_compose,the sprint review,
Respond to this email with the deploy is scheduled for tonight,email_reply,the deploy is scheduled for tonight,
make Customer onboarding is complete. to bold,bold,Customer onboarding is complete.,
Highlight the most significant pipeline deals to discuss,ai_refine,highlight the most significant,pipeline deals
Delete the phrase customer experience,search_delete,customer experience,
Show me my emails,navigate_email,,
Go to email,navigate_email,,
Underline good night,underline,good night,
Forward this email,email_forward,,
Summarise the key points of points for discussion,ai_refine,summarise the key points,discussion points
Delete the previous sentence,prev_sentence_delete,,
Send lunch at noon,dm_send,lunch at noon,
Respond with the client call is confirmed,dm_reply,the client call is confirmed,
Make most significant pipeline deals more concise and impactful,ai_refine,make more concise and impactful,pipeline deals
Highlight the most significant relationship sensitivities to discuss,ai_refine,highlight the most significant,relationship sensitivities
Add useful context to priority discussion topics,ai_refine,add useful context,discussion points
Write an email about the sprint review,email_compose,the sprint review,
Add The quick brown fox jumps over the lazy dog.,add_text,The quick brown fox jumps over the lazy dog.,
set in place of this to underline,underline,in place of this,
Italicize in front of it,italic,in front of it,
Set the bug is fixed to underlined,underline,the bug is fixed,
Please make meeting notes bold,bold,meeting notes,
Reply to this email saying I'll be late today,email_reply,I'll be late today,
Navigate to messages,navigate_dm,,
Search my DMs for Apple,dm_search,Apple,
Forward the current email,email_forward,,
Trash this email,email_delete,,
Bold Amazon,bold,Amazon,
Remove the previous sentence,prev_sentence_delete,,
Summarise the key points of points for discussion,ai_refine,summarise the key points,discussion points
Send the email with the message please update the ticket,email_send,please update the ticket,
Forward it,email_forward,,
Reply to this email: we hit the quarterly target,email_reply,we hit the quarterly target,
Please make as well as it italic,italic,as well as it,
Call alice,unknown,,
Open the messenger,navigate_dm,,
Search my chats for project plan,dm_search,project plan,
Search my inbox for important information,email_search,important information,
Trash this email,email_delete,,
Send a reply saying can you review my PR,email_reply,can you review my PR,
Highlight recent relationship developments for discussion points,ai_refine,highlight recent relationship developments,discussion points
"Underline ""Please review this document.""",underline,Please review this document.,
Summarise what we need to achieve in the meeting,ai_refine,summarise what we need to achieve in the meeting,key meeting objectives
Make the build is green italic,italic,the build is green,
Please remove customer experience,search_delete,customer experience,
Reply to this message: we hit the quarterly target,dm_reply,we hit the quarterly target,
Delete this conversation,dm_delete,,
Find the email about meeting notes,email_search,meeting notes,
"Send this email, the body is the deploy is scheduled for tonight",email_send,the deploy is scheduled for tonight,
Send it and say lunch at noon,email_send,lunch at noon,
Send the email with the message the deploy is scheduled for tonight,email_send,the deploy is scheduled for tonight,
Delete this email,email_delete,,
Look up emails about Amazon,email_search,Amazon,
Which pipeline deals should we prioritise,ai_refine,which pipeline deals should we prioritise,pipeline deals
Finish and send with the text the deploy is scheduled for tonight,email_send,the deploy is scheduled for tonight,
Please remove Apple,search_delete,Apple,
set the bug is fixed to italicized,italic,the bug is fixed,
"Send this email, the body is let's sync after the meeting",email_send,let's sync after the meeting,
underline them,underline,them,
Can you open chat for me?,navigate_dm,,
Find emails about project plan,email_search,project plan,
underline customer onboarding,underline,customer onboarding,
Write a new email titled customer onboarding,email_compose,customer onboarding,
Please make Google italic,italic,Google,
make Customer onboarding is complete. into bold,bold,Customer onboarding is complete.,
Navigate to messages,navigate_dm,,
Make those italic,italic,those,
Send the email with the message can you review my PR,email_send,can you review my PR,
Summarise the key points of recent client developments,ai_refine,summarise the key points,recent relationship developments
Send this email on,email_forward,,
Show me my emails,navigate_email,,
Delete the last sentence,prev_sentence_delete,,
Search for Introduction in my inbox,email_search,Introduction,
Set customer onboarding to bold,bold,customer onboarding,
Can you open email for me?,navigate_email,,
"Underline ""see you soon""",underline,see you soon,
Go to my inbox,navigate_email,,
Show me emails about machine learning,email_search,machine learning,
Underline project plan,underline,project plan,
Write Hello everyone,add_text,Hello everyone,
Forward the current email,email_forward,,
Forward the current email,email_forward,,
Send a chat message: the client call is confirmed,dm_send,the client call is confirmed,
Finish and send with the text the server is back up,email_send,the server is back up,
Delete it,unknown,,
Send this email on,email_forward,,
make you're welcome into underlined,underline,you're welcome,
Set customer experience to underlined,underline,customer experience,
Forward it,email_forward,,
Type The project starts tomorrow.,add_text,The project starts tomorrow.,
Make good evening italic,italic,good evening,
set machine learning to bolded,bold,machine learning,
make Hello everyone into underlined,underline,Hello everyone,
Reply to this email saying the report is ready,email_reply,the report is ready,
Switch to email,navigate_email,,
Find the email about Introduction,email_search,Introduction,
Reply to this chat with let's sync after the meeting,dm_reply,let's sync after the meeting,
Send a reply saying the deploy is scheduled for tonight,dm_reply,the deploy is scheduled for tonight,
Summarise what we need to achieve in the meeting,ai_refine,summarise what we need to achieve in the meeting,key meeting objectives
"Underline ""for now""",underline,for now,
Flag the highest-value opportunities in the pipeline,ai_refine,flag the highest-value opportunities in the pipeline,pipeline deals
Delete this chat,dm_delete,,
Turn critical meeting objectives into clear talking points,ai_refine,turn into clear talking points,key meeting objectives
Remove this email,email_delete,,
make long time no see to italic,italic,long time no see,
Open my inbox,navigate_email,,
make artificial intelligence to underlined,underline,artificial intelligence,
Go to my inbox of messages,navigate_dm,,
Search for customer relationship management in my inbox,email_search,customer relationship management,
Summarise what we need to achieve in the meeting,ai_refine,summarise what we need to achieve in the meeting,key meeting objectives
Who won the game?,unknown,,
Delete the last sentence,prev_sentence_delete,,
Write a new email titled Q3 results,email_compose,Q3 results,
Reply with the server is back up,email_reply,the server is back up,
Delete the current email,email_delete,,
Apply underline to Q3 results,underline,Q3 results,
Open my inbox,navigate_email,,
Find the chat about Google,dm_search,Google,
Forward the current email,email_forward,,
Send this email on,email_forward,,
Type The project starts tomorrow.,add_text,The project starts tomorrow.,
Start a new email with the subject customer onboarding,email_compose,customer onboarding,
Remove the previous sentence,prev_sentence_delete,,
Send a message saying I'll be late today,dm_send,I'll be late today,
Make this section more concise and impactful for relationship concerns,ai_refine,make this section more concise and impactful,relationship sensitivities
Summarise the key points of recent client developments,ai_refine,summarise the key points,recent relationship developments
Show me chats about deep learning,dm_search,deep learning,
Look up chats about customer onboarding,dm_search,customer onboarding,
"Delete ""customer experience""",search_delete,customer experience,
What's on my calendar?,unknown,,
Apply underline to important information,underline,important information,
Search messages for Conclusion,dm_search,Conclusion,
Send this email on,email_forward,,
"Make ""how are you doing"" italic",italic,how are you doing,
Underline Please review this document.,underline,Please review this document.,
Remove this email,email_delete,,
Reply to this chat with let's sync after the meeting,dm_reply,let's sync after the meeting,
Remove the previous sentence,prev_sentence_delete,,
Highlight recent relationship developments for discussion points,ai_refine,highlight recent relationship developments,discussion points
Open my inbox,navigate_email,,
Delete this message,email_delete,,
Move this email to trash,email_delete,,
Delete this chat,dm_delete,,
set Q3 results to bolded,bold,Q3 results,
Make this section more concise and impactful for recent client developments,ai_refine,make this section more concise and impactful,recent relationship developments
Please remove financial report,search_delete,financial report,
Show me my emails,navigate_email,,
Rewrite latest relationship developments to be more concise,ai_refine,rewrite to be more concise,recent relationship developments
Forward it,email_forward,,
New email about contract renewal,email_compose,contract renewal,
Make meeting notes italic,italic,meeting notes,
Look up emails about deep learning,email_search,deep learning,
Please write Please review this document.,add_text,Please review this document.,
Highlight the most significant pipeline deals to discuss,ai_refine,highlight the most significant,pipeline deals
set that to bolded,bold,that,
Find emails about Google,email_search,Google,
Finish and send with the text the client call is confirmed,email_send,the client call is confirmed,
Open my messages,navigate_dm,,
Delete the current email,email_delete,,
Send this email on,email_forward,,
"Send this email, the body is can you review my PR",email_send,can you review my PR,
Set good night to italic,italic,good night,
Can you open email for me?,navigate_email,,
Take me to my inbox,navigate_email,,
Identify the most important points in topics to discuss,ai_refine,identify the most important points,discussion points
Remove this email,email_delete,,
make keep it up bold,bold,keep it up,
make at the end of it italic,italic,at the end of it,
Forward this email,email_forward,,
Find the chat about customer experience,dm_search,customer experience,
set hello world to underline,underline,hello world,
Highlight the most significant pipeline deals to discuss,ai_refine,highlight the most significant,pipeline deals
Remove this email,email_delete,,
Reply with the deploy is scheduled for tonight,dm_reply,the deploy is scheduled for tonight,
Can you open email for me?,navigate_email,,
Put Today is a beautiful day. into the document,add_text,Today is a beautiful day.,
Forward this email,email_forward,,
Send it,unknown,,
Reply to this message: standup moved to 10am,dm_reply,standup moved to 10am,
Bold let me know,bold,let me know,
make in place of that to italic,italic,in place of that,
Type and send the client call is confirmed,dm_send,the client call is confirmed,
Make see you soon italic,italic,see you soon,
Show me chats about financial report,dm_search,financial report,
Draft an email about the sprint review,email_compose,the sprint review,
make thanks so much into italic,italic,thanks so much,
Insert Please review this document.,add_text,Please review this document.,
Send the email: can you review my PR,email_send,can you review my PR,
Show me my chats,navigate_dm,,
Set the deadline is friday to underlined,underline,the deadline is friday,
Navigate to email,navigate_email,,
Please remove Apple,search_delete,Apple,
Send this email saying the report is ready,email_send,the report is ready,
Book a table for two,unknown,,
Remove the previous sentence,prev_sentence_delete,,
Summarise the key points of recent client relationship changes,ai_refine,summarise the key points,recent relationship developments
Open my email,navigate_email,,
What should we prioritise for the meeting,ai_refine,what should we prioritise for the meeting,key meeting objectives
Flag the highest-value opportunities in the pipeline,ai_refine,flag the highest-value opportunities in the pipeline,pipeline deals
Delete the current email,email_delete,,
Insert The quick brown fox jumps over the lazy dog.,add_text,The quick brown fox jumps over the lazy dog.,
Insert The project starts tomorrow.,add_text,The project starts tomorrow.,
Highlight the key items in discussion points,ai_refine,highlight the key items,discussion points
Send a reply saying I'll be late today,email_reply,I'll be late today,
set the server is down to bolded,bold,the server is down,
Delete this conversation,dm_delete,,
Reply to this message: can you review my PR,dm_reply,can you review my PR,
Reply to the email: standup moved to 10am,email_reply,standup moved to 10am,
Look up chats about customer relationship management,dm_search,customer relationship management,
make see you soon into italic,italic,see you soon,
Take me to my inbox,navigate_email,,
Please underline the deadline is friday,underline,the deadline is friday,
Apply underline to the bug is fixed,underline,the bug is fixed,
Send it,unknown,,
Remove the chat,dm_delete,,
make the security patch into underlined,underline,the security patch,
Go to my inbox of messages,navigate_dm,,
Set great job to bold,bold,great job,
Reply to this email saying I'll be late today,email_reply,I'll be late today,
Please remove Q3 results,search_delete,Q3 results,
Set thank you to italic,italic,thank you,
Delete this message,email_delete,,
Please make hello everyone bold,bold,hello everyone,
Find the chat about customer experience,dm_search,customer experience,
Insert Hello everyone,add_text,Hello everyone,
underline on top of it,underline,on top of it,
Move this email to trash,email_delete,,
Answer with please update the ticket,dm_reply,please update the ticket,
Reply to this message: the client call is confirmed,dm_reply,the client call is confirmed,
Search messages for customer onboarding,dm_search,customer onboarding,
Navigate to messages,navigate_dm,,
Send the email: the build is green,email_send,the build is green,
Artificial intelligence is changing the world.,add_text,Artificial intelligence is changing the world.,
Find the chat about annual report,dm_search,annual report,
make hello everyone into bold,bold,hello everyone,
Play some music,unknown,,
Send it and say the report is ready,email_send,the report is ready,
Summarise what we need to achieve in the meeting,ai_refine,summarise what we need to achieve in the meeting,key meeting objectives
Show me my chats,navigate_dm,,
Type Please review this document.,add_text,Please review this document.,
Forward this email,email_forward,,
"Make ""Google"" bold",bold,Google,
Turn the important items into discussion points,ai_refine,turn the important items into discussion points,discussion points
Delete this email,email_delete,,
Reply to this email saying the report is ready,email_reply,the report is ready,
Navigate to email,navigate_email,,
Forward it,email_forward,,
Post the message the client call is confirmed,dm_send,the client call is confirmed,
make in front of it to underlined,underline,in front of it,
Remove this message,dm_delete,,
Open the messenger,navigate_dm,,
Delete the current email,email_delete,,
Find the chat about Introduction,dm_search,Introduction,
Apply underline to Google,underline,Google,
Reply to the email: lunch at noon,email_reply,lunch at noon,
Open the chat page,navigate_dm,,
Open my email,navigate_email,,
Look up emails about deep learning,email_search,deep learning,
Delete the previous sentence,prev_sentence_delete,,
Highlight recent relationship developments,ai_refine,highlight recent relationship developments,recent relationship developments
Which pipeline deals should we prioritise,ai_refine,which pipeline deals should we prioritise,pipeline deals
Italicize deep learning,italic,deep learning,
Find emails about Q3 results,email_search,Q3 results,
Go to chat,navigate_dm,,
Send this email on,email_forward,,
Underline thanks so much,underline,thanks so much,
Delete this message,email_delete,,
Navigate to email,navigate_email,,
Write the client call is confirmed,dm_send,the client call is confirmed,
Play some music,unknown,,
Switch to email,navigate_email,,
Bold in front of it,bold,in front of it,
What should we prioritise for the meeting,ai_refine,what should we prioritise for the meeting,key meeting objectives
make well done into bold,bold,well done,
Underline machine learning,underline,machine learning,
set we shipped the release to underline,underline,we shipped the release,
Send a chat message: let's sync after the meeting,dm_send,let's sync after the meeting,
Delete it,unknown,,
Rewrite critical meeting objectives to be more concise,ai_refine,rewrite to be more concise,key meeting objectives
Forward this email,email_forward,,
Send it,unknown,,
Underline instead of it,underline,instead of it,
Insert Quarterly earnings are up 10%.,add_text,Quarterly earnings are up 10%.,
Search my chats for machine learning,dm_search,machine learning,
Reply with the build is green,dm_reply,the build is green,
Draft an email about the security update,email_compose,the security update,
Can you open email for me?,navigate_email,,
Make Today is a beautiful day. bold,bold,Today is a beautiful day.,
Begin a new email regarding budget approval,email_compose,budget approval,
Italicize in the middle of it,italic,in the middle of it,
make Artificial intelligence is changing the world. italic,italic,Artificial intelligence is changing the world.,
Move this email to trash,email_delete,,
Forward this message,email_forward,,
Delete the previous sentence,prev_sentence_delete,,
Switch to email,navigate_email,,
Switch to email,navigate_email,,
Today is a beautiful day.,add_text,Today is a beautiful day.,
underline financial report,underline,financial report,
Summarise what we need to achieve in the meeting,ai_refine,summarise what we need to achieve in the meeting,key meeting objectives
Please make customer experience bold,bold,customer experience,
make good afternoon to bold,bold,good afternoon,
Set the API key to bold,bold,the API key,
Write a new email titled the sprint review,email_compose,the sprint review,
Trash this chat,dm_delete,,
Forward the current email,email_forward,,
What relationship risks should I flag,ai_refine,what relationship risks should I flag,relationship sensitivities
Delete this message,email_delete,,
Delete the current email,email_delete,,
Turn high-value pipeline opportunities into clear talking points,ai_refine,turn into clear talking points,pipeline deals
Draft an email about the annual report,email_compose,the annual report,
Search for customer relationship management in my inbox,email_search,customer relationship management,
What relationship risks should I flag,ai_refine,what relationship risks should I flag,relationship sensitivities
Set welcome aboard to italic,italic,welcome aboard,
Make good afternoon italic,italic,good afternoon,
Delete this thread,dm_delete,,
Post the message we hit the quarterly target,dm_send,we hit the quarterly target,
Highlight the key items in recent relationship developments,ai_refine,highlight the key items,recent relationship developments
Reply to the email: lunch at noon,email_reply,lunch at noon,
Delete the current conversation,dm_delete,,
Delete the previous sentence,prev_sentence_delete,,
Remove the chat,dm_delete,,
"Make ""how are you doing"" italic",italic,how are you doing,
New email about the sprint review,email_compose,the sprint review,
underline this is urgent,underline,this is urgent,
Underline Apple,underline,Apple,
Show me emails about Q3 results,email_search,Q3 results,
Highlight the most significant pipeline deals to discuss,ai_refine,highlight the most significant,pipeline deals
Make we shipped the release italic,italic,we shipped the release,
Navigate to messages,navigate_dm,,
Message saying the report is ready,dm_send,the report is ready,
Go to chat,navigate_dm,,
Write an email about the annual report,email_compose,the annual report,
Make project plan bold,bold,project plan,
Go to email,navigate_email,,
make artificial intelligence to underlined,underline,artificial intelligence,
Set the customer list to bold,bold,the customer list,
Send this email on,email_forward,,
Delete the phrase deep learning,search_delete,deep learning,
What should we prioritise for the meeting,ai_refine,what should we prioritise for the meeting,key meeting objectives
"Send this email, the body is lunch at noon",email_send,lunch at noon,
Delete this chat,dm_delete,,
Write a new email titled contract renewal,email_compose,contract renewal,
Reply saying the deploy is scheduled for tonight,dm_reply,the deploy is scheduled for tonight,
Make the client is happy bold,bold,the client is happy,
underline the deadline is friday,underline,the deadline is friday,
Search my DMs for Q3 results,dm_search,Q3 results,
Look up chats about machine learning,dm_search,machine learning,
Please make Microsoft bold,bold,Microsoft,
Forward the current email,email_forward,,
Delete the current email,email_delete,,
Please make the deploy is ready bold,bold,the deploy is ready,
Send a reply saying we hit the quarterly target,email_reply,we hit the quarterly target,
Compose an email about Q3 results,email_compose,Q3 results,
make the ticket is closed into underlined,underline,the ticket is closed,
Remove this email,email_delete,,
Reply to the email: the server is back up,email_reply,the server is back up,
Bold Welcome to the meeting,bold,Welcome to the meeting,
Send a reply saying the client call is confirmed,email_reply,the client call is confirmed,
Delete the last sentence,prev_sentence_delete,,
Open my inbox,navigate_email,,
Schedule a meeting,unknown,,
make in place of this to bold,bold,in place of this,
Remove this email,email_delete,,
make for now into italic,italic,for now,
Delete meeting notes,search_delete,meeting notes,
make Q3 results into underlined,underline,Q3 results,
make in the meantime to bold,bold,in the meantime,
Send a chat message: the server is back up,dm_send,the server is back up,
Forward this email to someone,email_forward,,
Make key discussion points more concise and impactful,ai_refine,make more concise and impactful,discussion points
underline Q3 results,underline,Q3 results,
make customer experience italic,italic,customer experience,
Delete this message,email_delete,,
make thanks so much into italic,italic,thanks so much,
Strengthen priority meeting objectives with clearer wording,ai_refine,strengthen with clearer wording,key meeting objectives
Open the chat page,navigate_dm,,
Look up emails about Conclusion,email_search,Conclusion,
Make new relationship developments more concise and impactful,ai_refine,make more concise and impactful,recent relationship developments
Highlight recent relationship developments,ai_refine,highlight recent relationship developments,recent relationship developments
Please remove Amazon,search_delete,Amazon,
Search messages for important information,dm_search,important information,
Delete Introduction,search_delete,Introduction,
Who won the game?,unknown,,
What are the main points we should discuss,ai_refine,what are the main points we should discuss,discussion points
make the meeting is at noon into bold,bold,the meeting is at noon,
New email about meeting notes,email_compose,meeting notes,
Post the message the report is ready,dm_send,the report is ready,
Trash this chat,dm_delete,,
What's on my calendar?,unknown,,
Go to email,navigate_email,,
Highlight the most significant pipeline deals to discuss,ai_refine,highlight the most significant,pipeline deals
Send a message saying the deploy is scheduled for tonight,dm_send,the deploy is scheduled for tonight,
Set customer experience to underlined,underline,customer experience,
Book a table for two,unknown,,
Make critical meeting objectives more concise and impactful,ai_refine,make more concise and impactful,key meeting objectives
Apply underline to the server is down,underline,the server is down,
Reply to the email: I'll be late today,email_reply,I'll be late today,
Search my inbox for customer relationship management,email_search,customer relationship management,
Forward this email,email_forward,,
Forward this message,email_forward,,
Set instead of it to underlined,underline,instead of it,
Forward this email,email_forward,,
Remove this message,dm_delete,,
Flag any unresolved client concerns,ai_refine,flag any unresolved client concerns,relationship sensitivities
Navigate to email,navigate_email,,
Take me to my DMs,navigate_dm,,
Can you open chat for me?,navigate_dm,,
Summarise the key points of recent relationship developments,ai_refine,summarise the key points,recent relationship developments
Please make hello world bold,bold,hello world,
Start a new email with the subject the annual report,email_compose,the annual report,
make in place of this to bold,bold,in place of this,
Make Quarterly earnings are up 10%. bold,bold,Quarterly earnings are up 10%.,
Set how's it going to italic,italic,how's it going,
set these to underline,underline,these,
Trash this email,email_delete,,
Reply to this email: I'll be late today,email_reply,I'll be late today,
Send the email with the message can you review my PR,email_send,can you review my PR,
Highlight the most significant pipeline deals to discuss,ai_refine,highlight the most significant,pipeline deals
Make this section more concise and impactful for client relationship risks,ai_refine,make this section more concise and impactful,relationship sensitivities
set the ticket is closed to italicized,italic,the ticket is closed,
Apply underline to long time no see,underline,long time no see,
List any pending issues or complaints from this client,ai_refine,list any pending issues or complaints from this client,relationship sensitivities
Write an email about meeting notes,email_compose,meeting notes,
Look up chats about annual report,dm_search,annual report,
Answer this email with the report is ready,email_reply,the report is ready,
Send it and say the deploy is scheduled for tonight,email_send,the deploy is scheduled for tonight,
Remove this message,dm_delete,,
set how's it going to underline,underline,how's it going,
Send this message: the client call is confirmed,dm_send,the client call is confirmed,
Respond to this email with standup moved to 10am,email_reply,standup moved to 10am,
Delete the previous sentence,prev_sentence_delete,,
Apply underline to have a nice day,underline,have a nice day,
Search my email for customer experience,email_search,customer experience,
Bold the build is green,bold,the build is green,
Draft an email about the annual report,email_compose,the annual report,
Forward it,email_forward,,
Answer with we hit the quarterly target,dm_reply,we hit the quarterly target,
Erase Amazon,search_delete,Amazon,
Compose an email about the annual report,email_compose,the annual report,
Summarise the key points of main meeting objectives,ai_refine,summarise the key points,key meeting objectives
"Make ""good afternoon"" bold",bold,good afternoon,
New email about customer onboarding,email_compose,customer onboarding,
Go to my inbox of messages,navigate_dm,,
Move this email to trash,email_delete,,
Delete the current email,email_delete,,
Move this email to trash,email_delete,,
Send the deploy is scheduled for tonight,dm_send,the deploy is scheduled for tonight,
Turn the important items into discussion points,ai_refine,turn the important items into discussion points,discussion points
Artificial intelligence is changing the world.,add_text,Artificial intelligence is changing the world.,
Rewrite meeting objectives to be more concise,ai_refine,rewrite to be more concise,key meeting objectives
Search my inbox for Apple,email_search,Apple,
Please make Artificial intelligence is changing the world. bold,bold,Artificial intelligence is changing the world.,
Delete the phrase Conclusion,search_delete,Conclusion,
Set Customer onboarding is complete. to underlined,underline,Customer onboarding is complete.,
Throw this email away,email_delete,,
Make nice to meet you italic,italic,nice to meet you,
Bold instead of it,bold,instead of it,
"Delete ""Apple""",search_delete,Apple,
Go to my inbox of messages,navigate_dm,,
Identify the most important points in priority meeting objectives,ai_refine,identify the most important points,key meeting objectives
Answer this email with we hit the quarterly target,email_reply,we hit the quarterly target,
Begin a new email regarding the annual report,email_compose,the annual report,
"Delete ""Conclusion""",search_delete,Conclusion,
Say the deploy is scheduled for tonight,dm_send,the deploy is scheduled for tonight,
Set as well as it to italic,italic,as well as it,
Italicize well done,italic,well done,
What is the weather today?,unknown,,
Send the email with the message the report is ready,email_send,the report is ready,
Set what's up to bold,bold,what's up,
Highlight recent relationship developments,ai_refine,highlight recent relationship developments,recent relationship developments
Flag the main risks in most significant pipeline deals,ai_refine,flag the main risks,pipeline deals
Find the chat about project plan,dm_search,project plan,
Go to email,navigate_email,,
What are the key relationship risks to flag,ai_refine,what are the key relationship risks to flag,relationship sensitivities
What's on my calendar?,unknown,,
Add more detail and supporting context to topics to discuss,ai_refine,add more detail and supporting context,discussion points
Highlight the key items in topics to discuss,ai_refine,highlight the key items,discussion points
"Make ""as well as it"" italic",italic,as well as it,
Play some music,unknown,,
List any pending issues or complaints from this client,ai_refine,list any pending issues or complaints from this client,relationship sensitivities
make thank you into italic,italic,thank you,
Which pipeline deals should we prioritise,ai_refine,which pipeline deals should we prioritise,pipeline deals
Delete the previous sentence,prev_sentence_delete,,
Search messages for financial report,dm_search,financial report,
Delete this email,email_delete,,
Send lunch at noon,dm_send,lunch at noon,
Look up emails about project plan,email_search,project plan,
make the API key to underlined,underline,the API key,
Find the email about deep learning,email_search,deep learning,
Delete this conversation,dm_delete,,
Look up emails about meeting notes,email_search,meeting notes,
Write a new email titled the sprint review,email_compose,the sprint review,
Trash this chat,dm_delete,,
Send this email on,email_forward,,
Go to email,navigate_email,,
Flag the main risks in key meeting objectives,ai_refine,flag the main risks,key meeting objectives
set the security patch to italicized,italic,the security patch,
Compose an email about meeting notes,email_compose,meeting notes,
Reply to this message: the server is back up,dm_reply,the server is back up,
"Make ""instead of this"" italic",italic,instead of this,
Erase Google,search_delete,Google,
Forward this email to someone,email_forward,,
Highlight recent relationship developments,ai_refine,highlight recent relationship developments,recent relationship developments
Please make Good morning everyone italic,italic,Good morning everyone,
Say can you review my PR,dm_send,can you review my PR,
Remove the chat,dm_delete,,
Delete it,unknown,,
set the launch date to underline,underline,the launch date,
Set the meeting is at noon to underlined,underline,the meeting is at noon,
Please write Welcome to the meeting,add_text,Welcome to the meeting,
Send this email saying let's sync after the meeting,email_send,let's sync after the meeting,
What time is it?,unknown,,
set the launch date to italicized,italic,the launch date,
Can you open email for me?,navigate_email,,
Look up chats about customer relationship management,dm_search,customer relationship management,
Underline it,underline,it,
Forward this message,email_forward,,
New email about meeting notes,email_compose,meeting notes,
Message saying I'll be late today,dm_send,I'll be late today,
Which pipeline deals should we prioritise,ai_refine,which pipeline deals should we prioritise,pipeline deals
"Make ""deep learning"" bold",bold,deep learning,
make Artificial intelligence is changing the world. into underlined,underline,Artificial intelligence is changing the world.,
Can you open email for me?,navigate_email,,
Please make our new policy bold,bold,our new policy,
Delete the last sentence,prev_sentence_delete,,
Flag the main risks in recent client developments,ai_refine,flag the main risks,recent relationship developments
What time is it?,unknown,,
Make welcome aboard bold,bold,welcome aboard,
Reply with let's sync after the meeting,dm_reply,let's sync after the meeting,
Set annual report to underlined,underline,annual report,
Mark everything as read,unknown,,
Open the chat page,navigate_dm,,
Delete the phrase Apple,search_delete,Apple,
Send the email with the message please update the ticket,email_send,please update the ticket,
Send this email saying standup moved to 10am,email_send,standup moved to 10am,
Please underline the quarterly review,underline,the quarterly review,
Summarise what we need to achieve in the meeting,ai_refine,summarise what we need to achieve in the meeting,key meeting objectives
Remove the previous sentence,prev_sentence_delete,,
Please make next steps bold,bold,next steps,
Delete this email,email_delete,,
Forward this email to someone,email_forward,,
Bold the roadmap,bold,the roadmap,
"Underline ""the build is green""",underline,the build is green,
Show me my chats,navigate_dm,,
Delete the previous sentence,prev_sentence_delete,,
Show me chats about Apple,dm_search,Apple,
Delete this conversation,dm_delete,,
Delete it,unknown,,
Highlight the key items in recent client developments,ai_refine,highlight the key items,recent relationship developments
Underline it,underline,it,
Open the chat page,navigate_dm,,
Reply with the build is green,email_reply,the build is green,
Write lunch at noon,dm_send,lunch at noon,
Send this message: please update the ticket,dm_send,please update the ticket,
Delete the phrase annual report,search_delete,annual report,
make see you tomorrow into underlined,underline,see you tomorrow,
Remove the previous sentence,prev_sentence_delete,,
Respond to this email with the deploy is scheduled for tonight,email_reply,the deploy is scheduled for tonight,
Compose an email with the subject roadmap planning,email_compose,roadmap planning,
Erase customer experience,search_delete,customer experience,
Please make Customer onboarding is complete. bold,bold,Customer onboarding is complete.,
Reply saying the server is back up,dm_reply,the server is back up,
Delete customer experience,search_delete,customer experience,
Erase machine learning,search_delete,machine learning,
Set meeting notes to bold,bold,meeting notes,
Send the deploy is scheduled for tonight,dm_send,the deploy is scheduled for tonight,
Please remove artificial intelligence,search_delete,artificial intelligence,
Search messages for Apple,dm_search,Apple,
Reply to this email: I'll be late today,email_reply,I'll be late today,
Forward this email,email_forward,,
Make in place of this bold,bold,in place of this,
Rewrite relationship concerns to be more concise,ai_refine,rewrite to be more concise,relationship sensitivities
Bold well done,bold,well done,
Underline Conclusion,underline,Conclusion,
Show me chats about customer onboarding,dm_search,customer onboarding,
Remove this message,dm_delete,,
Send the email: the report is ready,email_send,the report is ready,
Delete the phrase artificial intelligence,search_delete,artificial intelligence,
Forward it,email_forward,,
Turn points for discussion into clear talking points,ai_refine,turn into clear talking points,discussion points
Find the email about artificial intelligence,email_search,artificial intelligence,
make Machine learning is useful. bold,bold,Machine learning is useful.,
Send the deploy is scheduled for tonight,dm_send,the deploy is scheduled for tonight,
Delete the previous sentence,prev_sentence_delete,,
Please underline how are you doing,underline,how are you doing,
Delete the current conversation,dm_delete,,
make the server is down to underlined,underline,the server is down,
Turn priority pipeline deals into clear talking points,ai_refine,turn into clear talking points,pipeline deals
set in other words to italicized,italic,in other words,
Take me to my inbox,navigate_email,,
Open the messenger,navigate_dm,,
Compose an email about the annual report,email_compose,the annual report,
"Delete ""annual report""",search_delete,annual report,
Navigate to email,navigate_email,,
Open the chat page,navigate_dm,,
Answer this email with the build is green,email_reply,the build is green,
Tell me a joke,unknown,,
Compose an email about customer onboarding,email_compose,customer onboarding,
Say we hit the quarterly target,dm_send,we hit the quarterly target,
Turn the important items into discussion points,ai_refine,turn the important items into discussion points,discussion points
Underline The quick brown fox jumps over the lazy dog.,underline,The quick brown fox jumps over the lazy dog.,
Highlight the most significant pipeline deals to discuss,ai_refine,highlight the most significant,pipeline deals
make financial report italic,italic,financial report,
Delete the phrase Introduction,search_delete,Introduction,
Throw this email away,email_delete,,
Delete this message,email_delete,,
Italicize how's it going,italic,how's it going,
Insert Please review this document.,add_text,Please review this document.,
Answer this email with the deploy is scheduled for tonight,email_reply,the deploy is scheduled for tonight,
Delete customer experience,search_delete,customer experience,
Open my messages,navigate_dm,,
make the onboarding flow into italic,italic,the onboarding flow,
Please make thank you italic,italic,thank you,
Insert Welcome to the meeting,add_text,Welcome to the meeting,
Search my inbox for Introduction,email_search,Introduction,
Please remove meeting notes,search_delete,meeting notes,
Highlight recent relationship developments,ai_refine,highlight recent relationship developments,recent relationship developments
make Q3 results to italic,italic,Q3 results,
Please underline the quarterly review,underline,the quarterly review,
Open the chat page,navigate_dm,,
Open the chat page,navigate_dm,,
Remove this message,dm_delete,,
Delete this message,email_delete,,
Find the chat about financial report,dm_search,financial report,
Start a new email with the subject contract renewal,email_compose,contract renewal,
Respond to this email with the build is green,email_reply,the build is green,
Add Welcome to the meeting,add_text,Welcome to the meeting,
Trash this email,email_delete,,
Show me my chats,navigate_dm,,
Who won the game?,unknown,,
Delete the phrase important information,search_delete,important information,
Switch to messages,navigate_dm,,
Tell me a joke,unknown,,
Italicize Hello everyone,italic,Hello everyone,
Make see you soon bold,bold,see you soon,
Book a table for two,unknown,,
Write a new email titled meeting notes,email_compose,meeting notes,
make in place of that into bold,bold,in place of that,
Reply to this email saying please update the ticket,email_reply,please update the ticket,
What are the key relationship risks to flag,ai_refine,what are the key relationship risks to flag,relationship sensitivities
make instead of this into underlined,underline,instead of this,
Please make the meeting is at noon italic,italic,the meeting is at noon,
Please remove Microsoft,search_delete,Microsoft,
Send this email on,email_forward,,
Send the email saying let's sync after the meeting,email_send,let's sync after the meeting,
Throw this email away,email_delete,,
Delete the phrase deep learning,search_delete,deep learning,
Send this email saying I'll be late today,email_send,I'll be late today,
Open my inbox,navigate_email,,
Answer with standup moved to 10am,dm_reply,standup moved to 10am,
Delete this message,email_delete,,
make the launch date into bold,bold,the launch date,
List any pending issues or complaints from this client,ai_refine,list any pending issues or complaints from this client,relationship sensitivities
Find the email about important information,email_search,important information,
Insert The quick brown fox jumps over the lazy dog.,add_text,The quick brown fox jumps over the lazy dog.,
Forward it,email_forward,,
Show me emails about Introduction,email_search,Introduction,
Write an email about budget approval,email_compose,budget approval,
Can you open email for me?,navigate_email,,
Make client relationship risks more concise and impactful,ai_refine,make more concise and impactful,relationship sensitivities
"Underline ""good afternoon""",underline,good afternoon,
Send this email on,email_forward,,
Trash this chat,dm_delete,,
Forward this email,email_forward,,
Turn recent client developments into clear talking points,ai_refine,turn into clear talking points,recent relationship developments
Trash this email,email_delete,,
Which pipeline deals should we prioritise,ai_refine,which pipeline deals should we prioritise,pipeline deals
Italicize this is urgent,italic,this is urgent,
Message saying we hit the quarterly target,dm_send,we hit the quarterly target,
Navigate to email,navigate_email,,
Mark everything as read,unknown,,
Send a message saying the deploy is scheduled for tonight,dm_send,the deploy is scheduled for tonight,
Please make important information bold,bold,important information,
Remove this message,dm_delete,,
Bold those,bold,those,
Throw this email away,email_delete,,
Bold Conclusion,bold,Conclusion,
Message saying I'll be late today,dm_send,I'll be late today,
Send this email saying let's sync after the meeting,email_send,let's sync after the meeting,
Please make in other words bold,bold,in other words,
Send this email saying can you review my PR,email_send,can you review my PR,
make Introduction into italic,italic,Introduction,
Compose an email with the subject budget approval,email_compose,budget approval,
Rewrite client relationship risks to be more concise,ai_refine,rewrite to be more concise,relationship sensitivities
Answer this email with standup moved to 10am,email_reply,standup moved to 10am,
New email about the security update,email_compose,the security update,
Take me to my DMs,navigate_dm,,
Book a table for two,unknown,,
set the launch date to bolded,bold,the launch date,
Remove the previous sentence,prev_sentence_delete,,
Open the chat page,navigate_dm,,
Bold in the middle of it,bold,in the middle of it,
Say we hit the quarterly target,dm_send,we hit the quarterly target,
Add more detail and supporting context to recent client developments,ai_refine,add more detail and supporting context,recent relationship developments
Remove the previous sentence,prev_sentence_delete,,
Open my messages,navigate_dm,,
Delete this email,email_delete,,
Respond with the build is green,dm_reply,the build is green,
Reply with please update the ticket,dm_reply,please update the ticket,
Send the email saying the build is green,email_send,the build is green,
Open the email page,navigate_email,,
Go to email,navigate_email,,
Search my chats for deep learning,dm_search,deep learning,
Which pipeline deals should we prioritise,ai_refine,which pipeline deals should we prioritise,pipeline deals
Answer with the client call is confirmed,dm_reply,the client call is confirmed,
Look up emails about Introduction,email_search,Introduction,
Forward this email,email_forward,,
Search my inbox for Apple,email_search,Apple,
Send a reply saying standup moved to 10am,email_reply,standup moved to 10am,
Search for financial report in my inbox,email_search,financial report,
Summarise what we need to achieve in the meeting,ai_refine,summarise what we need to achieve in the meeting,key meeting objectives
Find conversations about project plan,dm_search,project plan,
Find the email about annual report,email_search,annual report,
Flag any unresolved client concerns,ai_refine,flag any unresolved client concerns,relationship sensitivities
make annual report into underlined,underline,annual report,
Rewrite critical meeting objectives to be more concise,ai_refine,rewrite to be more concise,key meeting objectives
Start a new email with the subject Q3 results,email_compose,Q3 results,
Forward this email,email_forward,,
Delete it,unknown,,
Search my inbox for annual report,email_search,annual report,
Please make what's up italic,italic,what's up,
What are the key relationship risks to flag,ai_refine,what are the key relationship risks to flag,relationship sensitivities
Set the security patch to bold,bold,the security patch,
Trash this email,email_delete,,
make Hello everyone to italic,italic,Hello everyone,
Put Please review this document. into the document,add_text,Please review this document.,
set good evening to bolded,bold,good evening,
Post the message can you review my PR,dm_send,can you review my PR,
What relationship risks should I flag,ai_refine,what relationship risks should I flag,relationship sensitivities
Who won the game?,unknown,,
Send this email on,email_forward,,
Open my messages,navigate_dm,,
Send the email saying standup moved to 10am,email_send,standup moved to 10am,
Search my chats for Microsoft,dm_search,Microsoft,
Forward it,email_forward,,
Set important information to bold,bold,important information,
Delete this email,email_delete,,
Respond with can you review my PR,dm_reply,can you review my PR,
Reply to this message: lunch at noon,dm_reply,lunch at noon,
Can you open chat for me?,navigate_dm,,
Delete this thread,dm_delete,,
make how was your day italic,italic,how was your day,
set nice to meet you to italicized,italic,nice to meet you,
Write The project starts tomorrow.,add_text,The project starts tomorrow.,
Insert Today is a beautiful day.,add_text,Today is a beautiful day.,
Search my inbox for important information,email_search,important information,
Please remove machine learning,search_delete,machine learning,
Set the bug is fixed to underlined,underline,the bug is fixed,
set project plan to bolded,bold,project plan,
"Make ""this"" bold",bold,this,
Rewrite new relationship developments to be more concise,ai_refine,rewrite to be more concise,recent relationship developments
Delete this conversation,dm_delete,,
Bold on top of it,bold,on top of it,
Delete the previous sentence,prev_sentence_delete,,
Show me emails about artificial intelligence,email_search,artificial intelligence,
"Make ""at the end of it"" bold",bold,at the end of it,
Look up chats about Q3 results,dm_search,Q3 results,
Answer with please update the ticket,dm_reply,please update the ticket,
Send the email with the message lunch at noon,email_send,lunch at noon,
Make in the middle of it italic,italic,in the middle of it,
Set Today is a beautiful day. to underlined,underline,Today is a beautiful day.,
Highlight recent relationship developments for discussion points,ai_refine,highlight recent relationship developments,discussion points
Respond to this email with the server is back up,email_reply,the server is back up,
Open my email,navigate_email,,
Switch to messages,navigate_dm,,
"Make ""them"" bold",bold,them,
Send this email on,email_forward,,
Flag any unresolved client concerns,ai_refine,flag any unresolved client concerns,relationship sensitivities
"Delete ""machine learning""",search_delete,machine learning,
Post the message lunch at noon,dm_send,lunch at noon,
Navigate to messages,navigate_dm,,
set keep it up to underline,underline,keep it up,
Strengthen main meeting objectives with clearer wording,ai_refine,strengthen with clearer wording,key meeting objectives
Send the email with the message the deploy is scheduled for tonight,email_send,the deploy is scheduled for tonight,
Compose an email about Q3 results,email_compose,Q3 results,
Navigate to email,navigate_email,,
Go to chat,navigate_dm,,
What are the main points we should discuss,ai_refine,what are the main points we should discuss,discussion points
Remove this email,email_delete,,
